{"url": "https://www.cs.uci.edu/news/page/2/", "content": "<!DOCTYPE html>\n<html lang=\"en-US\">\n<head >\n<meta charset=\"UTF-8\" />\n<title>News</title><meta name=\"description\" content=\"View the latest news from UC Irvine&#039;s Department of Computer Science, including faculty research highlights and alumni success stories.\" />\n\t\t<meta name=\"robots\" content=\"noodp,noydir\" />\n\t\t<meta name=\"viewport\" content=\"width=device-width, initial-scale=1\" />\n\n\t\t<style type=\"text/css\">\n\t\t\t.slide-excerpt { width: 50%; }\n\t\t\t.slide-excerpt { bottom: 0; }\n\t\t\t.slide-excerpt { left: 0; }\n\t\t\t.flexslider { max-width: 1180px; max-height: 340px; }\n\t\t\t.slide-image { max-height: 340px; }\n\t\t</style>\n\t\t<style type=\"text/css\">\n\t\t\t@media only screen\n\t\t\tand (min-device-width : 320px)\n\t\t\tand (max-device-width : 480px) {\n\t\t\t\t.slide-excerpt { display: none !important; }\n\t\t\t}\n\t\t</style> <link rel='dns-prefetch' href='//fonts.googleapis.com' />\n<link rel='dns-prefetch' href='//s.w.org' />\n<link rel=\"alternate\" type=\"application/rss+xml\" title=\"Department of Computer Science - Donald Bren School of Information &amp; Computer Sciences &raquo; Feed\" href=\"https://www.cs.uci.edu/feed/\" />\n<link rel=\"alternate\" type=\"application/rss+xml\" title=\"Department of Computer Science - Donald Bren School of Information &amp; Computer Sciences &raquo; Comments Feed\" href=\"https://www.cs.uci.edu/comments/feed/\" />\n<link rel=\"alternate\" type=\"text/calendar\" title=\"Department of Computer Science - Donald Bren School of Information &amp; Computer Sciences &raquo; iCal Feed\" href=\"https://www.cs.uci.edu/events/?ical=1\" />\n\t\t<script type=\"text/javascript\">\n\t\t\twindow._wpemojiSettings = {\"baseUrl\":\"https:\\/\\/s.w.org\\/images\\/core\\/emoji\\/12.0.0-1\\/72x72\\/\",\"ext\":\".png\",\"svgUrl\":\"https:\\/\\/s.w.org\\/images\\/core\\/emoji\\/12.0.0-1\\/svg\\/\",\"svgExt\":\".svg\",\"source\":{\"concatemoji\":\"https:\\/\\/www.cs.uci.edu\\/wp-includes\\/js\\/wp-emoji-release.min.js?ver=5.2.3\"}};\n\t\t\t!function(a,b,c){function d(a,b){var c=String.fromCharCode;l.clearRect(0,0,k.width,k.height),l.fillText(c.apply(this,a),0,0);var d=k.toDataURL();l.clearRect(0,0,k.width,k.height),l.fillText(c.apply(this,b),0,0);var e=k.toDataURL();return d===e}function e(a){var b;if(!l||!l.fillText)return!1;switch(l.textBaseline=\"top\",l.font=\"600 32px Arial\",a){case\"flag\":return!(b=d([55356,56826,55356,56819],[55356,56826,8203,55356,56819]))&&(b=d([55356,57332,56128,56423,56128,56418,56128,56421,56128,56430,56128,56423,56128,56447],[55356,57332,8203,56128,56423,8203,56128,56418,8203,56128,56421,8203,56128,56430,8203,56128,56423,8203,56128,56447]),!b);case\"emoji\":return b=d([55357,56424,55356,57342,8205,55358,56605,8205,55357,56424,55356,57340],[55357,56424,55356,57342,8203,55358,56605,8203,55357,56424,55356,57340]),!b}return!1}function f(a){var c=b.createElement(\"script\");c.src=a,c.defer=c.type=\"text/javascript\",b.getElementsByTagName(\"head\")[0].appendChild(c)}var g,h,i,j,k=b.createElement(\"canvas\"),l=k.getContext&&k.getContext(\"2d\");for(j=Array(\"flag\",\"emoji\"),c.supports={everything:!0,everythingExceptFlag:!0},i=0;i<j.length;i++)c.supports[j[i]]=e(j[i]),c.supports.everything=c.supports.everything&&c.supports[j[i]],\"flag\"!==j[i]&&(c.supports.everythingExceptFlag=c.supports.everythingExceptFlag&&c.supports[j[i]]);c.supports.everythingExceptFlag=c.supports.everythingExceptFlag&&!c.supports.flag,c.DOMReady=!1,c.readyCallback=function(){c.DOMReady=!0},c.supports.everything||(h=function(){c.readyCallback()},b.addEventListener?(b.addEventListener(\"DOMContentLoaded\",h,!1),a.addEventListener(\"load\",h,!1)):(a.attachEvent(\"onload\",h),b.attachEvent(\"onreadystatechange\",function(){\"complete\"===b.readyState&&c.readyCallback()})),g=c.source||{},g.concatemoji?f(g.concatemoji):g.wpemoji&&g.twemoji&&(f(g.twemoji),f(g.wpemoji)))}(window,document,window._wpemojiSettings);\n\t\t</script>\n\t\t<style type=\"text/css\">\nimg.wp-smiley,\nimg.emoji {\n\tdisplay: inline !important;\n\tborder: none !important;\n\tbox-shadow: none !important;\n\theight: 1em !important;\n\twidth: 1em !important;\n\tmargin: 0 .07em !important;\n\tvertical-align: -0.1em !important;\n\tbackground: none !important;\n\tpadding: 0 !important;\n}\n</style>\n\t<link rel='stylesheet' id='genesis-sample-theme-css'  href='https://www.cs.uci.edu/wp-content/cs/themes/genesis-cs-retry/style.css?ver=2.1.2' type='text/css' media='all' />\n<link rel='stylesheet' id='wp-block-library-css'  href='https://www.cs.uci.edu/wp-includes/css/dist/block-library/style.min.css?ver=5.2.3' type='text/css' media='all' />\n<link rel='stylesheet' id='feedzy-rss-feeds-css'  href='https://www.cs.uci.edu/wp-content/cs/plugins/feedzy-rss-feeds/css/feedzy-rss-feeds.css?ver=3.3.2' type='text/css' media='all' />\n<link rel='stylesheet' id='collapseomatic-css-css'  href='https://www.cs.uci.edu/wp-content/cs/plugins/jquery-collapse-o-matic/light_style.css?ver=1.6' type='text/css' media='all' />\n<link rel='stylesheet' id='google-fonts-css'  href='//fonts.googleapis.com/css?family=Lato%3A300%2C400%2C700&#038;ver=2.1.2' type='text/css' media='all' />\n<link rel='stylesheet' id='slider_styles-css'  href='https://www.cs.uci.edu/wp-content/cs/plugins/genesis-responsive-slider/style.css?ver=0.9.5' type='text/css' media='all' />\n<script type='text/javascript' src='https://www.cs.uci.edu/wp-includes/js/jquery/jquery.js?ver=1.12.4-wp'></script>\n<script type='text/javascript' src='https://www.cs.uci.edu/wp-includes/js/jquery/jquery-migrate.min.js?ver=1.4.1'></script>\n<!--[if lt IE 9]>\n<script type='text/javascript' src='https://www.cs.uci.edu/wp-content/cs/themes/genesis/lib/js/html5shiv.min.js?ver=3.7.3'></script>\n<![endif]-->\n<script type='text/javascript' src='https://www.cs.uci.edu/wp-content/cs/themes/genesis-cs-retry/js/jquery.collapse.js?ver=5.2.3'></script>\n<link rel='https://api.w.org/' href='https://www.cs.uci.edu/wp-json/' />\n<link rel=\"EditURI\" type=\"application/rsd+xml\" title=\"RSD\" href=\"https://www.cs.uci.edu/xmlrpc.php?rsd\" />\n<meta name=\"tec-api-version\" content=\"v1\"><meta name=\"tec-api-origin\" content=\"https://www.cs.uci.edu\"><link rel=\"https://theeventscalendar.com/\" href=\"https://www.cs.uci.edu/wp-json/tribe/events/v1/\" /><link rel=\"icon\" href=\"https://www.cs.uci.edu/wp-content/cs/themes/genesis-cs-retry/images/favicon.ico\" />\n<link rel=\"pingback\" href=\"https://www.cs.uci.edu/xmlrpc.php\" />\n<link rel=\"prev\" href=\"https://www.cs.uci.edu/news/\" />\n<link rel=\"next\" href=\"https://www.cs.uci.edu/news/page/3/\" />\n\t\t<style type=\"text/css\" id=\"wp-custom-css\">\n\t\t\t.job-ops .name{\n\twidth:53% !important;\n\tfont-size:.95em !important;\n\tline-height:1.5em !important;\n}\n.job-ops .job-number{\n\twidth:23% !important;\n\tfont-size:.75em !important;\n}\n.job-ops .submission-dates{\n\twidth:53% !important;\n\tfont-size:.95em !important;\n\tline-height:1.5em !important;\n}\n\n.people_table img{\n\twidth:150px;\n}\n\n.apply-now-btn{\n\tborder:1px solid #ffffff;\n\tborder-radius:3px;\n\tpadding:7px 15px 7px 15px;\n}\n.undergrad-tbl td{padding:10px;}\n.staffcsl-tbl td{padding:10px;}\n\n\n.rss_header { display: none;}\t\t</style>\n\t\t</head>\n<body class=\"blog paged paged-2 tribe-no-js header-image full-width-content elementor-default\" itemscope itemtype=\"http://schema.org/WebPage\"><div class=\"site-container\"><header class=\"site-header\" itemscope itemtype=\"http://schema.org/WPHeader\"><div class=\"wrap\"><div class=\"title-area\"><h1 class=\"site-title\">\n\n      <div id='dept_header'>\n\n         <a id='dept_link' href='http://www.cs.uci.edu/' TITLE='Department of Computer Science in the Donald Bren School of Information and Computer Sciences @ UC Irvine'></a>\n\n         <a id='uci_link' href='http://www.uci.edu/' TITLE='University of California, Irvine'></a>\n\n         <a id='school_link' href='http://www.ics.uci.edu/' TITLE='Donald Bren School of Information and Computer Sciences'></a>\n\n      </div>\n\n   </h1></div><div class=\"widget-area header-widget-area\"><section id=\"search-4\" class=\"widget widget_search\"><div class=\"widget-wrap\"><form class=\"search-form\" itemprop=\"potentialAction\" itemscope itemtype=\"http://schema.org/SearchAction\" method=\"get\" action=\"https://www.cs.uci.edu/\" role=\"search\"><meta itemprop=\"target\" content=\"https://www.cs.uci.edu/?s={s}\"/><input itemprop=\"query-input\" type=\"search\" name=\"s\" placeholder=\"Search this site...\" /><input type=\"submit\" value=\"Search\"  /></form></div></section>\n</div></div></header><nav class=\"nav-primary\" itemscope itemtype=\"http://schema.org/SiteNavigationElement\"><div class=\"wrap\"><ul id=\"menu-header-menu\" class=\"menu genesis-nav-menu menu-primary\"><li id=\"menu-item-17\" class=\"menu-item menu-item-type-post_type menu-item-object-page menu-item-has-children menu-item-17\"><a href=\"https://www.cs.uci.edu/about-the-department/\" itemprop=\"url\"><span itemprop=\"name\">Explore</span></a>\n<ul class=\"sub-menu\">\n\t<li id=\"menu-item-58\" class=\"menu-item menu-item-type-post_type menu-item-object-page menu-item-58\"><a href=\"https://www.cs.uci.edu/contact/\" itemprop=\"url\"><span itemprop=\"name\">Contact Us</span></a></li>\n</ul>\n</li>\n<li id=\"menu-item-16\" class=\"menu-item menu-item-type-post_type menu-item-object-page menu-item-16\"><a href=\"https://www.cs.uci.edu/faculty/\" itemprop=\"url\"><span itemprop=\"name\">Faculty</span></a></li>\n<li id=\"menu-item-18\" class=\"menu-item menu-item-type-custom menu-item-object-custom menu-item-has-children menu-item-18\"><a href=\"#\" itemprop=\"url\"><span itemprop=\"name\">Research</span></a>\n<ul class=\"sub-menu\">\n\t<li id=\"menu-item-2407\" class=\"menu-item menu-item-type-post_type menu-item-object-page menu-item-2407\"><a href=\"https://www.cs.uci.edu/cs-research-areas/\" itemprop=\"url\"><span itemprop=\"name\">Research Areas</span></a></li>\n\t<li id=\"menu-item-50\" class=\"menu-item menu-item-type-post_type menu-item-object-page menu-item-50\"><a href=\"https://www.cs.uci.edu/research-centers/\" itemprop=\"url\"><span itemprop=\"name\">Research Centers</span></a></li>\n</ul>\n</li>\n<li id=\"menu-item-370\" class=\"menu-item menu-item-type-custom menu-item-object-custom menu-item-has-children menu-item-370\"><a href=\"#\" itemprop=\"url\"><span itemprop=\"name\">Graduate Degrees</span></a>\n<ul class=\"sub-menu\">\n\t<li id=\"menu-item-372\" class=\"menu-item menu-item-type-post_type menu-item-object-page menu-item-372\"><a href=\"https://www.cs.uci.edu/graduate-computer-science-programs/\" itemprop=\"url\"><span itemprop=\"name\">Computer Science Programs</span></a></li>\n\t<li id=\"menu-item-371\" class=\"menu-item menu-item-type-post_type menu-item-object-page menu-item-371\"><a href=\"https://www.cs.uci.edu/current-graduate-students/\" itemprop=\"url\"><span itemprop=\"name\">Current Graduate Students</span></a></li>\n</ul>\n</li>\n<li id=\"menu-item-1915\" class=\"menu-item menu-item-type-post_type menu-item-object-page menu-item-1915\"><a href=\"https://www.cs.uci.edu/undergraduate-programs/\" itemprop=\"url\"><span itemprop=\"name\">Undergraduate Degrees</span></a></li>\n<li id=\"menu-item-1382\" class=\"menu-item menu-item-type-custom menu-item-object-custom menu-item-has-children menu-item-1382\"><a href=\"#\" itemprop=\"url\"><span itemprop=\"name\">News  &#038; Events</span></a>\n<ul class=\"sub-menu\">\n\t<li id=\"menu-item-1688\" class=\"menu-item menu-item-type-custom menu-item-object-custom menu-item-1688\"><a href=\"/news\" itemprop=\"url\"><span itemprop=\"name\">News</span></a></li>\n\t<li id=\"menu-item-1423\" class=\"menu-item menu-item-type-custom menu-item-object-custom menu-item-1423\"><a href=\"/events/computer-science-seminar-series/\" itemprop=\"url\"><span itemprop=\"name\">Seminar Series</span></a></li>\n\t<li id=\"menu-item-1655\" class=\"menu-item menu-item-type-custom menu-item-object-custom menu-item-1655\"><a href=\"/events/distinguished-lecture-series/\" itemprop=\"url\"><span itemprop=\"name\">Distinguished Lecture Series</span></a></li>\n\t<li id=\"menu-item-1442\" class=\"menu-item menu-item-type-custom menu-item-object-custom menu-item-1442\"><a href=\"/event/2017-computer-science-research-showcase/\" itemprop=\"url\"><span itemprop=\"name\">Research Showcase</span></a></li>\n</ul>\n</li>\n<li id=\"menu-item-1873\" class=\"menu-item menu-item-type-custom menu-item-object-custom menu-item-has-children menu-item-1873\"><a href=\"#\" itemprop=\"url\"><span itemprop=\"name\"><span class=\"apply-now-btn\">Apply Now</span></span></a>\n<ul class=\"sub-menu\">\n\t<li id=\"menu-item-1875\" class=\"menu-item menu-item-type-custom menu-item-object-custom menu-item-1875\"><a target=\"_blank\" rel=\"noopener noreferrer\" href=\"https://www.admissions.uci.edu/apply/index.php\" itemprop=\"url\"><span itemprop=\"name\">Undergraduate Admissions</span></a></li>\n\t<li id=\"menu-item-1874\" class=\"menu-item menu-item-type-custom menu-item-object-custom menu-item-1874\"><a target=\"_blank\" rel=\"noopener noreferrer\" href=\"https://apply.grad.uci.edu/apply/\" itemprop=\"url\"><span itemprop=\"name\">Graduate Admissions</span></a></li>\n\t<li id=\"menu-item-1927\" class=\"menu-item menu-item-type-post_type menu-item-object-page menu-item-1927\"><a href=\"https://www.cs.uci.edu/job-opportunities/\" itemprop=\"url\"><span itemprop=\"name\">Faculty Candidates</span></a></li>\n</ul>\n</li>\n</ul></div></nav><div class=\"site-inner\"><div class=\"content-sidebar-wrap\"><main class=\"content\"><article class=\"post-2487 post type-post status-publish format-standard category-noteworthy-achievement entry\" itemscope itemtype=\"http://schema.org/CreativeWork\"><header class=\"entry-header\"><h1 class=\"entry-title\" itemprop=\"headline\"><a href=\"https://www.cs.uci.edu/a-trio-of-new-distinguished-professors-in-ics/\" rel=\"bookmark\">A Trio of New Distinguished Professors in ICS</a></h1> \n<p class=\"entry-meta\"><time class=\"entry-time\" itemprop=\"datePublished\" datetime=\"2019-08-30T14:10:19-07:00\">August 30, 2019</time> </p></header><div class=\"entry-content\" itemprop=\"text\">\n<p>Three computer science professors in the Donald Bren School of Information and Computer Sciences (<a href=\"https://www.ics.uci.edu/\">ICS</a>) recently received the <a href=\"https://ap.uci.edu/titles-of-distinction/distinguished-professor/\">Distinguished Professor</a> title: Rina Dechter, Michael Goodrich and Gene Tsudik. The title is a campus-level distinction for faculty who have \u201cachieved the highest levels of scholarship over the course of their careers.\u201d<br /></p>\n\n\n\n <a href=\"https://www.cs.uci.edu/a-trio-of-new-distinguished-professors-in-ics/#more-2487\" class=\"more-link\">[Read more&#8230;]</a></div><footer class=\"entry-footer\"></footer></article><article class=\"post-2475 post type-post status-publish format-standard category-noteworthy-achievement entry\" itemscope itemtype=\"http://schema.org/CreativeWork\"><header class=\"entry-header\"><h1 class=\"entry-title\" itemprop=\"headline\"><a href=\"https://www.cs.uci.edu/professor-shuang-zhao-aims-to-transform-physical-acquisition-pipelines/\" rel=\"bookmark\">Professor Shuang Zhao Aims to Transform Physical Acquisition Pipelines</a></h1> \n<p class=\"entry-meta\"><time class=\"entry-time\" itemprop=\"datePublished\" datetime=\"2019-08-26T13:26:23-07:00\">August 26, 2019</time> </p></header><div class=\"entry-content\" itemprop=\"text\">\n<div class=\"wp-block-image\"><figure class=\"alignright\"><img src=\"http://www.cs.uci.edu/wp-content/cs/uploads/ShuangZhao-self_170.jpg\" alt=\"\" class=\"wp-image-2477\"/></figure></div>\n\n\n\n<p>The National Science Foundation (<a href=\"https://www.nsf.gov/\" target=\"_blank\" rel=\"noreferrer noopener\">NSF</a>) recently awarded Assistant Professor of Computer Science&nbsp;<a href=\"https://shuangz.com/\" target=\"_blank\" rel=\"noreferrer noopener\">Shuang Zhao</a>&nbsp;$400,000 over three years for his&nbsp;<a href=\"https://www.nsf.gov/awardsearch/showAward?AWD_ID=1900927&amp;HistoricalAwards=false\" target=\"_blank\" rel=\"noreferrer noopener\">grant</a>,&nbsp;\u201cPhysics and Learning Integration Using Differentiable Rendering.\u201d</p>\n\n\n\n<p>\u201cThis project advocates combining the complementary advantages of physics-based simulation and machine learning to create better and faster physical acquisition pipelines for a large variety of applications,\u201d says Zhao.</p>\n\n\n\n <a href=\"https://www.cs.uci.edu/professor-shuang-zhao-aims-to-transform-physical-acquisition-pipelines/#more-2475\" class=\"more-link\">[Read more&#8230;]</a></div><footer class=\"entry-footer\"></footer></article><article class=\"post-2453 post type-post status-publish format-standard category-article entry\" itemscope itemtype=\"http://schema.org/CreativeWork\"><header class=\"entry-header\"><h1 class=\"entry-title\" itemprop=\"headline\"><a href=\"https://www.cs.uci.edu/daily-pilot-column-with-artificial-intelligence-on-the-rise-humans-should-reconsider-the-way-we-think-about-our-own-pierre-baldi-interviewed/\" rel=\"bookmark\">Daily Pilot: &#8220;Column: With artificial intelligence on the rise, humans should reconsider the way we think about our own&#8221; (Pierre Baldi interviewed)</a></h1> \n<p class=\"entry-meta\"><time class=\"entry-time\" itemprop=\"datePublished\" datetime=\"2019-08-21T07:18:33-07:00\">August 21, 2019</time> </p></header><div class=\"entry-content\" itemprop=\"text\">\n<p>IBM\u2019s Watson computer has already shown us that sophisticated machines can process, store and recall information faster and better than people. How can we prepare for a world in which computers are, in many ways, smarter than we are?&nbsp;</p>\n\n\n\n<p>I posed such questions to a local expert, Pierre Baldi, who has devoted his professional career to matters of intelligence \u2014 both human and artificial.</p>\n\n\n\n<p><em>Read the full story </em><a rel=\"noreferrer noopener\" aria-label=\"here (opens in a new tab)\" href=\"https://www.latimes.com/socal/daily-pilot/opinion/story/2019-08-19/column-with-artificial-intelligence-on-the-rise-humans-should-re-evaluate-the-way-we-foster-our-own\" target=\"_blank\"><em>here</em></a><em>.</em></p>\n</div><footer class=\"entry-footer\"></footer></article><article class=\"post-2444 post type-post status-publish format-standard category-article entry\" itemscope itemtype=\"http://schema.org/CreativeWork\"><header class=\"entry-header\"><h1 class=\"entry-title\" itemprop=\"headline\"><a href=\"https://www.cs.uci.edu/si-news-why-north-america-is-the-premier-destination-for-graduate-computer-science-studies/\" rel=\"bookmark\">SI News: &#8220;Why North America is the premier destination for graduate computer science studies&#8221;</a></h1> \n<p class=\"entry-meta\"><time class=\"entry-time\" itemprop=\"datePublished\" datetime=\"2019-08-12T10:15:57-07:00\">August 12, 2019</time> </p></header><div class=\"entry-content\" itemprop=\"text\">\n<p>The Bren School in California, US has a unique perspective on the information technology disciplines, providing students with a broad foundation from which to build educational programmes and research initiatives that explore the applications of the computing discipline \u2013 from circuits and systems to software engineering and human aspects of computing.</p>\n\n\n\n<p>Prospective students will be hearted to note that Bren School has several accolades under its belt. For instance, in 2014, <a href=\"https://www.ics.uci.edu/about/about_factsfigures.php\"><em>US News &amp; World Report</em></a>\u00a0ranked Bren School at 29<sup>th</sup>\u00a0for computer science graduate programmes and 14<sup>th</sup>\u00a0among public university programmes. In the same year,\u00a0<em>Microsoft Academic Search</em>\u00a0ranked UC Irvine 20<sup>th</sup>\u00a0among US universities in computer science.</p>\n\n\n\n<p><em>Read the full story at </em><a rel=\"noreferrer noopener\" aria-label=\"Study International News (opens in a new tab)\" href=\"https://www.studyinternational.com/news/why-north-america-is-the-premier-destination-for-graduate-computer-science-studies/\" target=\"_blank\"><em>Study International News</em></a><em>.<br></em></p>\n</div><footer class=\"entry-footer\"></footer></article><article class=\"post-2394 post type-post status-publish format-standard category-article entry\" itemscope itemtype=\"http://schema.org/CreativeWork\"><header class=\"entry-header\"><h1 class=\"entry-title\" itemprop=\"headline\"><a href=\"https://www.cs.uci.edu/uci-news-building-a-better-bot-cs-students-mentioned/\" rel=\"bookmark\">UCI News: &#8220;Building a better bot&#8221; (CS students mentioned)</a></h1> \n<p class=\"entry-meta\"><time class=\"entry-time\" itemprop=\"datePublished\" datetime=\"2019-07-30T10:46:10-07:00\">July 30, 2019</time> </p></header><div class=\"entry-content\" itemprop=\"text\">\n<p>An interdisciplinary UCI team is improving assistive robotic technology for homebound children, limited-mobility adults.</p>\n\n\n\n<p><em>Read the full story at </em><a rel=\"noreferrer noopener\" aria-label=\"UCI News (opens in a new tab)\" href=\"https://news.uci.edu/2019/06/24/building-a-better-bot/\" target=\"_blank\"><em>UCI News</em></a><em>.</em></p>\n</div><footer class=\"entry-footer\"></footer></article><article class=\"post-2374 post type-post status-publish format-standard category-feature entry\" itemscope itemtype=\"http://schema.org/CreativeWork\"><header class=\"entry-header\"><h1 class=\"entry-title\" itemprop=\"headline\"><a href=\"https://www.cs.uci.edu/faculty-spotlight-amelia-regans-drive-to-transform-transportation/\" rel=\"bookmark\">Faculty Spotlight: Amelia Regan\u2019s Drive to Transform Transportation</a></h1> \n<p class=\"entry-meta\"><time class=\"entry-time\" itemprop=\"datePublished\" datetime=\"2019-07-22T15:37:43-07:00\">July 22, 2019</time> </p></header><div class=\"entry-content\" itemprop=\"text\">\n<p><em>Computer Science Professor </em><a href=\"https://faculty.sites.uci.edu/aregan/\"><em>Amelia Regan</em></a><em> is passionate about her work. She served as director of the </em><a href=\"http://www.transci.uci.edu/\"><em>Transportation Science</em></a><em> master\u2019s and Ph.D. programs from 2015-2018 and was the founding director of the </em><a href=\"https://mcs.ics.uci.edu/\"><em>Master of Computer Science</em></a><em> program. Her research interests span everything from cyber physical transportation to technology adoption in transportation and, more recently, technologies to improve the safety, comfort and convenience of pedestrians. Here, she talks about how her love of trucks put her on a path that eventually landed her in the family profession.</em><br /></p>\n\n\n\n <a href=\"https://www.cs.uci.edu/faculty-spotlight-amelia-regans-drive-to-transform-transportation/#more-2374\" class=\"more-link\">[Read more&#8230;]</a></div><footer class=\"entry-footer\"></footer></article><article class=\"post-2326 post type-post status-publish format-standard has-post-thumbnail category-article category-slider entry\" itemscope itemtype=\"http://schema.org/CreativeWork\"><header class=\"entry-header\"><h1 class=\"entry-title\" itemprop=\"headline\"><a href=\"https://www.cs.uci.edu/uci-researchers-deep-learning-algorithm-solves-rubiks-cube-faster-than-any-human/\" rel=\"bookmark\">UCI researchers\u2019 deep learning algorithm solves Rubik\u2019s Cube faster than any human</a></h1> \n<p class=\"entry-meta\"><time class=\"entry-time\" itemprop=\"datePublished\" datetime=\"2019-07-15T11:29:19-07:00\">July 15, 2019</time> </p></header><div class=\"entry-content\" itemprop=\"text\">\n<p>Work is step toward advanced AI systems that can think, reason, plan and make decisions</p>\n\n\n\n<p><em>Read the full story at <a href=\"https://news.uci.edu/2019/07/15/uci-researchers-deep-learning-algorithm-solves-rubiks-cube-faster-than-any-human/\" target=\"_blank\" rel=\"noreferrer noopener\" aria-label=\"UCI News (opens in a new tab)\">UCI News</a>.<br></em></p>\n</div><footer class=\"entry-footer\"></footer></article><article class=\"post-2323 post type-post status-publish format-standard category-article entry\" itemscope itemtype=\"http://schema.org/CreativeWork\"><header class=\"entry-header\"><h1 class=\"entry-title\" itemprop=\"headline\"><a href=\"https://www.cs.uci.edu/uci-news-uci-researchers-deep-learning-algorithm-solves-rubiks-cube-faster-than-any-human/\" rel=\"bookmark\">UCI News: &#8220;UCI researchers\u2019 deep learning algorithm solves Rubik\u2019s Cube faster than any human&#8221;</a></h1> \n<p class=\"entry-meta\"><time class=\"entry-time\" itemprop=\"datePublished\" datetime=\"2019-07-15T09:56:56-07:00\">July 15, 2019</time> </p></header><div class=\"entry-content\" itemprop=\"text\">\n<p>Since its invention by a Hungarian architect in 1974, the Rubik\u2019s Cube has furrowed the brows of many who have tried to solve it, but the 3D logic puzzle is no match for an artificial intelligence system created by researchers at the University of California, Irvine.. DeepCubeA, a deep reinforcement learning algorithm programmed by UCI computer scientists &#8230;</p>\n\n\n\n<p><em>Read the full story at </em><a rel=\"noreferrer noopener\" aria-label=\"UCI News (opens in a new tab)\" href=\"https://news.uci.edu/2019/07/15/uci-researchers-deep-learning-algorithm-solves-rubiks-cube-faster-than-any-human/\" target=\"_blank\"><em>UCI News</em></a><em>.</em></p>\n</div><footer class=\"entry-footer\"></footer></article><article class=\"post-2320 post type-post status-publish format-standard category-noteworthy-achievement entry\" itemscope itemtype=\"http://schema.org/CreativeWork\"><header class=\"entry-header\"><h1 class=\"entry-title\" itemprop=\"headline\"><a href=\"https://www.cs.uci.edu/pierre-baldi-publishes-paper-in-nature-machine-intelligence/\" rel=\"bookmark\">Pierre Baldi Publishes Paper in <em>Nature Machine Intelligence</em></a></h1> \n<p class=\"entry-meta\"><time class=\"entry-time\" itemprop=\"datePublished\" datetime=\"2019-07-15T09:53:00-07:00\">July 15, 2019</time> </p></header><div class=\"entry-content\" itemprop=\"text\">\n<p>Distinguished Professor of Computer Science&nbsp;<a href=\"http://www.igb.uci.edu/~pfbaldi/\" target=\"_blank\" rel=\"noreferrer noopener\">Pierre Baldi</a>&nbsp;recently published a new&nbsp;<a href=\"https://www.nature.com/articles/s42256-019-0070-z.epdf?author_access_token=mZ2h6OMpkZQ_olDeerc2sdRgN0jAjWel9jnR3ZoTv0Osb8UCgUm5AQaSCMHWqWzsN8_myJ6WLI_o2TXCSV6A84vqv-I9K-1BA98gnPwAoa4AXM67tSW829NTjPZEfIdDTDtCXDtWdAGG8dfhC2P5ZQ%3D%3D\" target=\"_blank\" rel=\"noreferrer noopener\">paper</a>, \u201cSolving the Rubik\u2019s cube with deep reinforcement learning and search,\u201d in the journal&nbsp;<em>Nature Machine Learning</em>. Co-authors of the paper include Forest Agostinelli, a UCI Ph.D. candidate in computer science; Stephen McAleer, a Ph.D. student in computer science; and Alexander Shmakov, a senior in mathematics. In the paper, the researchers demonstrated that DeepCubeA solved 100 percent of all test configurations, finding the shortest path to the goal state about 60 percent of the time. The algorithm also works on other combinatorial games such as the sliding tile puzzle, Lights Out and Sokoban.</p>\n\n\n\n<p>Read more about the research in UCI News, \u201c<a href=\"https://news.uci.edu/2019/07/15/uci-researchers-deep-learning-algorithm-solves-rubiks-cube-faster-than-any-human/\" target=\"_blank\" rel=\"noreferrer noopener\">UCI researchers\u2019 deep learning algorithm solves Rubik\u2019s Cube faster than any human</a>.\u201d<br></p>\n</div><footer class=\"entry-footer\"></footer></article><article class=\"post-2317 post type-post status-publish format-standard category-noteworthy-achievement entry\" itemscope itemtype=\"http://schema.org/CreativeWork\"><header class=\"entry-header\"><h1 class=\"entry-title\" itemprop=\"headline\"><a href=\"https://www.cs.uci.edu/pierre-baldi-and-peter-sadawski-receive-aij-paper-award/\" rel=\"bookmark\">Pierre Baldi and Peter Sadawski Receive AIJ Paper Award</a></h1> \n<p class=\"entry-meta\"><time class=\"entry-time\" itemprop=\"datePublished\" datetime=\"2019-07-08T11:22:00-07:00\">July 8, 2019</time> </p></header><div class=\"entry-content\" itemprop=\"text\">\n<div class=\"wp-block-image\"><figure class=\"alignright is-resized\"><img src=\"http://www.cs.uci.edu/wp-content/cs/uploads/PierreBaldi-819x1024.jpg\" alt=\"\" class=\"wp-image-1350\" width=\"205\" height=\"256\" srcset=\"https://www.cs.uci.edu/wp-content/cs/uploads/PierreBaldi-819x1024.jpg 819w, https://www.cs.uci.edu/wp-content/cs/uploads/PierreBaldi-240x300.jpg 240w, https://www.cs.uci.edu/wp-content/cs/uploads/PierreBaldi-768x960.jpg 768w, https://www.cs.uci.edu/wp-content/cs/uploads/PierreBaldi.jpg 1000w\" sizes=\"(max-width: 205px) 100vw, 205px\" /></figure></div>\n\n\n\n<p>Back in May 2014, Distinguished Professor of Computer Science&nbsp;<a href=\"http://www.igb.uci.edu/~pfbaldi/\" target=\"_blank\" rel=\"noreferrer noopener\">Pierre Baldi</a>&nbsp;and his Ph.D. student&nbsp;<a href=\"https://www2.hawaii.edu/~psadow/\" target=\"_blank\" rel=\"noreferrer noopener\">Peter Sadowski</a>&nbsp;published a&nbsp;<a href=\"https://www.sciencedirect.com/science/article/pii/S0004370214000216\" target=\"_blank\" rel=\"noreferrer noopener\">paper</a>, \u201cThe Dropout Learning Algorithm,\u201d in&nbsp;<em>Artificial Intelligence Journal</em>&nbsp;(<a href=\"http://aij.ijcai.org/\" target=\"_blank\" rel=\"noreferrer noopener\">AIJ</a>). Five years later, the paper has been recognized with&nbsp;the&nbsp;2019&nbsp;<a href=\"http://aij.ijcai.org/aij-awards\" target=\"_blank\" rel=\"noreferrer noopener\">AIJ Prominent Paper</a>&nbsp;Award.<strong>&nbsp;</strong>The award recognizes outstanding AIJ papers \u2014 published within the past seven years \u2014 that are \u201cexceptional in their significance and impact.\u201d</p>\n\n\n\n <a href=\"https://www.cs.uci.edu/pierre-baldi-and-peter-sadawski-receive-aij-paper-award/#more-2317\" class=\"more-link\">[Read more&#8230;]</a></div><footer class=\"entry-footer\"></footer></article><div class=\"archive-pagination pagination\"><ul><li class=\"pagination-previous\"><a href=\"https://www.cs.uci.edu/news/\" >&#x000AB; Previous Page</a></li>\n<li><a href=\"https://www.cs.uci.edu/news/\">1</a></li>\n<li class=\"active\"  aria-label=\"Current page\"><a href=\"https://www.cs.uci.edu/news/page/2/\">2</a></li>\n<li><a href=\"https://www.cs.uci.edu/news/page/3/\">3</a></li>\n<li><a href=\"https://www.cs.uci.edu/news/page/4/\">4</a></li>\n<li class=\"pagination-omission\">&#x02026;</li>\n<li><a href=\"https://www.cs.uci.edu/news/page/22/\">22</a></li>\n<li class=\"pagination-next\"><a href=\"https://www.cs.uci.edu/news/page/3/\" >Next Page &#x000BB;</a></li>\n</ul></div>\n</main></div></div><footer class=\"site-footer\" itemscope itemtype=\"http://schema.org/WPFooter\"><div class=\"wrap\">\t\t\t<div class=\"group\">\n\n\t\t\t\t<div id=\"bren\">\n\t\t\t\t\t\t<a href=\"http://www.ics.uci.edu/\"><img src=\"//www.cs.uci.edu//wp-content/cs/uploads/DBren_InfoCompSc_logo-UPDATED.png\"></a>\n\t\t\t\t</div>\n\n\t\t\t\t<div class=\"footer-info\">\n\t\t\t\t\t<UL>\n\t\t\t\t\t   <LI>&copy; 2019 UC Regents</LI>\n\t\t\t\t\t   <LI><A HREF=\"mailto:communications@ics.uci.edu\">Feedback</A></LI>\n\t\t\t\t\t   <LI><A HREF=\"http://uci.edu/privacy/\">Privacy Policy</A></LI>\n\t\t\t\t\t</UL>\n\t\t\t\t</div><!-- .footer-info -->\n\n\t\t\t</div>\n\t</div></footer></div><script type='text/javascript'>\nvar colomatduration = 'fast';\nvar colomatslideEffect = 'slideFade';\n</script>\t\t<script>\n\t\t( function ( body ) {\n\t\t\t'use strict';\n\t\t\tbody.className = body.className.replace( /\\btribe-no-js\\b/, 'tribe-js' );\n\t\t} )( document.body );\n\t\t</script>\n\t\t<script>\n  (function(i,s,o,g,r,a,m){i['GoogleAnalyticsObject']=r;i[r]=i[r]||function(){\n  (i[r].q=i[r].q||[]).push(arguments)},i[r].l=1*new Date();a=s.createElement(o),\n  m=s.getElementsByTagName(o)[0];a.async=1;a.src=g;m.parentNode.insertBefore(a,m)\n  })(window,document,'script','https://www.google-analytics.com/analytics.js','ga');\n\n  ga('create', 'UA-605898-2', 'auto');\n  ga('send', 'pageview');\n\n</script>\n<script type='text/javascript'>jQuery(document).ready(function($) {$(\".flexslider\").flexslider({controlsContainer: \"#genesis-responsive-slider\",animation: \"fade\",directionNav: 0,controlNav: 1,animationDuration: 1000,slideshowSpeed: 10000    });  });</script><script> /* <![CDATA[ */var tribe_l10n_datatables = {\"aria\":{\"sort_ascending\":\": activate to sort column ascending\",\"sort_descending\":\": activate to sort column descending\"},\"length_menu\":\"Show _MENU_ entries\",\"empty_table\":\"No data available in table\",\"info\":\"Showing _START_ to _END_ of _TOTAL_ entries\",\"info_empty\":\"Showing 0 to 0 of 0 entries\",\"info_filtered\":\"(filtered from _MAX_ total entries)\",\"zero_records\":\"No matching records found\",\"search\":\"Search:\",\"all_selected_text\":\"All items on this page were selected. \",\"select_all_link\":\"Select all pages\",\"clear_selection\":\"Clear Selection.\",\"pagination\":{\"all\":\"All\",\"next\":\"Next\",\"previous\":\"Previous\"},\"select\":{\"rows\":{\"0\":\"\",\"_\":\": Selected %d rows\",\"1\":\": Selected 1 row\"}},\"datepicker\":{\"dayNames\":[\"Sunday\",\"Monday\",\"Tuesday\",\"Wednesday\",\"Thursday\",\"Friday\",\"Saturday\"],\"dayNamesShort\":[\"Sun\",\"Mon\",\"Tue\",\"Wed\",\"Thu\",\"Fri\",\"Sat\"],\"dayNamesMin\":[\"S\",\"M\",\"T\",\"W\",\"T\",\"F\",\"S\"],\"monthNames\":[\"January\",\"February\",\"March\",\"April\",\"May\",\"June\",\"July\",\"August\",\"September\",\"October\",\"November\",\"December\"],\"monthNamesShort\":[\"January\",\"February\",\"March\",\"April\",\"May\",\"June\",\"July\",\"August\",\"September\",\"October\",\"November\",\"December\"],\"nextText\":\"Next\",\"prevText\":\"Prev\",\"currentText\":\"Today\",\"closeText\":\"Done\"}};/* ]]> */ </script><script type='text/javascript' src='https://www.cs.uci.edu/wp-content/cs/plugins/jquery-collapse-o-matic/js/collapse.js?ver=1.6.5'></script>\n<script type='text/javascript' src='https://www.cs.uci.edu/wp-content/cs/plugins/genesis-responsive-slider/js/jquery.flexslider.js?ver=0.9.5'></script>\n<script type='text/javascript' src='https://www.cs.uci.edu/wp-includes/js/wp-embed.min.js?ver=5.2.3'></script>\n</body></html>\r\n", "encoding": "utf-8"}