{"url": "https://www.cs.uci.edu/news/page/11/", "content": "<!DOCTYPE html>\n<html lang=\"en-US\">\n<head >\n<meta charset=\"UTF-8\" />\n<title>News</title><meta name=\"description\" content=\"View the latest news from UC Irvine&#039;s Department of Computer Science, including faculty research highlights and alumni success stories.\" />\n\t\t<meta name=\"robots\" content=\"noodp,noydir\" />\n\t\t<meta name=\"viewport\" content=\"width=device-width, initial-scale=1\" />\n\n\t\t<style type=\"text/css\">\n\t\t\t.slide-excerpt { width: 50%; }\n\t\t\t.slide-excerpt { bottom: 0; }\n\t\t\t.slide-excerpt { left: 0; }\n\t\t\t.flexslider { max-width: 1180px; max-height: 340px; }\n\t\t\t.slide-image { max-height: 340px; }\n\t\t</style>\n\t\t<style type=\"text/css\">\n\t\t\t@media only screen\n\t\t\tand (min-device-width : 320px)\n\t\t\tand (max-device-width : 480px) {\n\t\t\t\t.slide-excerpt { display: none !important; }\n\t\t\t}\n\t\t</style> <link rel='dns-prefetch' href='//fonts.googleapis.com' />\n<link rel='dns-prefetch' href='//s.w.org' />\n<link rel=\"alternate\" type=\"application/rss+xml\" title=\"Department of Computer Science - Donald Bren School of Information &amp; Computer Sciences &raquo; Feed\" href=\"https://www.cs.uci.edu/feed/\" />\n<link rel=\"alternate\" type=\"application/rss+xml\" title=\"Department of Computer Science - Donald Bren School of Information &amp; Computer Sciences &raquo; Comments Feed\" href=\"https://www.cs.uci.edu/comments/feed/\" />\n<link rel=\"alternate\" type=\"text/calendar\" title=\"Department of Computer Science - Donald Bren School of Information &amp; Computer Sciences &raquo; iCal Feed\" href=\"https://www.cs.uci.edu/events/?ical=1\" />\n\t\t<script type=\"text/javascript\">\n\t\t\twindow._wpemojiSettings = {\"baseUrl\":\"https:\\/\\/s.w.org\\/images\\/core\\/emoji\\/12.0.0-1\\/72x72\\/\",\"ext\":\".png\",\"svgUrl\":\"https:\\/\\/s.w.org\\/images\\/core\\/emoji\\/12.0.0-1\\/svg\\/\",\"svgExt\":\".svg\",\"source\":{\"concatemoji\":\"https:\\/\\/www.cs.uci.edu\\/wp-includes\\/js\\/wp-emoji-release.min.js?ver=5.2.3\"}};\n\t\t\t!function(a,b,c){function d(a,b){var c=String.fromCharCode;l.clearRect(0,0,k.width,k.height),l.fillText(c.apply(this,a),0,0);var d=k.toDataURL();l.clearRect(0,0,k.width,k.height),l.fillText(c.apply(this,b),0,0);var e=k.toDataURL();return d===e}function e(a){var b;if(!l||!l.fillText)return!1;switch(l.textBaseline=\"top\",l.font=\"600 32px Arial\",a){case\"flag\":return!(b=d([55356,56826,55356,56819],[55356,56826,8203,55356,56819]))&&(b=d([55356,57332,56128,56423,56128,56418,56128,56421,56128,56430,56128,56423,56128,56447],[55356,57332,8203,56128,56423,8203,56128,56418,8203,56128,56421,8203,56128,56430,8203,56128,56423,8203,56128,56447]),!b);case\"emoji\":return b=d([55357,56424,55356,57342,8205,55358,56605,8205,55357,56424,55356,57340],[55357,56424,55356,57342,8203,55358,56605,8203,55357,56424,55356,57340]),!b}return!1}function f(a){var c=b.createElement(\"script\");c.src=a,c.defer=c.type=\"text/javascript\",b.getElementsByTagName(\"head\")[0].appendChild(c)}var g,h,i,j,k=b.createElement(\"canvas\"),l=k.getContext&&k.getContext(\"2d\");for(j=Array(\"flag\",\"emoji\"),c.supports={everything:!0,everythingExceptFlag:!0},i=0;i<j.length;i++)c.supports[j[i]]=e(j[i]),c.supports.everything=c.supports.everything&&c.supports[j[i]],\"flag\"!==j[i]&&(c.supports.everythingExceptFlag=c.supports.everythingExceptFlag&&c.supports[j[i]]);c.supports.everythingExceptFlag=c.supports.everythingExceptFlag&&!c.supports.flag,c.DOMReady=!1,c.readyCallback=function(){c.DOMReady=!0},c.supports.everything||(h=function(){c.readyCallback()},b.addEventListener?(b.addEventListener(\"DOMContentLoaded\",h,!1),a.addEventListener(\"load\",h,!1)):(a.attachEvent(\"onload\",h),b.attachEvent(\"onreadystatechange\",function(){\"complete\"===b.readyState&&c.readyCallback()})),g=c.source||{},g.concatemoji?f(g.concatemoji):g.wpemoji&&g.twemoji&&(f(g.twemoji),f(g.wpemoji)))}(window,document,window._wpemojiSettings);\n\t\t</script>\n\t\t<style type=\"text/css\">\nimg.wp-smiley,\nimg.emoji {\n\tdisplay: inline !important;\n\tborder: none !important;\n\tbox-shadow: none !important;\n\theight: 1em !important;\n\twidth: 1em !important;\n\tmargin: 0 .07em !important;\n\tvertical-align: -0.1em !important;\n\tbackground: none !important;\n\tpadding: 0 !important;\n}\n</style>\n\t<link rel='stylesheet' id='genesis-sample-theme-css'  href='https://www.cs.uci.edu/wp-content/cs/themes/genesis-cs-retry/style.css?ver=2.1.2' type='text/css' media='all' />\n<link rel='stylesheet' id='wp-block-library-css'  href='https://www.cs.uci.edu/wp-includes/css/dist/block-library/style.min.css?ver=5.2.3' type='text/css' media='all' />\n<link rel='stylesheet' id='feedzy-rss-feeds-css'  href='https://www.cs.uci.edu/wp-content/cs/plugins/feedzy-rss-feeds/css/feedzy-rss-feeds.css?ver=3.3.2' type='text/css' media='all' />\n<link rel='stylesheet' id='collapseomatic-css-css'  href='https://www.cs.uci.edu/wp-content/cs/plugins/jquery-collapse-o-matic/light_style.css?ver=1.6' type='text/css' media='all' />\n<link rel='stylesheet' id='google-fonts-css'  href='//fonts.googleapis.com/css?family=Lato%3A300%2C400%2C700&#038;ver=2.1.2' type='text/css' media='all' />\n<link rel='stylesheet' id='slider_styles-css'  href='https://www.cs.uci.edu/wp-content/cs/plugins/genesis-responsive-slider/style.css?ver=0.9.5' type='text/css' media='all' />\n<script type='text/javascript' src='https://www.cs.uci.edu/wp-includes/js/jquery/jquery.js?ver=1.12.4-wp'></script>\n<script type='text/javascript' src='https://www.cs.uci.edu/wp-includes/js/jquery/jquery-migrate.min.js?ver=1.4.1'></script>\n<!--[if lt IE 9]>\n<script type='text/javascript' src='https://www.cs.uci.edu/wp-content/cs/themes/genesis/lib/js/html5shiv.min.js?ver=3.7.3'></script>\n<![endif]-->\n<script type='text/javascript' src='https://www.cs.uci.edu/wp-content/cs/themes/genesis-cs-retry/js/jquery.collapse.js?ver=5.2.3'></script>\n<link rel='https://api.w.org/' href='https://www.cs.uci.edu/wp-json/' />\n<link rel=\"EditURI\" type=\"application/rsd+xml\" title=\"RSD\" href=\"https://www.cs.uci.edu/xmlrpc.php?rsd\" />\n<meta name=\"tec-api-version\" content=\"v1\"><meta name=\"tec-api-origin\" content=\"https://www.cs.uci.edu\"><link rel=\"https://theeventscalendar.com/\" href=\"https://www.cs.uci.edu/wp-json/tribe/events/v1/\" /><link rel=\"icon\" href=\"https://www.cs.uci.edu/wp-content/cs/themes/genesis-cs-retry/images/favicon.ico\" />\n<link rel=\"pingback\" href=\"https://www.cs.uci.edu/xmlrpc.php\" />\n<link rel=\"prev\" href=\"https://www.cs.uci.edu/news/page/10/\" />\n<link rel=\"next\" href=\"https://www.cs.uci.edu/news/page/12/\" />\n\t\t<style type=\"text/css\" id=\"wp-custom-css\">\n\t\t\t.job-ops .name{\n\twidth:53% !important;\n\tfont-size:.95em !important;\n\tline-height:1.5em !important;\n}\n.job-ops .job-number{\n\twidth:23% !important;\n\tfont-size:.75em !important;\n}\n.job-ops .submission-dates{\n\twidth:53% !important;\n\tfont-size:.95em !important;\n\tline-height:1.5em !important;\n}\n\n.people_table img{\n\twidth:150px;\n}\n\n.apply-now-btn{\n\tborder:1px solid #ffffff;\n\tborder-radius:3px;\n\tpadding:7px 15px 7px 15px;\n}\n.undergrad-tbl td{padding:10px;}\n.staffcsl-tbl td{padding:10px;}\n\n\n.rss_header { display: none;}\t\t</style>\n\t\t</head>\n<body class=\"blog paged paged-11 tribe-no-js header-image full-width-content elementor-default\" itemscope itemtype=\"http://schema.org/WebPage\"><div class=\"site-container\"><header class=\"site-header\" itemscope itemtype=\"http://schema.org/WPHeader\"><div class=\"wrap\"><div class=\"title-area\"><h1 class=\"site-title\">\n\n      <div id='dept_header'>\n\n         <a id='dept_link' href='http://www.cs.uci.edu/' TITLE='Department of Computer Science in the Donald Bren School of Information and Computer Sciences @ UC Irvine'></a>\n\n         <a id='uci_link' href='http://www.uci.edu/' TITLE='University of California, Irvine'></a>\n\n         <a id='school_link' href='http://www.ics.uci.edu/' TITLE='Donald Bren School of Information and Computer Sciences'></a>\n\n      </div>\n\n   </h1></div><div class=\"widget-area header-widget-area\"><section id=\"search-4\" class=\"widget widget_search\"><div class=\"widget-wrap\"><form class=\"search-form\" itemprop=\"potentialAction\" itemscope itemtype=\"http://schema.org/SearchAction\" method=\"get\" action=\"https://www.cs.uci.edu/\" role=\"search\"><meta itemprop=\"target\" content=\"https://www.cs.uci.edu/?s={s}\"/><input itemprop=\"query-input\" type=\"search\" name=\"s\" placeholder=\"Search this site...\" /><input type=\"submit\" value=\"Search\"  /></form></div></section>\n</div></div></header><nav class=\"nav-primary\" itemscope itemtype=\"http://schema.org/SiteNavigationElement\"><div class=\"wrap\"><ul id=\"menu-header-menu\" class=\"menu genesis-nav-menu menu-primary\"><li id=\"menu-item-17\" class=\"menu-item menu-item-type-post_type menu-item-object-page menu-item-has-children menu-item-17\"><a href=\"https://www.cs.uci.edu/about-the-department/\" itemprop=\"url\"><span itemprop=\"name\">Explore</span></a>\n<ul class=\"sub-menu\">\n\t<li id=\"menu-item-58\" class=\"menu-item menu-item-type-post_type menu-item-object-page menu-item-58\"><a href=\"https://www.cs.uci.edu/contact/\" itemprop=\"url\"><span itemprop=\"name\">Contact Us</span></a></li>\n</ul>\n</li>\n<li id=\"menu-item-16\" class=\"menu-item menu-item-type-post_type menu-item-object-page menu-item-16\"><a href=\"https://www.cs.uci.edu/faculty/\" itemprop=\"url\"><span itemprop=\"name\">Faculty</span></a></li>\n<li id=\"menu-item-18\" class=\"menu-item menu-item-type-custom menu-item-object-custom menu-item-has-children menu-item-18\"><a href=\"#\" itemprop=\"url\"><span itemprop=\"name\">Research</span></a>\n<ul class=\"sub-menu\">\n\t<li id=\"menu-item-2407\" class=\"menu-item menu-item-type-post_type menu-item-object-page menu-item-2407\"><a href=\"https://www.cs.uci.edu/cs-research-areas/\" itemprop=\"url\"><span itemprop=\"name\">Research Areas</span></a></li>\n\t<li id=\"menu-item-50\" class=\"menu-item menu-item-type-post_type menu-item-object-page menu-item-50\"><a href=\"https://www.cs.uci.edu/research-centers/\" itemprop=\"url\"><span itemprop=\"name\">Research Centers</span></a></li>\n</ul>\n</li>\n<li id=\"menu-item-370\" class=\"menu-item menu-item-type-custom menu-item-object-custom menu-item-has-children menu-item-370\"><a href=\"#\" itemprop=\"url\"><span itemprop=\"name\">Graduate Degrees</span></a>\n<ul class=\"sub-menu\">\n\t<li id=\"menu-item-372\" class=\"menu-item menu-item-type-post_type menu-item-object-page menu-item-372\"><a href=\"https://www.cs.uci.edu/graduate-computer-science-programs/\" itemprop=\"url\"><span itemprop=\"name\">Computer Science Programs</span></a></li>\n\t<li id=\"menu-item-371\" class=\"menu-item menu-item-type-post_type menu-item-object-page menu-item-371\"><a href=\"https://www.cs.uci.edu/current-graduate-students/\" itemprop=\"url\"><span itemprop=\"name\">Current Graduate Students</span></a></li>\n</ul>\n</li>\n<li id=\"menu-item-1915\" class=\"menu-item menu-item-type-post_type menu-item-object-page menu-item-1915\"><a href=\"https://www.cs.uci.edu/undergraduate-programs/\" itemprop=\"url\"><span itemprop=\"name\">Undergraduate Degrees</span></a></li>\n<li id=\"menu-item-1382\" class=\"menu-item menu-item-type-custom menu-item-object-custom menu-item-has-children menu-item-1382\"><a href=\"#\" itemprop=\"url\"><span itemprop=\"name\">News  &#038; Events</span></a>\n<ul class=\"sub-menu\">\n\t<li id=\"menu-item-1688\" class=\"menu-item menu-item-type-custom menu-item-object-custom menu-item-1688\"><a href=\"/news\" itemprop=\"url\"><span itemprop=\"name\">News</span></a></li>\n\t<li id=\"menu-item-1423\" class=\"menu-item menu-item-type-custom menu-item-object-custom menu-item-1423\"><a href=\"/events/computer-science-seminar-series/\" itemprop=\"url\"><span itemprop=\"name\">Seminar Series</span></a></li>\n\t<li id=\"menu-item-1655\" class=\"menu-item menu-item-type-custom menu-item-object-custom menu-item-1655\"><a href=\"/events/distinguished-lecture-series/\" itemprop=\"url\"><span itemprop=\"name\">Distinguished Lecture Series</span></a></li>\n\t<li id=\"menu-item-1442\" class=\"menu-item menu-item-type-custom menu-item-object-custom menu-item-1442\"><a href=\"/event/2017-computer-science-research-showcase/\" itemprop=\"url\"><span itemprop=\"name\">Research Showcase</span></a></li>\n</ul>\n</li>\n<li id=\"menu-item-1873\" class=\"menu-item menu-item-type-custom menu-item-object-custom menu-item-has-children menu-item-1873\"><a href=\"#\" itemprop=\"url\"><span itemprop=\"name\"><span class=\"apply-now-btn\">Apply Now</span></span></a>\n<ul class=\"sub-menu\">\n\t<li id=\"menu-item-1875\" class=\"menu-item menu-item-type-custom menu-item-object-custom menu-item-1875\"><a target=\"_blank\" rel=\"noopener noreferrer\" href=\"https://www.admissions.uci.edu/apply/index.php\" itemprop=\"url\"><span itemprop=\"name\">Undergraduate Admissions</span></a></li>\n\t<li id=\"menu-item-1874\" class=\"menu-item menu-item-type-custom menu-item-object-custom menu-item-1874\"><a target=\"_blank\" rel=\"noopener noreferrer\" href=\"https://apply.grad.uci.edu/apply/\" itemprop=\"url\"><span itemprop=\"name\">Graduate Admissions</span></a></li>\n\t<li id=\"menu-item-1927\" class=\"menu-item menu-item-type-post_type menu-item-object-page menu-item-1927\"><a href=\"https://www.cs.uci.edu/job-opportunities/\" itemprop=\"url\"><span itemprop=\"name\">Faculty Candidates</span></a></li>\n</ul>\n</li>\n</ul></div></nav><div class=\"site-inner\"><div class=\"content-sidebar-wrap\"><main class=\"content\"><article class=\"post-1566 post type-post status-publish format-standard category-article entry\" itemscope itemtype=\"http://schema.org/CreativeWork\"><header class=\"entry-header\"><h1 class=\"entry-title\" itemprop=\"headline\"><a href=\"https://www.cs.uci.edu/cmtc-video-interview-aditi-majumder-discussing-computer-vision/\" rel=\"bookmark\">CMTC Video Interview: Aditi Majumder Discussing Computer Vision</a></h1> \n<p class=\"entry-meta\"><time class=\"entry-time\" itemprop=\"datePublished\" datetime=\"2018-05-02T23:30:39-07:00\">May 2, 2018</time> </p></header><div class=\"entry-content\" itemprop=\"text\"><p>Watch a Knowledge Center video from\u00a0California Manufacturing Technology Consulting (<a id=\"LPlnk860139\" class=\"x_OWAAutoLink\" href=\"https://www.cmtc.com/knowledge-center-video-gallery\" target=\"_blank\" rel=\"noopener noreferrer\">CMTC</a>) that features\u00a0Professor <a href=\"http://www.ics.uci.edu/~majumder/\" target=\"_blank\" rel=\"noopener\">Aditi Majumder</a> discussing her work and its impacts on manufacturing.</p>\n<p> <a href=\"https://www.cs.uci.edu/cmtc-video-interview-aditi-majumder-discussing-computer-vision/#more-1566\" class=\"more-link\">[Read more&#8230;]</a></p>\n</div><footer class=\"entry-footer\"></footer></article><article class=\"post-1570 post type-post status-publish format-standard category-feature entry\" itemscope itemtype=\"http://schema.org/CreativeWork\"><header class=\"entry-header\"><h1 class=\"entry-title\" itemprop=\"headline\"><a href=\"https://www.cs.uci.edu/alumni-spotlights-ics-grads-help-autogravity-revolutionize-digital-car-buying/\" rel=\"bookmark\">Alumni Spotlights: ICS Grads Help AutoGravity Revolutionize Digital Car Buying</a></h1> \n<p class=\"entry-meta\"><time class=\"entry-time\" itemprop=\"datePublished\" datetime=\"2018-05-01T15:26:52-07:00\">May 1, 2018</time> </p></header><div class=\"entry-content\" itemprop=\"text\"><p><i>What do UCI alumni Kevin Mekhitarian, Shary Sajjadi, Justin Turpin and Johnny Zarate all have in common? These four </i><a href=\"https://www.ics.uci.edu/\"><i>ICS</i></a><i> graduates currently work at </i><a href=\"https://www.autogravity.com/\"><i>AutoGravity</i></a><i>, the Irvine startup that surpassed </i><a href=\"https://www.ocregister.com/2017/11/17/status-update-melissa-lora-taco-bells-international-president-to-retire-veterans-can-shop-military-exchanges-online-leadership-in-heels-speaker-series-nov-30/\"><i>1 million users</i></a><i> in November 2017. Founded in 2015 by Andy Hinrichs, Nicholas Stellman and Serge Vartanov, AutoGravity\u2019s car-buying app lets users find a car and dealership and, within minutes, apply for financing and select a lender.</i></p>\n<p> <a href=\"https://www.cs.uci.edu/alumni-spotlights-ics-grads-help-autogravity-revolutionize-digital-car-buying/#more-1570\" class=\"more-link\">[Read more&#8230;]</a></p>\n</div><footer class=\"entry-footer\"></footer></article><article class=\"post-1458 post type-post status-publish format-standard category-feature entry\" itemscope itemtype=\"http://schema.org/CreativeWork\"><header class=\"entry-header\"><h1 class=\"entry-title\" itemprop=\"headline\"><a href=\"https://www.cs.uci.edu/senior-spotlight-santiago-martin-powers-through-uci-and-secures-job-at-google/\" rel=\"bookmark\">Senior Spotlight: Santiago Martin Powers through UCI and Secures Job at Google</a></h1> \n<p class=\"entry-meta\"><time class=\"entry-time\" itemprop=\"datePublished\" datetime=\"2018-04-30T20:44:47-07:00\">April 30, 2018</time> </p></header><div class=\"entry-content\" itemprop=\"text\"><p><i><a href=\"http://www.cs.uci.edu/wp-content/cs/uploads/SeniorSpotlight-SantiagoMartin-Spring2018.jpg\"><img class=\"alignright size-medium wp-image-1461\" src=\"//www.cs.uci.edu/wp-content/cs/uploads/SeniorSpotlight-SantiagoMartin-Spring2018-225x300.jpg\" alt=\"\" width=\"225\" height=\"300\" srcset=\"https://www.cs.uci.edu/wp-content/cs/uploads/SeniorSpotlight-SantiagoMartin-Spring2018-225x300.jpg 225w, https://www.cs.uci.edu/wp-content/cs/uploads/SeniorSpotlight-SantiagoMartin-Spring2018-768x1024.jpg 768w, https://www.cs.uci.edu/wp-content/cs/uploads/SeniorSpotlight-SantiagoMartin-Spring2018.jpg 1500w\" sizes=\"(max-width: 225px) 100vw, 225px\" /></a>Graduating computer science major Santiago Martin had no trouble transitioning from Orange Coast College to UCI, perhaps because he\u2019s an Orange County native or perhaps because he\u2019s the third in his family to attend UCI. He quickly joined the\u00a0</i><a class=\"m_1559240778246557487OWAAutoLink\" href=\"http://www.campusrec.uci.edu/club/power-lifting.asp\" target=\"_blank\" rel=\"noopener\" ><i>Power Lifting Club</i></a><i>\u00a0and put his computer science knowledge to good use, developing an iOS\u00a0</i><a class=\"m_1559240778246557487OWAAutoLink\" href=\"https://www.ics.uci.edu/community/news/view_news?id=1189\" target=\"_blank\" rel=\"noopener\" ><i>strength training</i></a><i>\u00a0app. He\u2019s now ready to transition to something new as he graduates this spring and leaves the OC behind, moving to Seattle to start work at Google.</i></p>\n<p> <a href=\"https://www.cs.uci.edu/senior-spotlight-santiago-martin-powers-through-uci-and-secures-job-at-google/#more-1458\" class=\"more-link\">[Read more&#8230;]</a></p>\n</div><footer class=\"entry-footer\"></footer></article><article class=\"post-1375 post type-post status-publish format-standard category-feature entry\" itemscope itemtype=\"http://schema.org/CreativeWork\"><header class=\"entry-header\"><h1 class=\"entry-title\" itemprop=\"headline\"><a href=\"https://www.cs.uci.edu/vrcade-exposes-students-to-virtual-reality-trends-challenges-and-opportunities/\" rel=\"bookmark\">VRcade Exposes Students to Virtual Reality Trends, Challenges and Opportunities</a></h1> \n<p class=\"entry-meta\"><time class=\"entry-time\" itemprop=\"datePublished\" datetime=\"2018-04-26T21:21:04-07:00\">April 26, 2018</time> </p></header><div class=\"entry-content\" itemprop=\"text\"><p>Students had fun stepping into virtual worlds at UCI\u2019s first VRcade event, hosted by the Virtual Reality Development Club (<a href=\"http://clubs.uci.edu/vrdc/\">VRDC</a>) in collaboration with <a href=\"https://esports.uci.edu/\">UCI Esports</a>. VRDC president <a href=\"https://www.linkedin.com/in/edward-lok-a0ba33109/\">Edward Lok</a> says the event, held on April 23 at the Esports Arena, was a \u201cgreat success,\u201d with approximately 50 people attending throughout the night. \u201cMany students got the chance to try VR for the first time and were completely blown away by it.\u201d</p>\n<p> <a href=\"https://www.cs.uci.edu/vrcade-exposes-students-to-virtual-reality-trends-challenges-and-opportunities/#more-1375\" class=\"more-link\">[Read more&#8230;]</a></p>\n</div><footer class=\"entry-footer\"></footer></article><article class=\"post-1358 post type-post status-publish format-standard has-post-thumbnail category-article category-slider entry\" itemscope itemtype=\"http://schema.org/CreativeWork\"><header class=\"entry-header\"><h1 class=\"entry-title\" itemprop=\"headline\"><a href=\"https://www.cs.uci.edu/goodrich-elected-to-royal-danish-academy-of-sciences-letters/\" rel=\"bookmark\">Goodrich Elected to Royal Danish Academy of Sciences &#038; Letters</a></h1> \n<p class=\"entry-meta\"><time class=\"entry-time\" itemprop=\"datePublished\" datetime=\"2018-04-26T15:31:51-07:00\">April 26, 2018</time> </p></header><div class=\"entry-content\" itemprop=\"text\"><p><img class=\"alignright size-medium wp-image-1359\" src=\"http://www.cs.uci.edu/wp-content/cs/uploads/Goodrich-200x300.jpg\" alt=\"Professor Michael Goodrich\" width=\"200\" height=\"300\" srcset=\"https://www.cs.uci.edu/wp-content/cs/uploads/Goodrich-200x300.jpg 200w, https://www.cs.uci.edu/wp-content/cs/uploads/Goodrich-768x1152.jpg 768w, https://www.cs.uci.edu/wp-content/cs/uploads/Goodrich-683x1024.jpg 683w, https://www.cs.uci.edu/wp-content/cs/uploads/Goodrich.jpg 1200w\" sizes=\"(max-width: 200px) 100vw, 200px\" />Michael Goodrich, UCI Chancellor\u2019s Professor of computer science, has been elected as a foreign member of the\u00a0<a id=\"LPlnk768008\" href=\"http://www.royalacademy.dk/en\" target=\"_blank\" rel=\"noopener noreferrer\">Royal Danish Academy of Sciences &amp; Letters</a>. Goodrich is a leader in the field of algorithm design, where he is highly recognized for research in geometric computing, networking, geographic information systems, computer security and big data processing. <a href=\"https://www.cs.uci.edu/goodrich-elected-to-royal-danish-academy-of-sciences-letters/#more-1358\" class=\"more-link\">[Read more&#8230;]</a></p>\n</div><footer class=\"entry-footer\"></footer></article><article class=\"post-1349 post type-post status-publish format-standard category-article entry\" itemscope itemtype=\"http://schema.org/CreativeWork\"><header class=\"entry-header\"><h1 class=\"entry-title\" itemprop=\"headline\"><a href=\"https://www.cs.uci.edu/professor-baldi-awarded-nih-grant-to-develop-informatics-tools-to-analyze-circadian-rhythms/\" rel=\"bookmark\">Professor Baldi Awarded NIH Grant to Develop Informatics Tools to Analyze Circadian Rhythms</a></h1> \n<p class=\"entry-meta\"><time class=\"entry-time\" itemprop=\"datePublished\" datetime=\"2018-04-20T21:56:11-07:00\">April 20, 2018</time> </p></header><div class=\"entry-content\" itemprop=\"text\"><p><img src=\"http://www.cs.uci.edu/wp-content/cs/uploads/PierreBaldi-240x300.jpg\" alt=\"\" width=\"240\" height=\"300\" class=\"alignright size-medium wp-image-1350\" srcset=\"https://www.cs.uci.edu/wp-content/cs/uploads/PierreBaldi-240x300.jpg 240w, https://www.cs.uci.edu/wp-content/cs/uploads/PierreBaldi-768x960.jpg 768w, https://www.cs.uci.edu/wp-content/cs/uploads/PierreBaldi-819x1024.jpg 819w, https://www.cs.uci.edu/wp-content/cs/uploads/PierreBaldi.jpg 1000w\" sizes=\"(max-width: 240px) 100vw, 240px\" />Chancellor\u2019s Professor of Computer Science\u00a0<a href=\"http://www.igb.uci.edu/~pfbaldi/\" target=\"_blank\" rel=\"noopener\" >Pierre Baldi</a>\u00a0has received a $980,000 grant from the National Institutes of Health (<a href=\"https://www.nih.gov/\" target=\"_blank\" rel=\"noopener\" >NIH</a>) to develop tools that will lead to insights into circadian oscillations and their role in health and disease. He is the Principal Investigator on the\u00a0<a href=\"https://projectreporter.nih.gov/project_info_description.cfm?aid=9325275&amp;icde=39071416\" target=\"_blank\" rel=\"noopener\" >grant</a>, \u201cBioinformatics Tools for Circadian Biology,\u201d which runs through April 2020.</p>\n<p> <a href=\"https://www.cs.uci.edu/professor-baldi-awarded-nih-grant-to-develop-informatics-tools-to-analyze-circadian-rhythms/#more-1349\" class=\"more-link\">[Read more&#8230;]</a></p>\n</div><footer class=\"entry-footer\"></footer></article><article class=\"post-1339 post type-post status-publish format-standard category-noteworthy-achievement entry\" itemscope itemtype=\"http://schema.org/CreativeWork\"><header class=\"entry-header\"><h1 class=\"entry-title\" itemprop=\"headline\"><a href=\"https://www.cs.uci.edu/ics-students-awarded-national-science-foundation-graduate-research-fellowships/\" rel=\"bookmark\">ICS Students Awarded National Science Foundation Graduate Research Fellowships</a></h1> \n<p class=\"entry-meta\"><time class=\"entry-time\" itemprop=\"datePublished\" datetime=\"2018-04-10T15:12:23-07:00\">April 10, 2018</time> </p></header><div class=\"entry-content\" itemprop=\"text\"><p>Three Ph.D. students in the <a href=\"https://www.ics.uci.edu/\" target=\"_blank\" rel=\"noopener\" >Donald Bren School of Information and Computer Sciences</a> have received National Science Foundation (<a href=\"https://www.nsf.gov/\" target=\"_blank\" rel=\"noopener\" >NSF</a>) Graduate Research Fellowships: Amari Lewis, Samantha McDonald and Arash Nabili.</p>\n<p>Since 1952, the Graduate Research Fellowship Program (GRFP) has helped the NSF develop a globally engaged workforce, recruiting high-potential, early-career scientists and engineers who work to advance the nation\u2019s science and engineering research and innovation. In particular, GRFP aims to increase the diversity of the science, technology, engineering and mathematics (STEM) workforce, supporting master\u2019s and doctoral students from various geographic regions as well as women, underrepresented minorities, persons with disabilities and veterans.</p>\n<p> <a href=\"https://www.cs.uci.edu/ics-students-awarded-national-science-foundation-graduate-research-fellowships/#more-1339\" class=\"more-link\">[Read more&#8230;]</a></p>\n</div><footer class=\"entry-footer\"></footer></article><article class=\"post-1329 post type-post status-publish format-standard category-article entry\" itemscope itemtype=\"http://schema.org/CreativeWork\"><header class=\"entry-header\"><h1 class=\"entry-title\" itemprop=\"headline\"><a href=\"https://www.cs.uci.edu/intel-parallel-universe-computer-vision-for-the-masses-bringing-computer-vision-to-the-open-web-platform/\" rel=\"bookmark\">Intel Parallel Universe Magazine: &#8220;Computer Vision for the Masses: Bringing Computer Vision to the Open Web Platform&#8221; by CS Professors Alexandru Nicolau and Alexander Veidenbaum, and Ph.D. Candidate Sajjad Taheri</a></h1> \n<p class=\"entry-meta\"><time class=\"entry-time\" itemprop=\"datePublished\" datetime=\"2018-04-09T20:11:20-07:00\">April 9, 2018</time> </p></header><div class=\"entry-content\" itemprop=\"text\"><p>In this issue\u2019s feature article, Computer Vision for the Masses, a group of collaborators from the University of California, Irvine, and Intel Labs describe their work to translate many of OpenCV\u2019s key capabilities to JavaScript to do high-performance computer vision within the Open Web Platform. They present compelling examples of common computer vision applications like edge detection, face recognition, background subtraction, and image recognition using deep neural networks running within a browser.</p>\n<p><em>Read the full story <a href=\"https://software.intel.com/en-us/download/parallel-universe-magazine-issue-32-march-2018\" rel=\"noopener\" target=\"_blank\">on the web</a> or in <a href=\"https://software.intel.com/sites/default/files/parallel-universe-issue-32.pdf\" rel=\"noopener\" target=\"_blank\">PDF</a> format.</em></p>\n</div><footer class=\"entry-footer\"></footer></article><article class=\"post-1326 post type-post status-publish format-standard category-feature entry\" itemscope itemtype=\"http://schema.org/CreativeWork\"><header class=\"entry-header\"><h1 class=\"entry-title\" itemprop=\"headline\"><a href=\"https://www.cs.uci.edu/senior-spotlight-kevin-kes-journey-from-guangzhou-to-uci-to-amazon/\" rel=\"bookmark\">Senior Spotlight: Kevin Ke\u2019s Journey from Guangzhou to UCI to Amazon</a></h1> \n<p class=\"entry-meta\"><time class=\"entry-time\" itemprop=\"datePublished\" datetime=\"2018-04-09T17:39:17-07:00\">April 9, 2018</time> </p></header><div class=\"entry-content\" itemprop=\"text\"><p><i><a href=\"http://www.cs.uci.edu/wp-content/cs/uploads/SeniorSpotlight-KevinKe-Spring2018.jpg\"><img class=\"alignright size-medium wp-image-1327\" src=\"http://www.cs.uci.edu/wp-content/cs/uploads/SeniorSpotlight-KevinKe-Spring2018-225x300.jpg\" alt=\"\" width=\"225\" height=\"300\" srcset=\"https://www.cs.uci.edu/wp-content/cs/uploads/SeniorSpotlight-KevinKe-Spring2018-225x300.jpg 225w, https://www.cs.uci.edu/wp-content/cs/uploads/SeniorSpotlight-KevinKe-Spring2018-768x1024.jpg 768w, https://www.cs.uci.edu/wp-content/cs/uploads/SeniorSpotlight-KevinKe-Spring2018.jpg 1500w\" sizes=\"(max-width: 225px) 100vw, 225px\" /></a>If you visit the LinkedIn page of graduating senior\u00a0</i><a id=\"m_2291099793224841142LPlnk381843\" href=\"https://www.linkedin.com/in/zijia-ke-a23720113/\" target=\"_blank\" rel=\"noopener\" data-saferedirecturl=\"https://www.google.com/url?hl=en&amp;q=https://www.linkedin.com/in/zijia-ke-a23720113/&amp;source=gmail&amp;ust=1523377580936000&amp;usg=AFQjCNEUqhu14e4agrOITWHHHTAV4PvUAA\"><i>Kevin (Zijia) Ke</i></a><i>, you\u2019ll see several mottos, two of which are \u201cnever give up\u201d and \u201cstay positive.\u201d Such optimism no doubt helped the computer science major progress from being an undeclared freshman who spoke very little English in 2014 to being a senior who finished his coursework in Winter 2018, and now has a job offer from Amazon and graduate school admission letters from both UCI and UC San Diego.</i></p>\n<p> <a href=\"https://www.cs.uci.edu/senior-spotlight-kevin-kes-journey-from-guangzhou-to-uci-to-amazon/#more-1326\" class=\"more-link\">[Read more&#8230;]</a></p>\n</div><footer class=\"entry-footer\"></footer></article><article class=\"post-1322 post type-post status-publish format-standard category-noteworthy-achievement entry\" itemscope itemtype=\"http://schema.org/CreativeWork\"><header class=\"entry-header\"><h1 class=\"entry-title\" itemprop=\"headline\"><a href=\"https://www.cs.uci.edu/dutt-kurdahi-awarded-nsf-grant-for-information-processing-factory-computer-chips/\" rel=\"bookmark\">Dutt, Kurdahi Awarded NSF Grant for \u2018Information Processing Factory\u2019 Computer Chips</a></h1> \n<p class=\"entry-meta\"><time class=\"entry-time\" itemprop=\"datePublished\" datetime=\"2018-04-06T20:37:00-07:00\">April 6, 2018</time> </p></header><div class=\"entry-content\" itemprop=\"text\"><p><img src=\"http://www.cs.uci.edu/wp-content/cs/uploads/Dutt_2-150x150.jpg\" alt=\"Professor Nikil Dutt\" width=\"150\" height=\"150\" class=\"alignright size-thumbnail wp-image-1106\" />Chancellor\u2019s Professor of Computer Science <a id=\"m_-8323524542026948999LPlnk989610\" class=\"m_-8323524542026948999OWAAutoLink\" href=\"https://www.ics.uci.edu/~dutt/\" target=\"_blank\" rel=\"noopener\" ><strong>Nikil Dutt</strong></a> and Professor of Electrical Engineering and Computer Science <a id=\"m_-8323524542026948999LPlnk330877\" class=\"m_-8323524542026948999OWAAutoLink\" href=\"http://gram.eng.uci.edu/~kurdahi/\" target=\"_blank\" rel=\"noopener\" > Fadi Kurdahi</a> have received a $900,000 research grant from the National Science Foundation (<a id=\"m_-8323524542026948999LPlnk68305\" class=\"m_-8323524542026948999OWAAutoLink\" href=\"https://www.nsf.gov/\" target=\"_blank\" rel=\"noopener\" >NSF</a>) that will investigate the development of next-generation \u201cinformation processing factory\u201d chips that build on recent innovations in manufacturing in which network-connected tools, robots, sensors and computers act in concert to perform complex processes. The project is in tight collaboration with, and complemented by a parallel <a id=\"m_-8323524542026948999LPlnk507587\" class=\"m_-8323524542026948999OWAAutoLink\" href=\"http://www.dfg.de/en/\" target=\"_blank\" rel=\"noopener\" > German Research Foundation</a>-funded research project at the <a id=\"m_-8323524542026948999LPlnk72997\" class=\"m_-8323524542026948999OWAAutoLink\" href=\"https://www.tu-braunschweig.de/\" target=\"_blank\" rel=\"noopener\" > Technical University of Braunschweig </a>and <a id=\"m_-8323524542026948999LPlnk337393\" class=\"m_-8323524542026948999OWAAutoLink\" href=\"https://www.tum.de/en/\" target=\"_blank\" rel=\"noopener\" > Technical University of Munich</a>.</p>\n<p>The advanced chips being designed will come equipped with on-chip sensors to monitor and control performance and health status \u2013 keeping track of temperature, energy consumption, wear and tear, and even security threats. Achieving this will require a holistic methodology that encompasses hardware design, software development and new approaches to network architecture. More details on this project can be found <a id=\"m_-8323524542026948999LPlnk980187\" title=\"https://news.uci.edu/2018/03/12/uci-tu-munich-and-tu-braunschweig-launch-joint-technology-development-project/\nCmd+Click or tap to follow the link\" href=\"https://news.uci.edu/2018/03/12/uci-tu-munich-and-tu-braunschweig-launch-joint-technology-development-project/\" target=\"_blank\" rel=\"noopener\" >here</a>.</p>\n</div><footer class=\"entry-footer\"></footer></article><div class=\"archive-pagination pagination\"><ul><li class=\"pagination-previous\"><a href=\"https://www.cs.uci.edu/news/page/10/\" >&#x000AB; Previous Page</a></li>\n<li><a href=\"https://www.cs.uci.edu/news/\">1</a></li>\n<li class=\"pagination-omission\">&#x02026;</li>\n<li><a href=\"https://www.cs.uci.edu/news/page/9/\">9</a></li>\n<li><a href=\"https://www.cs.uci.edu/news/page/10/\">10</a></li>\n<li class=\"active\"  aria-label=\"Current page\"><a href=\"https://www.cs.uci.edu/news/page/11/\">11</a></li>\n<li><a href=\"https://www.cs.uci.edu/news/page/12/\">12</a></li>\n<li><a href=\"https://www.cs.uci.edu/news/page/13/\">13</a></li>\n<li class=\"pagination-omission\">&#x02026;</li>\n<li><a href=\"https://www.cs.uci.edu/news/page/22/\">22</a></li>\n<li class=\"pagination-next\"><a href=\"https://www.cs.uci.edu/news/page/12/\" >Next Page &#x000BB;</a></li>\n</ul></div>\n</main></div></div><footer class=\"site-footer\" itemscope itemtype=\"http://schema.org/WPFooter\"><div class=\"wrap\">\t\t\t<div class=\"group\">\n\n\t\t\t\t<div id=\"bren\">\n\t\t\t\t\t\t<a href=\"http://www.ics.uci.edu/\"><img src=\"//www.cs.uci.edu//wp-content/cs/uploads/DBren_InfoCompSc_logo-UPDATED.png\"></a>\n\t\t\t\t</div>\n\n\t\t\t\t<div class=\"footer-info\">\n\t\t\t\t\t<UL>\n\t\t\t\t\t   <LI>&copy; 2019 UC Regents</LI>\n\t\t\t\t\t   <LI><A HREF=\"mailto:communications@ics.uci.edu\">Feedback</A></LI>\n\t\t\t\t\t   <LI><A HREF=\"http://uci.edu/privacy/\">Privacy Policy</A></LI>\n\t\t\t\t\t</UL>\n\t\t\t\t</div><!-- .footer-info -->\n\n\t\t\t</div>\n\t</div></footer></div><script type='text/javascript'>\nvar colomatduration = 'fast';\nvar colomatslideEffect = 'slideFade';\n</script>\t\t<script>\n\t\t( function ( body ) {\n\t\t\t'use strict';\n\t\t\tbody.className = body.className.replace( /\\btribe-no-js\\b/, 'tribe-js' );\n\t\t} )( document.body );\n\t\t</script>\n\t\t<script>\n  (function(i,s,o,g,r,a,m){i['GoogleAnalyticsObject']=r;i[r]=i[r]||function(){\n  (i[r].q=i[r].q||[]).push(arguments)},i[r].l=1*new Date();a=s.createElement(o),\n  m=s.getElementsByTagName(o)[0];a.async=1;a.src=g;m.parentNode.insertBefore(a,m)\n  })(window,document,'script','https://www.google-analytics.com/analytics.js','ga');\n\n  ga('create', 'UA-605898-2', 'auto');\n  ga('send', 'pageview');\n\n</script>\n<script type='text/javascript'>jQuery(document).ready(function($) {$(\".flexslider\").flexslider({controlsContainer: \"#genesis-responsive-slider\",animation: \"fade\",directionNav: 0,controlNav: 1,animationDuration: 1000,slideshowSpeed: 10000    });  });</script><script> /* <![CDATA[ */var tribe_l10n_datatables = {\"aria\":{\"sort_ascending\":\": activate to sort column ascending\",\"sort_descending\":\": activate to sort column descending\"},\"length_menu\":\"Show _MENU_ entries\",\"empty_table\":\"No data available in table\",\"info\":\"Showing _START_ to _END_ of _TOTAL_ entries\",\"info_empty\":\"Showing 0 to 0 of 0 entries\",\"info_filtered\":\"(filtered from _MAX_ total entries)\",\"zero_records\":\"No matching records found\",\"search\":\"Search:\",\"all_selected_text\":\"All items on this page were selected. \",\"select_all_link\":\"Select all pages\",\"clear_selection\":\"Clear Selection.\",\"pagination\":{\"all\":\"All\",\"next\":\"Next\",\"previous\":\"Previous\"},\"select\":{\"rows\":{\"0\":\"\",\"_\":\": Selected %d rows\",\"1\":\": Selected 1 row\"}},\"datepicker\":{\"dayNames\":[\"Sunday\",\"Monday\",\"Tuesday\",\"Wednesday\",\"Thursday\",\"Friday\",\"Saturday\"],\"dayNamesShort\":[\"Sun\",\"Mon\",\"Tue\",\"Wed\",\"Thu\",\"Fri\",\"Sat\"],\"dayNamesMin\":[\"S\",\"M\",\"T\",\"W\",\"T\",\"F\",\"S\"],\"monthNames\":[\"January\",\"February\",\"March\",\"April\",\"May\",\"June\",\"July\",\"August\",\"September\",\"October\",\"November\",\"December\"],\"monthNamesShort\":[\"January\",\"February\",\"March\",\"April\",\"May\",\"June\",\"July\",\"August\",\"September\",\"October\",\"November\",\"December\"],\"nextText\":\"Next\",\"prevText\":\"Prev\",\"currentText\":\"Today\",\"closeText\":\"Done\"}};/* ]]> */ </script><script type='text/javascript' src='https://www.cs.uci.edu/wp-content/cs/plugins/jquery-collapse-o-matic/js/collapse.js?ver=1.6.5'></script>\n<script type='text/javascript' src='https://www.cs.uci.edu/wp-content/cs/plugins/genesis-responsive-slider/js/jquery.flexslider.js?ver=0.9.5'></script>\n<script type='text/javascript' src='https://www.cs.uci.edu/wp-includes/js/wp-embed.min.js?ver=5.2.3'></script>\n</body></html>\r\n", "encoding": "utf-8"}