{"url": "https://www.cs.uci.edu/pierre-baldis-transformative-ai-leadership/", "content": "<!DOCTYPE html>\n<html lang=\"en-US\">\n<head >\n<meta charset=\"UTF-8\" />\n<title>Pierre Baldi\u2019s Transformative AI Leadership</title>\t\t<meta name=\"robots\" content=\"noodp,noydir\" />\n\t\t<meta name=\"viewport\" content=\"width=device-width, initial-scale=1\" />\n\n\t\t<style type=\"text/css\">\n\t\t\t.slide-excerpt { width: 50%; }\n\t\t\t.slide-excerpt { bottom: 0; }\n\t\t\t.slide-excerpt { left: 0; }\n\t\t\t.flexslider { max-width: 1180px; max-height: 340px; }\n\t\t\t.slide-image { max-height: 340px; }\n\t\t</style>\n\t\t<style type=\"text/css\">\n\t\t\t@media only screen\n\t\t\tand (min-device-width : 320px)\n\t\t\tand (max-device-width : 480px) {\n\t\t\t\t.slide-excerpt { display: none !important; }\n\t\t\t}\n\t\t</style> <link rel='dns-prefetch' href='//fonts.googleapis.com' />\n<link rel='dns-prefetch' href='//s.w.org' />\n<link rel=\"alternate\" type=\"application/rss+xml\" title=\"Department of Computer Science - Donald Bren School of Information &amp; Computer Sciences &raquo; Feed\" href=\"https://www.cs.uci.edu/feed/\" />\n<link rel=\"alternate\" type=\"application/rss+xml\" title=\"Department of Computer Science - Donald Bren School of Information &amp; Computer Sciences &raquo; Comments Feed\" href=\"https://www.cs.uci.edu/comments/feed/\" />\n<link rel=\"alternate\" type=\"text/calendar\" title=\"Department of Computer Science - Donald Bren School of Information &amp; Computer Sciences &raquo; iCal Feed\" href=\"https://www.cs.uci.edu/events/?ical=1\" />\n<link rel=\"canonical\" href=\"https://www.cs.uci.edu/pierre-baldis-transformative-ai-leadership/\" />\n\t\t<script type=\"text/javascript\">\n\t\t\twindow._wpemojiSettings = {\"baseUrl\":\"https:\\/\\/s.w.org\\/images\\/core\\/emoji\\/12.0.0-1\\/72x72\\/\",\"ext\":\".png\",\"svgUrl\":\"https:\\/\\/s.w.org\\/images\\/core\\/emoji\\/12.0.0-1\\/svg\\/\",\"svgExt\":\".svg\",\"source\":{\"concatemoji\":\"https:\\/\\/www.cs.uci.edu\\/wp-includes\\/js\\/wp-emoji-release.min.js?ver=5.2.3\"}};\n\t\t\t!function(a,b,c){function d(a,b){var c=String.fromCharCode;l.clearRect(0,0,k.width,k.height),l.fillText(c.apply(this,a),0,0);var d=k.toDataURL();l.clearRect(0,0,k.width,k.height),l.fillText(c.apply(this,b),0,0);var e=k.toDataURL();return d===e}function e(a){var b;if(!l||!l.fillText)return!1;switch(l.textBaseline=\"top\",l.font=\"600 32px Arial\",a){case\"flag\":return!(b=d([55356,56826,55356,56819],[55356,56826,8203,55356,56819]))&&(b=d([55356,57332,56128,56423,56128,56418,56128,56421,56128,56430,56128,56423,56128,56447],[55356,57332,8203,56128,56423,8203,56128,56418,8203,56128,56421,8203,56128,56430,8203,56128,56423,8203,56128,56447]),!b);case\"emoji\":return b=d([55357,56424,55356,57342,8205,55358,56605,8205,55357,56424,55356,57340],[55357,56424,55356,57342,8203,55358,56605,8203,55357,56424,55356,57340]),!b}return!1}function f(a){var c=b.createElement(\"script\");c.src=a,c.defer=c.type=\"text/javascript\",b.getElementsByTagName(\"head\")[0].appendChild(c)}var g,h,i,j,k=b.createElement(\"canvas\"),l=k.getContext&&k.getContext(\"2d\");for(j=Array(\"flag\",\"emoji\"),c.supports={everything:!0,everythingExceptFlag:!0},i=0;i<j.length;i++)c.supports[j[i]]=e(j[i]),c.supports.everything=c.supports.everything&&c.supports[j[i]],\"flag\"!==j[i]&&(c.supports.everythingExceptFlag=c.supports.everythingExceptFlag&&c.supports[j[i]]);c.supports.everythingExceptFlag=c.supports.everythingExceptFlag&&!c.supports.flag,c.DOMReady=!1,c.readyCallback=function(){c.DOMReady=!0},c.supports.everything||(h=function(){c.readyCallback()},b.addEventListener?(b.addEventListener(\"DOMContentLoaded\",h,!1),a.addEventListener(\"load\",h,!1)):(a.attachEvent(\"onload\",h),b.attachEvent(\"onreadystatechange\",function(){\"complete\"===b.readyState&&c.readyCallback()})),g=c.source||{},g.concatemoji?f(g.concatemoji):g.wpemoji&&g.twemoji&&(f(g.twemoji),f(g.wpemoji)))}(window,document,window._wpemojiSettings);\n\t\t</script>\n\t\t<style type=\"text/css\">\nimg.wp-smiley,\nimg.emoji {\n\tdisplay: inline !important;\n\tborder: none !important;\n\tbox-shadow: none !important;\n\theight: 1em !important;\n\twidth: 1em !important;\n\tmargin: 0 .07em !important;\n\tvertical-align: -0.1em !important;\n\tbackground: none !important;\n\tpadding: 0 !important;\n}\n</style>\n\t<link rel='stylesheet' id='genesis-sample-theme-css'  href='https://www.cs.uci.edu/wp-content/cs/themes/genesis-cs-retry/style.css?ver=2.1.2' type='text/css' media='all' />\n<link rel='stylesheet' id='wp-block-library-css'  href='https://www.cs.uci.edu/wp-includes/css/dist/block-library/style.min.css?ver=5.2.3' type='text/css' media='all' />\n<link rel='stylesheet' id='feedzy-rss-feeds-css'  href='https://www.cs.uci.edu/wp-content/cs/plugins/feedzy-rss-feeds/css/feedzy-rss-feeds.css?ver=3.3.2' type='text/css' media='all' />\n<link rel='stylesheet' id='collapseomatic-css-css'  href='https://www.cs.uci.edu/wp-content/cs/plugins/jquery-collapse-o-matic/light_style.css?ver=1.6' type='text/css' media='all' />\n<link rel='stylesheet' id='google-fonts-css'  href='//fonts.googleapis.com/css?family=Lato%3A300%2C400%2C700&#038;ver=2.1.2' type='text/css' media='all' />\n<link rel='stylesheet' id='slider_styles-css'  href='https://www.cs.uci.edu/wp-content/cs/plugins/genesis-responsive-slider/style.css?ver=0.9.5' type='text/css' media='all' />\n<script type='text/javascript' src='https://www.cs.uci.edu/wp-includes/js/jquery/jquery.js?ver=1.12.4-wp'></script>\n<script type='text/javascript' src='https://www.cs.uci.edu/wp-includes/js/jquery/jquery-migrate.min.js?ver=1.4.1'></script>\n<!--[if lt IE 9]>\n<script type='text/javascript' src='https://www.cs.uci.edu/wp-content/cs/themes/genesis/lib/js/html5shiv.min.js?ver=3.7.3'></script>\n<![endif]-->\n<script type='text/javascript' src='https://www.cs.uci.edu/wp-content/cs/themes/genesis-cs-retry/js/jquery.collapse.js?ver=5.2.3'></script>\n<link rel='https://api.w.org/' href='https://www.cs.uci.edu/wp-json/' />\n<link rel=\"EditURI\" type=\"application/rsd+xml\" title=\"RSD\" href=\"https://www.cs.uci.edu/xmlrpc.php?rsd\" />\n<link rel=\"alternate\" type=\"application/json+oembed\" href=\"https://www.cs.uci.edu/wp-json/oembed/1.0/embed?url=https%3A%2F%2Fwww.cs.uci.edu%2Fpierre-baldis-transformative-ai-leadership%2F\" />\n<link rel=\"alternate\" type=\"text/xml+oembed\" href=\"https://www.cs.uci.edu/wp-json/oembed/1.0/embed?url=https%3A%2F%2Fwww.cs.uci.edu%2Fpierre-baldis-transformative-ai-leadership%2F&#038;format=xml\" />\n<meta name=\"tec-api-version\" content=\"v1\"><meta name=\"tec-api-origin\" content=\"https://www.cs.uci.edu\"><link rel=\"https://theeventscalendar.com/\" href=\"https://www.cs.uci.edu/wp-json/tribe/events/v1/\" /><link rel=\"icon\" href=\"https://www.cs.uci.edu/wp-content/cs/themes/genesis-cs-retry/images/favicon.ico\" />\n<link rel=\"pingback\" href=\"https://www.cs.uci.edu/xmlrpc.php\" />\n\t\t<style type=\"text/css\" id=\"wp-custom-css\">\n\t\t\t.job-ops .name{\n\twidth:53% !important;\n\tfont-size:.95em !important;\n\tline-height:1.5em !important;\n}\n.job-ops .job-number{\n\twidth:23% !important;\n\tfont-size:.75em !important;\n}\n.job-ops .submission-dates{\n\twidth:53% !important;\n\tfont-size:.95em !important;\n\tline-height:1.5em !important;\n}\n\n.people_table img{\n\twidth:150px;\n}\n\n.apply-now-btn{\n\tborder:1px solid #ffffff;\n\tborder-radius:3px;\n\tpadding:7px 15px 7px 15px;\n}\n.undergrad-tbl td{padding:10px;}\n.staffcsl-tbl td{padding:10px;}\n\n\n.rss_header { display: none;}\t\t</style>\n\t\t</head>\n<body class=\"post-template-default single single-post postid-2060 single-format-standard tribe-no-js header-image content-sidebar elementor-default\" itemscope itemtype=\"http://schema.org/WebPage\"><div class=\"site-container\"><header class=\"site-header\" itemscope itemtype=\"http://schema.org/WPHeader\"><div class=\"wrap\"><div class=\"title-area\"><h1 class=\"site-title\">\n\n      <div id='dept_header'>\n\n         <a id='dept_link' href='http://www.cs.uci.edu/' TITLE='Department of Computer Science in the Donald Bren School of Information and Computer Sciences @ UC Irvine'></a>\n\n         <a id='uci_link' href='http://www.uci.edu/' TITLE='University of California, Irvine'></a>\n\n         <a id='school_link' href='http://www.ics.uci.edu/' TITLE='Donald Bren School of Information and Computer Sciences'></a>\n\n      </div>\n\n   </h1></div><div class=\"widget-area header-widget-area\"><section id=\"search-4\" class=\"widget widget_search\"><div class=\"widget-wrap\"><form class=\"search-form\" itemprop=\"potentialAction\" itemscope itemtype=\"http://schema.org/SearchAction\" method=\"get\" action=\"https://www.cs.uci.edu/\" role=\"search\"><meta itemprop=\"target\" content=\"https://www.cs.uci.edu/?s={s}\"/><input itemprop=\"query-input\" type=\"search\" name=\"s\" placeholder=\"Search this site...\" /><input type=\"submit\" value=\"Search\"  /></form></div></section>\n</div></div></header><nav class=\"nav-primary\" itemscope itemtype=\"http://schema.org/SiteNavigationElement\"><div class=\"wrap\"><ul id=\"menu-header-menu\" class=\"menu genesis-nav-menu menu-primary\"><li id=\"menu-item-17\" class=\"menu-item menu-item-type-post_type menu-item-object-page menu-item-has-children menu-item-17\"><a href=\"https://www.cs.uci.edu/about-the-department/\" itemprop=\"url\"><span itemprop=\"name\">Explore</span></a>\n<ul class=\"sub-menu\">\n\t<li id=\"menu-item-58\" class=\"menu-item menu-item-type-post_type menu-item-object-page menu-item-58\"><a href=\"https://www.cs.uci.edu/contact/\" itemprop=\"url\"><span itemprop=\"name\">Contact Us</span></a></li>\n</ul>\n</li>\n<li id=\"menu-item-16\" class=\"menu-item menu-item-type-post_type menu-item-object-page menu-item-16\"><a href=\"https://www.cs.uci.edu/faculty/\" itemprop=\"url\"><span itemprop=\"name\">Faculty</span></a></li>\n<li id=\"menu-item-18\" class=\"menu-item menu-item-type-custom menu-item-object-custom menu-item-has-children menu-item-18\"><a href=\"#\" itemprop=\"url\"><span itemprop=\"name\">Research</span></a>\n<ul class=\"sub-menu\">\n\t<li id=\"menu-item-2407\" class=\"menu-item menu-item-type-post_type menu-item-object-page menu-item-2407\"><a href=\"https://www.cs.uci.edu/cs-research-areas/\" itemprop=\"url\"><span itemprop=\"name\">Research Areas</span></a></li>\n\t<li id=\"menu-item-50\" class=\"menu-item menu-item-type-post_type menu-item-object-page menu-item-50\"><a href=\"https://www.cs.uci.edu/research-centers/\" itemprop=\"url\"><span itemprop=\"name\">Research Centers</span></a></li>\n</ul>\n</li>\n<li id=\"menu-item-370\" class=\"menu-item menu-item-type-custom menu-item-object-custom menu-item-has-children menu-item-370\"><a href=\"#\" itemprop=\"url\"><span itemprop=\"name\">Graduate Degrees</span></a>\n<ul class=\"sub-menu\">\n\t<li id=\"menu-item-372\" class=\"menu-item menu-item-type-post_type menu-item-object-page menu-item-372\"><a href=\"https://www.cs.uci.edu/graduate-computer-science-programs/\" itemprop=\"url\"><span itemprop=\"name\">Computer Science Programs</span></a></li>\n\t<li id=\"menu-item-371\" class=\"menu-item menu-item-type-post_type menu-item-object-page menu-item-371\"><a href=\"https://www.cs.uci.edu/current-graduate-students/\" itemprop=\"url\"><span itemprop=\"name\">Current Graduate Students</span></a></li>\n</ul>\n</li>\n<li id=\"menu-item-1915\" class=\"menu-item menu-item-type-post_type menu-item-object-page menu-item-1915\"><a href=\"https://www.cs.uci.edu/undergraduate-programs/\" itemprop=\"url\"><span itemprop=\"name\">Undergraduate Degrees</span></a></li>\n<li id=\"menu-item-1382\" class=\"menu-item menu-item-type-custom menu-item-object-custom menu-item-has-children menu-item-1382\"><a href=\"#\" itemprop=\"url\"><span itemprop=\"name\">News  &#038; Events</span></a>\n<ul class=\"sub-menu\">\n\t<li id=\"menu-item-1688\" class=\"menu-item menu-item-type-custom menu-item-object-custom menu-item-1688\"><a href=\"/news\" itemprop=\"url\"><span itemprop=\"name\">News</span></a></li>\n\t<li id=\"menu-item-1423\" class=\"menu-item menu-item-type-custom menu-item-object-custom menu-item-1423\"><a href=\"/events/computer-science-seminar-series/\" itemprop=\"url\"><span itemprop=\"name\">Seminar Series</span></a></li>\n\t<li id=\"menu-item-1655\" class=\"menu-item menu-item-type-custom menu-item-object-custom menu-item-1655\"><a href=\"/events/distinguished-lecture-series/\" itemprop=\"url\"><span itemprop=\"name\">Distinguished Lecture Series</span></a></li>\n\t<li id=\"menu-item-1442\" class=\"menu-item menu-item-type-custom menu-item-object-custom menu-item-1442\"><a href=\"/event/2017-computer-science-research-showcase/\" itemprop=\"url\"><span itemprop=\"name\">Research Showcase</span></a></li>\n</ul>\n</li>\n<li id=\"menu-item-1873\" class=\"menu-item menu-item-type-custom menu-item-object-custom menu-item-has-children menu-item-1873\"><a href=\"#\" itemprop=\"url\"><span itemprop=\"name\"><span class=\"apply-now-btn\">Apply Now</span></span></a>\n<ul class=\"sub-menu\">\n\t<li id=\"menu-item-1875\" class=\"menu-item menu-item-type-custom menu-item-object-custom menu-item-1875\"><a target=\"_blank\" rel=\"noopener noreferrer\" href=\"https://www.admissions.uci.edu/apply/index.php\" itemprop=\"url\"><span itemprop=\"name\">Undergraduate Admissions</span></a></li>\n\t<li id=\"menu-item-1874\" class=\"menu-item menu-item-type-custom menu-item-object-custom menu-item-1874\"><a target=\"_blank\" rel=\"noopener noreferrer\" href=\"https://apply.grad.uci.edu/apply/\" itemprop=\"url\"><span itemprop=\"name\">Graduate Admissions</span></a></li>\n\t<li id=\"menu-item-1927\" class=\"menu-item menu-item-type-post_type menu-item-object-page menu-item-1927\"><a href=\"https://www.cs.uci.edu/job-opportunities/\" itemprop=\"url\"><span itemprop=\"name\">Faculty Candidates</span></a></li>\n</ul>\n</li>\n</ul></div></nav><div class=\"site-inner\"><div class=\"content-sidebar-wrap\"><main class=\"content\"><article class=\"post-2060 post type-post status-publish format-standard category-feature entry\" itemscope itemtype=\"http://schema.org/CreativeWork\"><header class=\"entry-header\"><h1 class=\"entry-title\" itemprop=\"headline\">Pierre Baldi\u2019s Transformative AI Leadership</h1> \n<p class=\"entry-meta\"><time class=\"entry-time\" itemprop=\"datePublished\" datetime=\"2019-02-28T13:40:19-07:00\">February 28, 2019</time> </p></header><div class=\"entry-content\" itemprop=\"text\">\n<div class=\"wp-block-image\"><figure class=\"alignright is-resized\"><img src=\"http://www.cs.uci.edu/wp-content/cs/uploads/PierreBaldi-819x1024.jpg\" alt=\"\" class=\"wp-image-1350\" width=\"205\" height=\"256\" srcset=\"https://www.cs.uci.edu/wp-content/cs/uploads/PierreBaldi-819x1024.jpg 819w, https://www.cs.uci.edu/wp-content/cs/uploads/PierreBaldi-240x300.jpg 240w, https://www.cs.uci.edu/wp-content/cs/uploads/PierreBaldi-768x960.jpg 768w, https://www.cs.uci.edu/wp-content/cs/uploads/PierreBaldi.jpg 1000w\" sizes=\"(max-width: 205px) 100vw, 205px\" /></figure></div>\n\n\n\n<p>At the end of January, Distinguished&nbsp;Professor of Computer Science&nbsp;<a href=\"http://www.igb.uci.edu/~pfbaldi/\" target=\"_blank\" rel=\"noreferrer noopener\">Pierre Baldi</a>&nbsp;was recognized for his significant contributions to artificial intelligence (AI). He made the list of&nbsp;innovative and entrepreneurial AI leaders&nbsp;compiled by<a href=\"https://www.dka.global/\" target=\"_blank\" rel=\"noreferrer noopener\">Deep Knowledge Analytics</a>&nbsp;in its&nbsp;<a href=\"https://www.linkedin.com/pulse/top-100-ai-leaders-drug-discovery-advanced-healthcare-colangelo/\" target=\"_blank\" rel=\"noreferrer noopener\">report</a>, \u201cTop 100 AI Leaders in Drug Discovery and Advanced Healthcare.\u201d It is no surprise to see Baldi on the list, given his application of AI to&nbsp;detect everything from&nbsp;<a href=\"https://www.ncbi.nlm.nih.gov/pubmed/28113340\" target=\"_blank\" rel=\"noreferrer noopener\">cardiovascular disease</a>&nbsp;and<a href=\"https://www.ncbi.nlm.nih.gov/pubmed/28364643\" target=\"_blank\" rel=\"noreferrer noopener\">spinal metastasis</a>&nbsp;to&nbsp;<a href=\"https://www.gastrojournal.org/article/S0016-5085(18)34659-6/fulltext\" target=\"_blank\" rel=\"noreferrer noopener\">colorectal cancers</a>&nbsp;and&nbsp;<a href=\"http://www.ajnr.org/content/early/2018/05/10/ajnr.A5667\" target=\"_blank\" rel=\"noreferrer noopener\">glioma in the brain</a>. His research collaborations are helping medical professionals greatly improve diagnostic techniques and advance healthcare.</p>\n\n\n\n<span id=\"more-2060\"></span>\n\n\n\n<p>Yet Baldi\u2019s leadership in AI extends far beyond the realm of healthcare. He helped create an AI Institute through the Donald Bren School of Information and Computer Sciences (<a href=\"https://www.ics.uci.edu/\" target=\"_blank\" rel=\"noreferrer noopener\">ICS</a>) in December 2018, and he is now working to secure funding by turning the institute into an organized research unit (<a href=\"https://research.uci.edu/centers-institutes/organized-research-units.html\" target=\"_blank\" rel=\"noreferrer noopener\">ORU</a>) with faculty support from each of the UCI schools. \u201cBecause AI is so pervasive and touches virtually every area of science and technology, crossing traditional disciplinary boundaries, it is sensible to create a campuswide institute dedicated to the study of all aspects of AI,\u201d explains Baldi. His proposal has been finalized and is now making its way through the necessary administrative channels before being submitted to the UCI Office of the Vice Chancellor for Research.</p>\n\n\n\n<p>The proposal comes on the heels of an&nbsp;<a href=\"https://www.whitehouse.gov/presidential-actions/executive-order-maintaining-american-leadership-artificial-intelligence/\" target=\"_blank\" rel=\"noreferrer noopener\">executive order</a>&nbsp;focused on&nbsp;\u201cMaintaining American Leadership in Artificial Intelligence.\u201d&nbsp;<a href=\"https://www.whitehouse.gov/articles/accelerating-americas-leadership-in-artificial-intelligence/\" target=\"_blank\" rel=\"noreferrer noopener\">According to</a>&nbsp;President Donald Trump, who issued the order on Feb. 11, \u201ccontinued American leadership in Artificial Intelligence is of paramount importance to maintaining the economic and national security of the United States.\u201d The U.S. is looking for ways to pull ahead of China in the&nbsp;<a href=\"https://www.cnbc.com/2018/12/14/china-could-surpass-the-us-in-artificial-intelligence-tech-heres-how.html\" target=\"_blank\" rel=\"noreferrer noopener\">race</a>&nbsp;to fully realize AI\u2019s potential.</p>\n\n\n\n<p>\u201cGiven the strategic importance of AI, the adversarial component of the U.S.-China relationship, and the significant investments China is making in AI, \u201c says Baldi, \u201cit is natural for U.S. leaders to be concerned about the U.S. falling behind China in AI.\u201d</p>\n\n\n\n<p>Although the executive order doesn\u2019t explicitly offer new funding, it does calls for \u201cfederal investment in AI research and development.\u201d According to Baldi, this investment is crucial. \u201cTo further develop AI requires additional funding for AI research and education,\u201d he says, explaining that funding often comes from government agencies, such as the National Science Foundation (<a href=\"https://www.nsf.gov/\" target=\"_blank\" rel=\"noreferrer noopener\">NSF</a>). \u201cIncreasing the NSF budget is one of the key components to further developing AI,\u201d he notes. \u201cIn addition, by its very nature, AI creates new ethical, legal, workforce and societal problems that will require a lot of thinking and debating, and some level of regulation and new legislation.\u201d</p>\n\n\n\n<p>Baldi has stressed the need to address these emerging problems in his proposal for recognizing the AI Institute as an ORU, admitting that we\u2019re still in the very early stages of AI development. \u201cA simple analogy would be to say that AI is to general intelligence today as the Wright brothers were to aviation in the early 1900s,\u201d says Baldi. \u201cWe know how to build systems that can fly only over very short distances.\u201d</p>\n\n\n\n<p>He hopes to leverage faculty expertise in AI and machine learning, ensuring UCI takes a strong leadership role in helping AI take further flight. \u201cIt is not an exaggeration to suggest that the universities that will play a leading role in the 21st century, training the next generation of AI investigators, will be those that invest broadly in AI now.\u201d</p>\n\n\n\n<p>In fact, Baldi is already finding ways to better train next-generation AI researchers. The School of ICS recently accepted his&nbsp;proposal to create a course for both undergraduate and graduate students, \u201cArtificial Intelligence Frontiers: Technical, Ethical, and Societal,\u201d which will complement the more technical AI courses currently offered.&nbsp;This course is just one small part of Baldi\u2019s plans for UCI in terms AI research and education developments.</p>\n\n\n\n<p>\u2014&nbsp;<em>Shani Murray</em><br></p>\n<!--<rdf:RDF xmlns:rdf=\"http://www.w3.org/1999/02/22-rdf-syntax-ns#\"\n\t\t\txmlns:dc=\"http://purl.org/dc/elements/1.1/\"\n\t\t\txmlns:trackback=\"http://madskills.com/public/xml/rss/module/trackback/\">\n\t\t<rdf:Description rdf:about=\"https://www.cs.uci.edu/pierre-baldis-transformative-ai-leadership/\"\n    dc:identifier=\"https://www.cs.uci.edu/pierre-baldis-transformative-ai-leadership/\"\n    dc:title=\"Pierre Baldi\u2019s Transformative AI Leadership\"\n    trackback:ping=\"https://www.cs.uci.edu/pierre-baldis-transformative-ai-leadership/trackback/\" />\n</rdf:RDF>-->\n</div><footer class=\"entry-footer\"></footer></article><div class=\"adjacent-entry-pagination pagination\"><div class=\"pagination-previous alignleft\"><a href=\"https://www.cs.uci.edu/abc-australian-citizens-are-unwitting-combatants-in-cyberspace-defence-boss-says/\" rel=\"prev\">&#x000AB; ABC: &#8220;Australian citizens are unwitting &#8216;combatants&#8217; in cyberspace, Defence boss says&#8221;</a></div><div class=\"pagination-next alignright\"><a href=\"https://www.cs.uci.edu/professor-scott-jordan-testifies-at-california-assemblys-privacy-hearing/\" rel=\"next\">Professor Scott Jordan Testifies at California Assembly&#8217;s Privacy Hearing &#x000BB;</a></div></div></main><aside class=\"sidebar sidebar-primary widget-area\" role=\"complementary\" aria-label=\"Primary Sidebar\" itemscope itemtype=\"http://schema.org/WPSideBar\">\t\t<section id=\"recent-posts-3\" class=\"widget widget_recent_entries\"><div class=\"widget-wrap\">\t\t<h4 class=\"widget-title widgettitle\">Latest news</h4>\n\t\t<ul>\n\t\t\t\t\t\t\t\t\t\t\t<li>\n\t\t\t\t\t<a href=\"https://www.cs.uci.edu/sangeetha-abdu-jyothi-attends-the-heidelberg-laureate-forum/\">Sangeetha Abdu Jyothi Attends the Heidelberg Laureate Forum</a>\n\t\t\t\t\t\t\t\t\t\t\t<span class=\"post-date\">October 8, 2019</span>\n\t\t\t\t\t\t\t\t\t</li>\n\t\t\t\t\t\t\t\t\t\t\t<li>\n\t\t\t\t\t<a href=\"https://www.cs.uci.edu/senior-spotlight-taneisha-arora-pursues-her-passions-from-working-in-industry-to-running-a-bakery/\">Senior Spotlight: Taneisha Arora Pursues Her Passions, From Working in Industry to Running a Bakery</a>\n\t\t\t\t\t\t\t\t\t\t\t<span class=\"post-date\">October 7, 2019</span>\n\t\t\t\t\t\t\t\t\t</li>\n\t\t\t\t\t\t\t\t\t\t\t<li>\n\t\t\t\t\t<a href=\"https://www.cs.uci.edu/ramesh-jain-wins-inaugural-ieee-tcmc-impact-award/\">Ramesh Jain Wins Inaugural IEEE TCMC Impact Award</a>\n\t\t\t\t\t\t\t\t\t\t\t<span class=\"post-date\">October 3, 2019</span>\n\t\t\t\t\t\t\t\t\t</li>\n\t\t\t\t\t\t\t\t\t\t\t<li>\n\t\t\t\t\t<a href=\"https://www.cs.uci.edu/uci-other-researchers-develop-deep-learning-technique-to-id-at-risk-anatomy-in-ct-scans/\">UCI, other researchers develop deep-learning technique to ID at-risk anatomy in CT scans</a>\n\t\t\t\t\t\t\t\t\t\t\t<span class=\"post-date\">October 2, 2019</span>\n\t\t\t\t\t\t\t\t\t</li>\n\t\t\t\t\t\t\t\t\t\t\t<li>\n\t\t\t\t\t<a href=\"https://www.cs.uci.edu/science-101-ai-solves-a-rubiks-cube-without-human-help-pierre-baldi-research-mentioned/\">Science 101: &#8220;AI solves a Rubik\u2019s cube without human help&#8221; (Pierre Baldi research mentioned)</a>\n\t\t\t\t\t\t\t\t\t\t\t<span class=\"post-date\">September 27, 2019</span>\n\t\t\t\t\t\t\t\t\t</li>\n\t\t\t\t\t</ul>\n\t\t</div></section>\n</aside></div></div><footer class=\"site-footer\" itemscope itemtype=\"http://schema.org/WPFooter\"><div class=\"wrap\">\t\t\t<div class=\"group\">\n\n\t\t\t\t<div id=\"bren\">\n\t\t\t\t\t\t<a href=\"http://www.ics.uci.edu/\"><img src=\"//www.cs.uci.edu//wp-content/cs/uploads/DBren_InfoCompSc_logo-UPDATED.png\"></a>\n\t\t\t\t</div>\n\n\t\t\t\t<div class=\"footer-info\">\n\t\t\t\t\t<UL>\n\t\t\t\t\t   <LI>&copy; 2019 UC Regents</LI>\n\t\t\t\t\t   <LI><A HREF=\"mailto:communications@ics.uci.edu\">Feedback</A></LI>\n\t\t\t\t\t   <LI><A HREF=\"http://uci.edu/privacy/\">Privacy Policy</A></LI>\n\t\t\t\t\t</UL>\n\t\t\t\t</div><!-- .footer-info -->\n\n\t\t\t</div>\n\t</div></footer></div><script type='text/javascript'>\nvar colomatduration = 'fast';\nvar colomatslideEffect = 'slideFade';\n</script>\t\t<script>\n\t\t( function ( body ) {\n\t\t\t'use strict';\n\t\t\tbody.className = body.className.replace( /\\btribe-no-js\\b/, 'tribe-js' );\n\t\t} )( document.body );\n\t\t</script>\n\t\t<script>\n  (function(i,s,o,g,r,a,m){i['GoogleAnalyticsObject']=r;i[r]=i[r]||function(){\n  (i[r].q=i[r].q||[]).push(arguments)},i[r].l=1*new Date();a=s.createElement(o),\n  m=s.getElementsByTagName(o)[0];a.async=1;a.src=g;m.parentNode.insertBefore(a,m)\n  })(window,document,'script','https://www.google-analytics.com/analytics.js','ga');\n\n  ga('create', 'UA-605898-2', 'auto');\n  ga('send', 'pageview');\n\n</script>\n<script type='text/javascript'>jQuery(document).ready(function($) {$(\".flexslider\").flexslider({controlsContainer: \"#genesis-responsive-slider\",animation: \"fade\",directionNav: 0,controlNav: 1,animationDuration: 1000,slideshowSpeed: 10000    });  });</script><script> /* <![CDATA[ */var tribe_l10n_datatables = {\"aria\":{\"sort_ascending\":\": activate to sort column ascending\",\"sort_descending\":\": activate to sort column descending\"},\"length_menu\":\"Show _MENU_ entries\",\"empty_table\":\"No data available in table\",\"info\":\"Showing _START_ to _END_ of _TOTAL_ entries\",\"info_empty\":\"Showing 0 to 0 of 0 entries\",\"info_filtered\":\"(filtered from _MAX_ total entries)\",\"zero_records\":\"No matching records found\",\"search\":\"Search:\",\"all_selected_text\":\"All items on this page were selected. \",\"select_all_link\":\"Select all pages\",\"clear_selection\":\"Clear Selection.\",\"pagination\":{\"all\":\"All\",\"next\":\"Next\",\"previous\":\"Previous\"},\"select\":{\"rows\":{\"0\":\"\",\"_\":\": Selected %d rows\",\"1\":\": Selected 1 row\"}},\"datepicker\":{\"dayNames\":[\"Sunday\",\"Monday\",\"Tuesday\",\"Wednesday\",\"Thursday\",\"Friday\",\"Saturday\"],\"dayNamesShort\":[\"Sun\",\"Mon\",\"Tue\",\"Wed\",\"Thu\",\"Fri\",\"Sat\"],\"dayNamesMin\":[\"S\",\"M\",\"T\",\"W\",\"T\",\"F\",\"S\"],\"monthNames\":[\"January\",\"February\",\"March\",\"April\",\"May\",\"June\",\"July\",\"August\",\"September\",\"October\",\"November\",\"December\"],\"monthNamesShort\":[\"January\",\"February\",\"March\",\"April\",\"May\",\"June\",\"July\",\"August\",\"September\",\"October\",\"November\",\"December\"],\"nextText\":\"Next\",\"prevText\":\"Prev\",\"currentText\":\"Today\",\"closeText\":\"Done\"}};/* ]]> */ </script><script type='text/javascript' src='https://www.cs.uci.edu/wp-content/cs/plugins/jquery-collapse-o-matic/js/collapse.js?ver=1.6.5'></script>\n<script type='text/javascript' src='https://www.cs.uci.edu/wp-content/cs/plugins/genesis-responsive-slider/js/jquery.flexslider.js?ver=0.9.5'></script>\n<script type='text/javascript' src='https://www.cs.uci.edu/wp-includes/js/wp-embed.min.js?ver=5.2.3'></script>\n</body></html>\r\n", "encoding": "utf-8"}