{"url": "https://www.cs.uci.edu/alumni-spotlights-ics-grads-help-autogravity-revolutionize-digital-car-buying/", "content": "<!DOCTYPE html>\n<html lang=\"en-US\">\n<head >\n<meta charset=\"UTF-8\" />\n<title>Alumni Spotlights: ICS Grads Help AutoGravity Revolutionize Digital Car Buying</title>\t\t<meta name=\"robots\" content=\"noodp,noydir\" />\n\t\t<meta name=\"viewport\" content=\"width=device-width, initial-scale=1\" />\n\n\t\t<style type=\"text/css\">\n\t\t\t.slide-excerpt { width: 50%; }\n\t\t\t.slide-excerpt { bottom: 0; }\n\t\t\t.slide-excerpt { left: 0; }\n\t\t\t.flexslider { max-width: 1180px; max-height: 340px; }\n\t\t\t.slide-image { max-height: 340px; }\n\t\t</style>\n\t\t<style type=\"text/css\">\n\t\t\t@media only screen\n\t\t\tand (min-device-width : 320px)\n\t\t\tand (max-device-width : 480px) {\n\t\t\t\t.slide-excerpt { display: none !important; }\n\t\t\t}\n\t\t</style> <link rel='dns-prefetch' href='//fonts.googleapis.com' />\n<link rel='dns-prefetch' href='//s.w.org' />\n<link rel=\"alternate\" type=\"application/rss+xml\" title=\"Department of Computer Science - Donald Bren School of Information &amp; Computer Sciences &raquo; Feed\" href=\"https://www.cs.uci.edu/feed/\" />\n<link rel=\"alternate\" type=\"application/rss+xml\" title=\"Department of Computer Science - Donald Bren School of Information &amp; Computer Sciences &raquo; Comments Feed\" href=\"https://www.cs.uci.edu/comments/feed/\" />\n<link rel=\"alternate\" type=\"text/calendar\" title=\"Department of Computer Science - Donald Bren School of Information &amp; Computer Sciences &raquo; iCal Feed\" href=\"https://www.cs.uci.edu/events/?ical=1\" />\n<link rel=\"canonical\" href=\"https://www.cs.uci.edu/alumni-spotlights-ics-grads-help-autogravity-revolutionize-digital-car-buying/\" />\n\t\t<script type=\"text/javascript\">\n\t\t\twindow._wpemojiSettings = {\"baseUrl\":\"https:\\/\\/s.w.org\\/images\\/core\\/emoji\\/12.0.0-1\\/72x72\\/\",\"ext\":\".png\",\"svgUrl\":\"https:\\/\\/s.w.org\\/images\\/core\\/emoji\\/12.0.0-1\\/svg\\/\",\"svgExt\":\".svg\",\"source\":{\"concatemoji\":\"https:\\/\\/www.cs.uci.edu\\/wp-includes\\/js\\/wp-emoji-release.min.js?ver=5.2.3\"}};\n\t\t\t!function(a,b,c){function d(a,b){var c=String.fromCharCode;l.clearRect(0,0,k.width,k.height),l.fillText(c.apply(this,a),0,0);var d=k.toDataURL();l.clearRect(0,0,k.width,k.height),l.fillText(c.apply(this,b),0,0);var e=k.toDataURL();return d===e}function e(a){var b;if(!l||!l.fillText)return!1;switch(l.textBaseline=\"top\",l.font=\"600 32px Arial\",a){case\"flag\":return!(b=d([55356,56826,55356,56819],[55356,56826,8203,55356,56819]))&&(b=d([55356,57332,56128,56423,56128,56418,56128,56421,56128,56430,56128,56423,56128,56447],[55356,57332,8203,56128,56423,8203,56128,56418,8203,56128,56421,8203,56128,56430,8203,56128,56423,8203,56128,56447]),!b);case\"emoji\":return b=d([55357,56424,55356,57342,8205,55358,56605,8205,55357,56424,55356,57340],[55357,56424,55356,57342,8203,55358,56605,8203,55357,56424,55356,57340]),!b}return!1}function f(a){var c=b.createElement(\"script\");c.src=a,c.defer=c.type=\"text/javascript\",b.getElementsByTagName(\"head\")[0].appendChild(c)}var g,h,i,j,k=b.createElement(\"canvas\"),l=k.getContext&&k.getContext(\"2d\");for(j=Array(\"flag\",\"emoji\"),c.supports={everything:!0,everythingExceptFlag:!0},i=0;i<j.length;i++)c.supports[j[i]]=e(j[i]),c.supports.everything=c.supports.everything&&c.supports[j[i]],\"flag\"!==j[i]&&(c.supports.everythingExceptFlag=c.supports.everythingExceptFlag&&c.supports[j[i]]);c.supports.everythingExceptFlag=c.supports.everythingExceptFlag&&!c.supports.flag,c.DOMReady=!1,c.readyCallback=function(){c.DOMReady=!0},c.supports.everything||(h=function(){c.readyCallback()},b.addEventListener?(b.addEventListener(\"DOMContentLoaded\",h,!1),a.addEventListener(\"load\",h,!1)):(a.attachEvent(\"onload\",h),b.attachEvent(\"onreadystatechange\",function(){\"complete\"===b.readyState&&c.readyCallback()})),g=c.source||{},g.concatemoji?f(g.concatemoji):g.wpemoji&&g.twemoji&&(f(g.twemoji),f(g.wpemoji)))}(window,document,window._wpemojiSettings);\n\t\t</script>\n\t\t<style type=\"text/css\">\nimg.wp-smiley,\nimg.emoji {\n\tdisplay: inline !important;\n\tborder: none !important;\n\tbox-shadow: none !important;\n\theight: 1em !important;\n\twidth: 1em !important;\n\tmargin: 0 .07em !important;\n\tvertical-align: -0.1em !important;\n\tbackground: none !important;\n\tpadding: 0 !important;\n}\n</style>\n\t<link rel='stylesheet' id='genesis-sample-theme-css'  href='https://www.cs.uci.edu/wp-content/cs/themes/genesis-cs-retry/style.css?ver=2.1.2' type='text/css' media='all' />\n<link rel='stylesheet' id='wp-block-library-css'  href='https://www.cs.uci.edu/wp-includes/css/dist/block-library/style.min.css?ver=5.2.3' type='text/css' media='all' />\n<link rel='stylesheet' id='feedzy-rss-feeds-css'  href='https://www.cs.uci.edu/wp-content/cs/plugins/feedzy-rss-feeds/css/feedzy-rss-feeds.css?ver=3.3.2' type='text/css' media='all' />\n<link rel='stylesheet' id='collapseomatic-css-css'  href='https://www.cs.uci.edu/wp-content/cs/plugins/jquery-collapse-o-matic/light_style.css?ver=1.6' type='text/css' media='all' />\n<link rel='stylesheet' id='google-fonts-css'  href='//fonts.googleapis.com/css?family=Lato%3A300%2C400%2C700&#038;ver=2.1.2' type='text/css' media='all' />\n<link rel='stylesheet' id='slider_styles-css'  href='https://www.cs.uci.edu/wp-content/cs/plugins/genesis-responsive-slider/style.css?ver=0.9.5' type='text/css' media='all' />\n<script type='text/javascript' src='https://www.cs.uci.edu/wp-includes/js/jquery/jquery.js?ver=1.12.4-wp'></script>\n<script type='text/javascript' src='https://www.cs.uci.edu/wp-includes/js/jquery/jquery-migrate.min.js?ver=1.4.1'></script>\n<!--[if lt IE 9]>\n<script type='text/javascript' src='https://www.cs.uci.edu/wp-content/cs/themes/genesis/lib/js/html5shiv.min.js?ver=3.7.3'></script>\n<![endif]-->\n<script type='text/javascript' src='https://www.cs.uci.edu/wp-content/cs/themes/genesis-cs-retry/js/jquery.collapse.js?ver=5.2.3'></script>\n<link rel='https://api.w.org/' href='https://www.cs.uci.edu/wp-json/' />\n<link rel=\"EditURI\" type=\"application/rsd+xml\" title=\"RSD\" href=\"https://www.cs.uci.edu/xmlrpc.php?rsd\" />\n<link rel=\"alternate\" type=\"application/json+oembed\" href=\"https://www.cs.uci.edu/wp-json/oembed/1.0/embed?url=https%3A%2F%2Fwww.cs.uci.edu%2Falumni-spotlights-ics-grads-help-autogravity-revolutionize-digital-car-buying%2F\" />\n<link rel=\"alternate\" type=\"text/xml+oembed\" href=\"https://www.cs.uci.edu/wp-json/oembed/1.0/embed?url=https%3A%2F%2Fwww.cs.uci.edu%2Falumni-spotlights-ics-grads-help-autogravity-revolutionize-digital-car-buying%2F&#038;format=xml\" />\n<meta name=\"tec-api-version\" content=\"v1\"><meta name=\"tec-api-origin\" content=\"https://www.cs.uci.edu\"><link rel=\"https://theeventscalendar.com/\" href=\"https://www.cs.uci.edu/wp-json/tribe/events/v1/\" /><link rel=\"icon\" href=\"https://www.cs.uci.edu/wp-content/cs/themes/genesis-cs-retry/images/favicon.ico\" />\n<link rel=\"pingback\" href=\"https://www.cs.uci.edu/xmlrpc.php\" />\n\t\t<style type=\"text/css\" id=\"wp-custom-css\">\n\t\t\t.job-ops .name{\n\twidth:53% !important;\n\tfont-size:.95em !important;\n\tline-height:1.5em !important;\n}\n.job-ops .job-number{\n\twidth:23% !important;\n\tfont-size:.75em !important;\n}\n.job-ops .submission-dates{\n\twidth:53% !important;\n\tfont-size:.95em !important;\n\tline-height:1.5em !important;\n}\n\n.people_table img{\n\twidth:150px;\n}\n\n.apply-now-btn{\n\tborder:1px solid #ffffff;\n\tborder-radius:3px;\n\tpadding:7px 15px 7px 15px;\n}\n.undergrad-tbl td{padding:10px;}\n.staffcsl-tbl td{padding:10px;}\n\n\n.rss_header { display: none;}\t\t</style>\n\t\t</head>\n<body class=\"post-template-default single single-post postid-1570 single-format-standard tribe-no-js header-image content-sidebar elementor-default\" itemscope itemtype=\"http://schema.org/WebPage\"><div class=\"site-container\"><header class=\"site-header\" itemscope itemtype=\"http://schema.org/WPHeader\"><div class=\"wrap\"><div class=\"title-area\"><h1 class=\"site-title\">\n\n      <div id='dept_header'>\n\n         <a id='dept_link' href='http://www.cs.uci.edu/' TITLE='Department of Computer Science in the Donald Bren School of Information and Computer Sciences @ UC Irvine'></a>\n\n         <a id='uci_link' href='http://www.uci.edu/' TITLE='University of California, Irvine'></a>\n\n         <a id='school_link' href='http://www.ics.uci.edu/' TITLE='Donald Bren School of Information and Computer Sciences'></a>\n\n      </div>\n\n   </h1></div><div class=\"widget-area header-widget-area\"><section id=\"search-4\" class=\"widget widget_search\"><div class=\"widget-wrap\"><form class=\"search-form\" itemprop=\"potentialAction\" itemscope itemtype=\"http://schema.org/SearchAction\" method=\"get\" action=\"https://www.cs.uci.edu/\" role=\"search\"><meta itemprop=\"target\" content=\"https://www.cs.uci.edu/?s={s}\"/><input itemprop=\"query-input\" type=\"search\" name=\"s\" placeholder=\"Search this site...\" /><input type=\"submit\" value=\"Search\"  /></form></div></section>\n</div></div></header><nav class=\"nav-primary\" itemscope itemtype=\"http://schema.org/SiteNavigationElement\"><div class=\"wrap\"><ul id=\"menu-header-menu\" class=\"menu genesis-nav-menu menu-primary\"><li id=\"menu-item-17\" class=\"menu-item menu-item-type-post_type menu-item-object-page menu-item-has-children menu-item-17\"><a href=\"https://www.cs.uci.edu/about-the-department/\" itemprop=\"url\"><span itemprop=\"name\">Explore</span></a>\n<ul class=\"sub-menu\">\n\t<li id=\"menu-item-58\" class=\"menu-item menu-item-type-post_type menu-item-object-page menu-item-58\"><a href=\"https://www.cs.uci.edu/contact/\" itemprop=\"url\"><span itemprop=\"name\">Contact Us</span></a></li>\n</ul>\n</li>\n<li id=\"menu-item-16\" class=\"menu-item menu-item-type-post_type menu-item-object-page menu-item-16\"><a href=\"https://www.cs.uci.edu/faculty/\" itemprop=\"url\"><span itemprop=\"name\">Faculty</span></a></li>\n<li id=\"menu-item-18\" class=\"menu-item menu-item-type-custom menu-item-object-custom menu-item-has-children menu-item-18\"><a href=\"#\" itemprop=\"url\"><span itemprop=\"name\">Research</span></a>\n<ul class=\"sub-menu\">\n\t<li id=\"menu-item-2407\" class=\"menu-item menu-item-type-post_type menu-item-object-page menu-item-2407\"><a href=\"https://www.cs.uci.edu/cs-research-areas/\" itemprop=\"url\"><span itemprop=\"name\">Research Areas</span></a></li>\n\t<li id=\"menu-item-50\" class=\"menu-item menu-item-type-post_type menu-item-object-page menu-item-50\"><a href=\"https://www.cs.uci.edu/research-centers/\" itemprop=\"url\"><span itemprop=\"name\">Research Centers</span></a></li>\n</ul>\n</li>\n<li id=\"menu-item-370\" class=\"menu-item menu-item-type-custom menu-item-object-custom menu-item-has-children menu-item-370\"><a href=\"#\" itemprop=\"url\"><span itemprop=\"name\">Graduate Degrees</span></a>\n<ul class=\"sub-menu\">\n\t<li id=\"menu-item-372\" class=\"menu-item menu-item-type-post_type menu-item-object-page menu-item-372\"><a href=\"https://www.cs.uci.edu/graduate-computer-science-programs/\" itemprop=\"url\"><span itemprop=\"name\">Computer Science Programs</span></a></li>\n\t<li id=\"menu-item-371\" class=\"menu-item menu-item-type-post_type menu-item-object-page menu-item-371\"><a href=\"https://www.cs.uci.edu/current-graduate-students/\" itemprop=\"url\"><span itemprop=\"name\">Current Graduate Students</span></a></li>\n</ul>\n</li>\n<li id=\"menu-item-1915\" class=\"menu-item menu-item-type-post_type menu-item-object-page menu-item-1915\"><a href=\"https://www.cs.uci.edu/undergraduate-programs/\" itemprop=\"url\"><span itemprop=\"name\">Undergraduate Degrees</span></a></li>\n<li id=\"menu-item-1382\" class=\"menu-item menu-item-type-custom menu-item-object-custom menu-item-has-children menu-item-1382\"><a href=\"#\" itemprop=\"url\"><span itemprop=\"name\">News  &#038; Events</span></a>\n<ul class=\"sub-menu\">\n\t<li id=\"menu-item-1688\" class=\"menu-item menu-item-type-custom menu-item-object-custom menu-item-1688\"><a href=\"/news\" itemprop=\"url\"><span itemprop=\"name\">News</span></a></li>\n\t<li id=\"menu-item-1423\" class=\"menu-item menu-item-type-custom menu-item-object-custom menu-item-1423\"><a href=\"/events/computer-science-seminar-series/\" itemprop=\"url\"><span itemprop=\"name\">Seminar Series</span></a></li>\n\t<li id=\"menu-item-1655\" class=\"menu-item menu-item-type-custom menu-item-object-custom menu-item-1655\"><a href=\"/events/distinguished-lecture-series/\" itemprop=\"url\"><span itemprop=\"name\">Distinguished Lecture Series</span></a></li>\n\t<li id=\"menu-item-1442\" class=\"menu-item menu-item-type-custom menu-item-object-custom menu-item-1442\"><a href=\"/event/2017-computer-science-research-showcase/\" itemprop=\"url\"><span itemprop=\"name\">Research Showcase</span></a></li>\n</ul>\n</li>\n<li id=\"menu-item-1873\" class=\"menu-item menu-item-type-custom menu-item-object-custom menu-item-has-children menu-item-1873\"><a href=\"#\" itemprop=\"url\"><span itemprop=\"name\"><span class=\"apply-now-btn\">Apply Now</span></span></a>\n<ul class=\"sub-menu\">\n\t<li id=\"menu-item-1875\" class=\"menu-item menu-item-type-custom menu-item-object-custom menu-item-1875\"><a target=\"_blank\" rel=\"noopener noreferrer\" href=\"https://www.admissions.uci.edu/apply/index.php\" itemprop=\"url\"><span itemprop=\"name\">Undergraduate Admissions</span></a></li>\n\t<li id=\"menu-item-1874\" class=\"menu-item menu-item-type-custom menu-item-object-custom menu-item-1874\"><a target=\"_blank\" rel=\"noopener noreferrer\" href=\"https://apply.grad.uci.edu/apply/\" itemprop=\"url\"><span itemprop=\"name\">Graduate Admissions</span></a></li>\n\t<li id=\"menu-item-1927\" class=\"menu-item menu-item-type-post_type menu-item-object-page menu-item-1927\"><a href=\"https://www.cs.uci.edu/job-opportunities/\" itemprop=\"url\"><span itemprop=\"name\">Faculty Candidates</span></a></li>\n</ul>\n</li>\n</ul></div></nav><div class=\"site-inner\"><div class=\"content-sidebar-wrap\"><main class=\"content\"><article class=\"post-1570 post type-post status-publish format-standard category-feature entry\" itemscope itemtype=\"http://schema.org/CreativeWork\"><header class=\"entry-header\"><h1 class=\"entry-title\" itemprop=\"headline\">Alumni Spotlights: ICS Grads Help AutoGravity Revolutionize Digital Car Buying</h1> \n<p class=\"entry-meta\"><time class=\"entry-time\" itemprop=\"datePublished\" datetime=\"2018-05-01T15:26:52-07:00\">May 1, 2018</time> </p></header><div class=\"entry-content\" itemprop=\"text\"><p><i>What do UCI alumni Kevin Mekhitarian, Shary Sajjadi, Justin Turpin and Johnny Zarate all have in common? These four </i><a href=\"https://www.ics.uci.edu/\"><i>ICS</i></a><i> graduates currently work at </i><a href=\"https://www.autogravity.com/\"><i>AutoGravity</i></a><i>, the Irvine startup that surpassed </i><a href=\"https://www.ocregister.com/2017/11/17/status-update-melissa-lora-taco-bells-international-president-to-retire-veterans-can-shop-military-exchanges-online-leadership-in-heels-speaker-series-nov-30/\"><i>1 million users</i></a><i> in November 2017. Founded in 2015 by Andy Hinrichs, Nicholas Stellman and Serge Vartanov, AutoGravity\u2019s car-buying app lets users find a car and dealership and, within minutes, apply for financing and select a lender.</i></p>\n<p><span id=\"more-1570\"></span></p>\n<p><i><img class=\"alignright size-thumbnail wp-image-1573\" src=\"http://www.cs.uci.edu/wp-content/cs/uploads/Shary-Sajjadi-163x143@2x-150x150.png\" alt=\"\" width=\"150\" height=\"150\" />\u201cIt is so nice to have people from the same school sitting next to me as teammates,\u201d says </i><a href=\"https://www.linkedin.com/in/shary-sajjadi-b31a2458/\"><i>Shary Sajjadi</i></a><i>, the first of the four to work at AutoGravity. Sajjadi received her bachelor\u2019s degree in electrical engineering in Iran before moving to the San Francisco Bay Area to work as an electrical engineer. She earned her master\u2019s degree in computer software engineering from UCI in 2014 and worked as a software engineer at another company before starting at AutoGravity in June 2016.</i></p>\n<p><i><img class=\"alignleft size-thumbnail wp-image-1574\" src=\"http://www.cs.uci.edu/wp-content/cs/uploads/Johnny-Zarate-163x143@2x-150x150.png\" alt=\"\" width=\"150\" height=\"150\" />One month later, </i><a href=\"https://www.linkedin.com/in/johnny-zarate-32803824/\"><i>Johnny Zarate</i></a><i> joined the team. Zarate is a Southern California native from the Inland Empire who graduated from UCI in 2012 with a bachelor\u2019s degree in computer engineering. He worked as a quality assurance (QA) developer and software engineer before moving to AutoGravity. \u201cIt\u2019s definitely easier to engage with your co-workers when you share a commonality, like graduating from UCI,\u201d says Zarate.</i></p>\n<p><img class=\"alignright size-thumbnail wp-image-1575\" src=\"http://www.cs.uci.edu/wp-content/cs/uploads/Justin-Turpin-163x143@2x-150x150.png\" alt=\"\" width=\"150\" height=\"150\" /><a href=\"https://www.linkedin.com/in/justin-turpin-99b46368/\"><i>Justin Turpin</i></a><i>, who first started programming at age 9, was brought on board in October 2016 after receiving his bachelor\u2019s degree in computer science in 2012 and working at a few other companies. Also from the Inland Empire, Turpin admits it was more than a year before he realized he was working with fellow UCI alumni!</i></p>\n<p><i><img class=\"alignleft size-thumbnail wp-image-1577\" src=\"http://www.cs.uci.edu/wp-content/cs/uploads/Kevin-Mekhitarian-163x143@2x-150x150.png\" alt=\"\" width=\"150\" height=\"150\" />That wasn\u2019t the case for </i><a href=\"https://www.linkedin.com/in/kevin-mekhitarian-520a7b109/\"><i>Kevin Mekhitarian</i></a><i>, who had previously worked with Zarate and says there is now a channel for UCI grads on the company Slack chat. Originally from Los Angeles, Mekhitarian started out in computer engineering at UCI but switched to information and computer science toward the end of his first year. He received his bachelor\u2019s degree in 2013 and moved to AutoGravity in March 2017. Of working with fellow alumni, he says \u201cit is always a treat to reminisce about old courses and teachers.\u201d</i></p>\n<p><b>Speaking of courses, how did your UCI education help prepare you for your work at AutoGravity?<br />\n</b><b><i>Sajjadi</i></b>: Learning deep concepts of software at UCI, along with being a teaching assistant, prepared me to practice my computer science skills.</p>\n<p><b><i>Zarate</i></b>: UCI gave me a glimpse of the different types of software engineering. For instance, in one of my database courses, we had to set up a webpage driven in JSP, HTML and CSS. There wasn\u2019t any guidance on how to develop the page, but once I figured out the technologies, I was able to almost instantly create something and see it on my screen. This was my first experience in web development, and I was in awe. Also, multiple times during my UCI education, I worked in groups, gaining experience in team collaboration and leaning how difficult it can be to complete a project when everyone isn\u2019t on the same page. This helped establish my work ethic.</p>\n<p><b><i>Turpin</i></b>: I gained a solid understanding of computer science from UC Irvine. Although I didn\u2019t understand it at the time, all of my professors were very knowledgeable and taught me good design practices.</p>\n<p><b><i>Mekhitarian</i></b>: My computer science education put me head and shoulders above other candidates who were self-taught or had taken boot camp courses. The classes that prepared me the most were the first three intro classes (then ICS 21, 22, and 23), coupled with two databases courses and the project course (CS 122B) with <a href=\"https://chenli.ics.uci.edu/\">Chen Li</a>. For the project, we used Java to create a website like IMDb [the Internet Movie Database] that integrated with a MySQL database \u2014 which is now what I do every day at work.</p>\n<p><b>How does working at AutoGravity compare with life as a UCI student?</b><br />\n<b><i>Sajjadi</i></b>: Learning theories and computing basics at school helped me understand the underlying concepts of what we do at work, and now I use my computer science skills even more, but I never stopped learning. In school or at work, learning and staying up to date with new technologies is the life of a software engineer.</p>\n<p><b><i>Zarate</i></b>: Whether you\u2019re a student or an employee, you need to step away at times to give yourself a mental break and gain a fresh perspective. Another similarity is that just like at UCI, I have multiple resources at my disposal. I can count on my peers at AutoGravity to help me with a problem, whether I want to bounce ideas off them or I need help debugging a particularly troublesome piece of code.</p>\n<p><b><i>Turpin</i></b>: When you\u2019re a student, the things you do and learn are abstract, and in a job, they are much more practical. However, the mentality learned at UCI can be immediately applied to any job.</p>\n<p><b><i>Mekhitarian</i></b>: The main difference is the amount of time spent in class versus the office, but for both, time management is invaluable, and you get better results from teamwork than from combining the efforts of solo contributors.</p>\n<p><b>What sort of work do you do, and what surprises or challenges have you encountered on the job? </b><br />\n<b><i>Sajjadi</i></b>: I am working as a back-end software engineer at AutoGravity, building all the stuff that is happening behind the scene of our cool app on Android, iOS and web platforms.</p>\n<p><b><i>Zarate</i></b>: For more than five years, I\u2019ve worked as a software engineer dedicated to web development. One of the biggest challenges is dealing with the constant change and improvements. So I always stress to new developers that they should continue improving their knowledge of the languages they use instead of just focusing on the frameworks they work with. I\u2019m also constantly surprised by the number of engineers who enter the field with knowledge stretched so thin that they don\u2019t excel in any one thing. Another challenge I\u2019ve encountered is the lack of communication between engineers. This probably applies to any job, but projects are often delayed because someone failed to communicate their thoughts or ask the right questions.</p>\n<p><b><i>Turpin</i></b>: I\u2019m a DevOps/infrastructure engineer, which means I set up our cloud servers, create and implement monitoring tools and continuous deployment tools, and set up web-based tools to facilitate the development and deployment process.</p>\n<p><b><i>Mekhitarian</i></b>: I am a back-end engineer responsible for returning data to our front-end clients, like the iOS and Android native applications, as well as to our AutoGravity website. The biggest surprise for me was the fact that most challenges don\u2019t arise from technical problems but from business requirements. The ever-changing landscape of our product, coupled with a steady flow of new ideas, presents new opportunities and challenges daily.</p>\n<p><b>What do you like best about working for AutoGravity?</b><br />\n<b><i>Sajjadi</i></b>: I enjoy working with people who are my second family. I love the fact that every morning I get up and I am excited to go to work. Everyone at AutoGravity is very supportive and helpful, making our \u201cOne Team, One Dream\u201d motto a reality!</p>\n<p><b><i>Zarate</i></b>: The best thing about AutoGravity is working with others who refuse to be complacent and who share the same drive to accelerate in their field.</p>\n<p><b><i>Turpin</i></b>: It\u2019s great working with younger people who have a passion for good engineering and architecture.</p>\n<p><b><i>Mekhitarian</i></b>: I enjoy the freedom to make design and technology choices. Every engineer gets to be a part of architecture meetings and can make a case for using a new process, tool or library. Once there is agreement on a strategy, getting features to production is easy. Being able to contribute to such a rapidly growing company is rewarding.</p>\n<p><b>What advice would you give to UCI ICS students looking for a job after graduation?</b><br />\n<b><i>Sajjadi</i></b>: Try to find a place that makes your dreams come true! Find a company where you can grow among people who support you, strengthen your skills and extend what you have learned at school.</p>\n<p><b><i>Zarate</i></b>: Apply, apply, apply. If you want to work as a developer, then don\u2019t just apply as a QA developer, because many times it is very difficult to change departments, depending on the size of the company. Also, if you want to be an Android developer, create a portfolio of your Android applications. If you show an application that you created ages ago, then iterate over your work and improve on it.</p>\n<p><b><i>Turpin</i></b>: Don\u2019t dismiss the basics. Data structures and algorithms might seem abstract and ultimately impractical, but employers will likely ask you about them. They\u2019re fundamental to all computer science. You might not ever write a <a href=\"https://en.wikipedia.org/wiki/B-tree\">B-tree</a> in your job, but you\u2019ll need to know how to write code that can be performant on many millions of records.</p>\n<p><b><i>Mekhitarian</i></b>: Start in any position that gets you in the engineering department of a company you like. Johnny and I started in QA and quickly moved into development. Don\u2019t let the allure of a big name trick you into giving up the early years of your career. The career track can be much more promising at a small company. Also, don\u2019t be afraid to change companies. The biggest jump in pay can occur not via a promotion but by changing companies.</p>\n<p><b>What are your future plans?<br />\n</b><b><i>Sajjadi</i></b>: Following my dreams and growing as a software engineer. I also hope to make an app from one of my ideas.</p>\n<p><b><i>Zarate</i></b>: I plan to continue to improve my skills and knowledge of the ever-expanding web development field \u2014 either through mentoring others or following leaders in my field \u2014 because my education didn\u2019t end at UCI.</p>\n<p><b><i>Turpin</i></b>: I will continue to build great, reliable software!</p>\n<p><b><i>Mekhitarian</i></b>: I\u2019m terrible at planning my future, but I try to save as much as I can so I\u2019ll have a comfortable future no matter how rough the road may become.</p>\n<p><i>Fortunately, as these four AutoGravity anteaters continue to follow their dreams, perfect their skills and build great software, the road ahead doesn\u2019t look too rough.</i></p>\n<p>\u2014 <i>Shani Murray</i></p>\n<!--<rdf:RDF xmlns:rdf=\"http://www.w3.org/1999/02/22-rdf-syntax-ns#\"\n\t\t\txmlns:dc=\"http://purl.org/dc/elements/1.1/\"\n\t\t\txmlns:trackback=\"http://madskills.com/public/xml/rss/module/trackback/\">\n\t\t<rdf:Description rdf:about=\"https://www.cs.uci.edu/alumni-spotlights-ics-grads-help-autogravity-revolutionize-digital-car-buying/\"\n    dc:identifier=\"https://www.cs.uci.edu/alumni-spotlights-ics-grads-help-autogravity-revolutionize-digital-car-buying/\"\n    dc:title=\"Alumni Spotlights: ICS Grads Help AutoGravity Revolutionize Digital Car Buying\"\n    trackback:ping=\"https://www.cs.uci.edu/alumni-spotlights-ics-grads-help-autogravity-revolutionize-digital-car-buying/trackback/\" />\n</rdf:RDF>-->\n</div><footer class=\"entry-footer\"></footer></article><div class=\"adjacent-entry-pagination pagination\"><div class=\"pagination-previous alignleft\"><a href=\"https://www.cs.uci.edu/senior-spotlight-santiago-martin-powers-through-uci-and-secures-job-at-google/\" rel=\"prev\">&#x000AB; Senior Spotlight: Santiago Martin Powers through UCI and Secures Job at Google</a></div><div class=\"pagination-next alignright\"><a href=\"https://www.cs.uci.edu/cmtc-video-interview-aditi-majumder-discussing-computer-vision/\" rel=\"next\">CMTC Video Interview: Aditi Majumder Discussing Computer Vision &#x000BB;</a></div></div></main><aside class=\"sidebar sidebar-primary widget-area\" role=\"complementary\" aria-label=\"Primary Sidebar\" itemscope itemtype=\"http://schema.org/WPSideBar\">\t\t<section id=\"recent-posts-3\" class=\"widget widget_recent_entries\"><div class=\"widget-wrap\">\t\t<h4 class=\"widget-title widgettitle\">Latest news</h4>\n\t\t<ul>\n\t\t\t\t\t\t\t\t\t\t\t<li>\n\t\t\t\t\t<a href=\"https://www.cs.uci.edu/sangeetha-abdu-jyothi-attends-the-heidelberg-laureate-forum/\">Sangeetha Abdu Jyothi Attends the Heidelberg Laureate Forum</a>\n\t\t\t\t\t\t\t\t\t\t\t<span class=\"post-date\">October 8, 2019</span>\n\t\t\t\t\t\t\t\t\t</li>\n\t\t\t\t\t\t\t\t\t\t\t<li>\n\t\t\t\t\t<a href=\"https://www.cs.uci.edu/senior-spotlight-taneisha-arora-pursues-her-passions-from-working-in-industry-to-running-a-bakery/\">Senior Spotlight: Taneisha Arora Pursues Her Passions, From Working in Industry to Running a Bakery</a>\n\t\t\t\t\t\t\t\t\t\t\t<span class=\"post-date\">October 7, 2019</span>\n\t\t\t\t\t\t\t\t\t</li>\n\t\t\t\t\t\t\t\t\t\t\t<li>\n\t\t\t\t\t<a href=\"https://www.cs.uci.edu/ramesh-jain-wins-inaugural-ieee-tcmc-impact-award/\">Ramesh Jain Wins Inaugural IEEE TCMC Impact Award</a>\n\t\t\t\t\t\t\t\t\t\t\t<span class=\"post-date\">October 3, 2019</span>\n\t\t\t\t\t\t\t\t\t</li>\n\t\t\t\t\t\t\t\t\t\t\t<li>\n\t\t\t\t\t<a href=\"https://www.cs.uci.edu/uci-other-researchers-develop-deep-learning-technique-to-id-at-risk-anatomy-in-ct-scans/\">UCI, other researchers develop deep-learning technique to ID at-risk anatomy in CT scans</a>\n\t\t\t\t\t\t\t\t\t\t\t<span class=\"post-date\">October 2, 2019</span>\n\t\t\t\t\t\t\t\t\t</li>\n\t\t\t\t\t\t\t\t\t\t\t<li>\n\t\t\t\t\t<a href=\"https://www.cs.uci.edu/science-101-ai-solves-a-rubiks-cube-without-human-help-pierre-baldi-research-mentioned/\">Science 101: &#8220;AI solves a Rubik\u2019s cube without human help&#8221; (Pierre Baldi research mentioned)</a>\n\t\t\t\t\t\t\t\t\t\t\t<span class=\"post-date\">September 27, 2019</span>\n\t\t\t\t\t\t\t\t\t</li>\n\t\t\t\t\t</ul>\n\t\t</div></section>\n</aside></div></div><footer class=\"site-footer\" itemscope itemtype=\"http://schema.org/WPFooter\"><div class=\"wrap\">\t\t\t<div class=\"group\">\n\n\t\t\t\t<div id=\"bren\">\n\t\t\t\t\t\t<a href=\"http://www.ics.uci.edu/\"><img src=\"//www.cs.uci.edu//wp-content/cs/uploads/DBren_InfoCompSc_logo-UPDATED.png\"></a>\n\t\t\t\t</div>\n\n\t\t\t\t<div class=\"footer-info\">\n\t\t\t\t\t<UL>\n\t\t\t\t\t   <LI>&copy; 2019 UC Regents</LI>\n\t\t\t\t\t   <LI><A HREF=\"mailto:communications@ics.uci.edu\">Feedback</A></LI>\n\t\t\t\t\t   <LI><A HREF=\"http://uci.edu/privacy/\">Privacy Policy</A></LI>\n\t\t\t\t\t</UL>\n\t\t\t\t</div><!-- .footer-info -->\n\n\t\t\t</div>\n\t</div></footer></div><script type='text/javascript'>\nvar colomatduration = 'fast';\nvar colomatslideEffect = 'slideFade';\n</script>\t\t<script>\n\t\t( function ( body ) {\n\t\t\t'use strict';\n\t\t\tbody.className = body.className.replace( /\\btribe-no-js\\b/, 'tribe-js' );\n\t\t} )( document.body );\n\t\t</script>\n\t\t<script>\n  (function(i,s,o,g,r,a,m){i['GoogleAnalyticsObject']=r;i[r]=i[r]||function(){\n  (i[r].q=i[r].q||[]).push(arguments)},i[r].l=1*new Date();a=s.createElement(o),\n  m=s.getElementsByTagName(o)[0];a.async=1;a.src=g;m.parentNode.insertBefore(a,m)\n  })(window,document,'script','https://www.google-analytics.com/analytics.js','ga');\n\n  ga('create', 'UA-605898-2', 'auto');\n  ga('send', 'pageview');\n\n</script>\n<script type='text/javascript'>jQuery(document).ready(function($) {$(\".flexslider\").flexslider({controlsContainer: \"#genesis-responsive-slider\",animation: \"fade\",directionNav: 0,controlNav: 1,animationDuration: 1000,slideshowSpeed: 10000    });  });</script><script> /* <![CDATA[ */var tribe_l10n_datatables = {\"aria\":{\"sort_ascending\":\": activate to sort column ascending\",\"sort_descending\":\": activate to sort column descending\"},\"length_menu\":\"Show _MENU_ entries\",\"empty_table\":\"No data available in table\",\"info\":\"Showing _START_ to _END_ of _TOTAL_ entries\",\"info_empty\":\"Showing 0 to 0 of 0 entries\",\"info_filtered\":\"(filtered from _MAX_ total entries)\",\"zero_records\":\"No matching records found\",\"search\":\"Search:\",\"all_selected_text\":\"All items on this page were selected. \",\"select_all_link\":\"Select all pages\",\"clear_selection\":\"Clear Selection.\",\"pagination\":{\"all\":\"All\",\"next\":\"Next\",\"previous\":\"Previous\"},\"select\":{\"rows\":{\"0\":\"\",\"_\":\": Selected %d rows\",\"1\":\": Selected 1 row\"}},\"datepicker\":{\"dayNames\":[\"Sunday\",\"Monday\",\"Tuesday\",\"Wednesday\",\"Thursday\",\"Friday\",\"Saturday\"],\"dayNamesShort\":[\"Sun\",\"Mon\",\"Tue\",\"Wed\",\"Thu\",\"Fri\",\"Sat\"],\"dayNamesMin\":[\"S\",\"M\",\"T\",\"W\",\"T\",\"F\",\"S\"],\"monthNames\":[\"January\",\"February\",\"March\",\"April\",\"May\",\"June\",\"July\",\"August\",\"September\",\"October\",\"November\",\"December\"],\"monthNamesShort\":[\"January\",\"February\",\"March\",\"April\",\"May\",\"June\",\"July\",\"August\",\"September\",\"October\",\"November\",\"December\"],\"nextText\":\"Next\",\"prevText\":\"Prev\",\"currentText\":\"Today\",\"closeText\":\"Done\"}};/* ]]> */ </script><script type='text/javascript' src='https://www.cs.uci.edu/wp-content/cs/plugins/jquery-collapse-o-matic/js/collapse.js?ver=1.6.5'></script>\n<script type='text/javascript' src='https://www.cs.uci.edu/wp-content/cs/plugins/genesis-responsive-slider/js/jquery.flexslider.js?ver=0.9.5'></script>\n<script type='text/javascript' src='https://www.cs.uci.edu/wp-includes/js/wp-embed.min.js?ver=5.2.3'></script>\n</body></html>\r\n", "encoding": "utf-8"}