{"url": "https://www.cs.uci.edu/cs-research-areas/", "content": "<!DOCTYPE html>\n<html lang=\"en-US\">\n<head >\n<meta charset=\"UTF-8\" />\n<title>Research Areas</title>\t\t<meta name=\"robots\" content=\"noodp,noydir\" />\n\t\t<meta name=\"viewport\" content=\"width=device-width, initial-scale=1\" />\n\n\t\t<style type=\"text/css\">\n\t\t\t.slide-excerpt { width: 50%; }\n\t\t\t.slide-excerpt { bottom: 0; }\n\t\t\t.slide-excerpt { left: 0; }\n\t\t\t.flexslider { max-width: 1180px; max-height: 340px; }\n\t\t\t.slide-image { max-height: 340px; }\n\t\t</style>\n\t\t<style type=\"text/css\">\n\t\t\t@media only screen\n\t\t\tand (min-device-width : 320px)\n\t\t\tand (max-device-width : 480px) {\n\t\t\t\t.slide-excerpt { display: none !important; }\n\t\t\t}\n\t\t</style> <link rel='dns-prefetch' href='//fonts.googleapis.com' />\n<link rel='dns-prefetch' href='//s.w.org' />\n<link rel=\"alternate\" type=\"application/rss+xml\" title=\"Department of Computer Science - Donald Bren School of Information &amp; Computer Sciences &raquo; Feed\" href=\"https://www.cs.uci.edu/feed/\" />\n<link rel=\"alternate\" type=\"application/rss+xml\" title=\"Department of Computer Science - Donald Bren School of Information &amp; Computer Sciences &raquo; Comments Feed\" href=\"https://www.cs.uci.edu/comments/feed/\" />\n<link rel=\"alternate\" type=\"text/calendar\" title=\"Department of Computer Science - Donald Bren School of Information &amp; Computer Sciences &raquo; iCal Feed\" href=\"https://www.cs.uci.edu/events/?ical=1\" />\n<link rel=\"canonical\" href=\"https://www.cs.uci.edu/cs-research-areas/\" />\n\t\t<script type=\"text/javascript\">\n\t\t\twindow._wpemojiSettings = {\"baseUrl\":\"https:\\/\\/s.w.org\\/images\\/core\\/emoji\\/12.0.0-1\\/72x72\\/\",\"ext\":\".png\",\"svgUrl\":\"https:\\/\\/s.w.org\\/images\\/core\\/emoji\\/12.0.0-1\\/svg\\/\",\"svgExt\":\".svg\",\"source\":{\"concatemoji\":\"https:\\/\\/www.cs.uci.edu\\/wp-includes\\/js\\/wp-emoji-release.min.js?ver=5.2.3\"}};\n\t\t\t!function(a,b,c){function d(a,b){var c=String.fromCharCode;l.clearRect(0,0,k.width,k.height),l.fillText(c.apply(this,a),0,0);var d=k.toDataURL();l.clearRect(0,0,k.width,k.height),l.fillText(c.apply(this,b),0,0);var e=k.toDataURL();return d===e}function e(a){var b;if(!l||!l.fillText)return!1;switch(l.textBaseline=\"top\",l.font=\"600 32px Arial\",a){case\"flag\":return!(b=d([55356,56826,55356,56819],[55356,56826,8203,55356,56819]))&&(b=d([55356,57332,56128,56423,56128,56418,56128,56421,56128,56430,56128,56423,56128,56447],[55356,57332,8203,56128,56423,8203,56128,56418,8203,56128,56421,8203,56128,56430,8203,56128,56423,8203,56128,56447]),!b);case\"emoji\":return b=d([55357,56424,55356,57342,8205,55358,56605,8205,55357,56424,55356,57340],[55357,56424,55356,57342,8203,55358,56605,8203,55357,56424,55356,57340]),!b}return!1}function f(a){var c=b.createElement(\"script\");c.src=a,c.defer=c.type=\"text/javascript\",b.getElementsByTagName(\"head\")[0].appendChild(c)}var g,h,i,j,k=b.createElement(\"canvas\"),l=k.getContext&&k.getContext(\"2d\");for(j=Array(\"flag\",\"emoji\"),c.supports={everything:!0,everythingExceptFlag:!0},i=0;i<j.length;i++)c.supports[j[i]]=e(j[i]),c.supports.everything=c.supports.everything&&c.supports[j[i]],\"flag\"!==j[i]&&(c.supports.everythingExceptFlag=c.supports.everythingExceptFlag&&c.supports[j[i]]);c.supports.everythingExceptFlag=c.supports.everythingExceptFlag&&!c.supports.flag,c.DOMReady=!1,c.readyCallback=function(){c.DOMReady=!0},c.supports.everything||(h=function(){c.readyCallback()},b.addEventListener?(b.addEventListener(\"DOMContentLoaded\",h,!1),a.addEventListener(\"load\",h,!1)):(a.attachEvent(\"onload\",h),b.attachEvent(\"onreadystatechange\",function(){\"complete\"===b.readyState&&c.readyCallback()})),g=c.source||{},g.concatemoji?f(g.concatemoji):g.wpemoji&&g.twemoji&&(f(g.twemoji),f(g.wpemoji)))}(window,document,window._wpemojiSettings);\n\t\t</script>\n\t\t<style type=\"text/css\">\nimg.wp-smiley,\nimg.emoji {\n\tdisplay: inline !important;\n\tborder: none !important;\n\tbox-shadow: none !important;\n\theight: 1em !important;\n\twidth: 1em !important;\n\tmargin: 0 .07em !important;\n\tvertical-align: -0.1em !important;\n\tbackground: none !important;\n\tpadding: 0 !important;\n}\n</style>\n\t<link rel='stylesheet' id='genesis-sample-theme-css'  href='https://www.cs.uci.edu/wp-content/cs/themes/genesis-cs-retry/style.css?ver=2.1.2' type='text/css' media='all' />\n<link rel='stylesheet' id='wp-block-library-css'  href='https://www.cs.uci.edu/wp-includes/css/dist/block-library/style.min.css?ver=5.2.3' type='text/css' media='all' />\n<link rel='stylesheet' id='feedzy-rss-feeds-css'  href='https://www.cs.uci.edu/wp-content/cs/plugins/feedzy-rss-feeds/css/feedzy-rss-feeds.css?ver=3.3.2' type='text/css' media='all' />\n<link rel='stylesheet' id='collapseomatic-css-css'  href='https://www.cs.uci.edu/wp-content/cs/plugins/jquery-collapse-o-matic/light_style.css?ver=1.6' type='text/css' media='all' />\n<link rel='stylesheet' id='google-fonts-css'  href='//fonts.googleapis.com/css?family=Lato%3A300%2C400%2C700&#038;ver=2.1.2' type='text/css' media='all' />\n<link rel='stylesheet' id='elementor-icons-css'  href='https://www.cs.uci.edu/wp-content/cs/plugins/elementor/assets/lib/eicons/css/elementor-icons.min.css?ver=4.3.0' type='text/css' media='all' />\n<link rel='stylesheet' id='font-awesome-css'  href='https://www.cs.uci.edu/wp-content/cs/plugins/elementor/assets/lib/font-awesome/css/font-awesome.min.css?ver=4.7.0' type='text/css' media='all' />\n<link rel='stylesheet' id='elementor-animations-css'  href='https://www.cs.uci.edu/wp-content/cs/plugins/elementor/assets/lib/animations/animations.min.css?ver=2.5.5' type='text/css' media='all' />\n<link rel='stylesheet' id='elementor-frontend-css'  href='https://www.cs.uci.edu/wp-content/cs/plugins/elementor/assets/css/frontend.min.css?ver=2.5.5' type='text/css' media='all' />\n<link rel='stylesheet' id='elementor-pro-css'  href='https://www.cs.uci.edu/wp-content/cs/plugins/elementor-pro/assets/css/frontend.min.css?ver=2.4.8' type='text/css' media='all' />\n<link rel='stylesheet' id='elementor-global-css'  href='https://www.cs.uci.edu/wp-content/cs/uploads/elementor/css/global.css?ver=1570132835' type='text/css' media='all' />\n<link rel='stylesheet' id='elementor-post-2329-css'  href='https://www.cs.uci.edu/wp-content/cs/uploads/elementor/css/post-2329.css?ver=1569444191' type='text/css' media='all' />\n<link rel='stylesheet' id='google-fonts-1-css'  href='https://fonts.googleapis.com/css?family=Roboto%3A100%2C100italic%2C200%2C200italic%2C300%2C300italic%2C400%2C400italic%2C500%2C500italic%2C600%2C600italic%2C700%2C700italic%2C800%2C800italic%2C900%2C900italic%7CRoboto+Slab%3A100%2C100italic%2C200%2C200italic%2C300%2C300italic%2C400%2C400italic%2C500%2C500italic%2C600%2C600italic%2C700%2C700italic%2C800%2C800italic%2C900%2C900italic%7CLato%3A100%2C100italic%2C200%2C200italic%2C300%2C300italic%2C400%2C400italic%2C500%2C500italic%2C600%2C600italic%2C700%2C700italic%2C800%2C800italic%2C900%2C900italic&#038;ver=5.2.3' type='text/css' media='all' />\n<link rel='stylesheet' id='slider_styles-css'  href='https://www.cs.uci.edu/wp-content/cs/plugins/genesis-responsive-slider/style.css?ver=0.9.5' type='text/css' media='all' />\n<script type='text/javascript' src='https://www.cs.uci.edu/wp-includes/js/jquery/jquery.js?ver=1.12.4-wp'></script>\n<script type='text/javascript' src='https://www.cs.uci.edu/wp-includes/js/jquery/jquery-migrate.min.js?ver=1.4.1'></script>\n<!--[if lt IE 9]>\n<script type='text/javascript' src='https://www.cs.uci.edu/wp-content/cs/themes/genesis/lib/js/html5shiv.min.js?ver=3.7.3'></script>\n<![endif]-->\n<script type='text/javascript' src='https://www.cs.uci.edu/wp-content/cs/themes/genesis-cs-retry/js/jquery.collapse.js?ver=5.2.3'></script>\n<link rel='https://api.w.org/' href='https://www.cs.uci.edu/wp-json/' />\n<link rel=\"EditURI\" type=\"application/rsd+xml\" title=\"RSD\" href=\"https://www.cs.uci.edu/xmlrpc.php?rsd\" />\n<link rel=\"alternate\" type=\"application/json+oembed\" href=\"https://www.cs.uci.edu/wp-json/oembed/1.0/embed?url=https%3A%2F%2Fwww.cs.uci.edu%2Fcs-research-areas%2F\" />\n<link rel=\"alternate\" type=\"text/xml+oembed\" href=\"https://www.cs.uci.edu/wp-json/oembed/1.0/embed?url=https%3A%2F%2Fwww.cs.uci.edu%2Fcs-research-areas%2F&#038;format=xml\" />\n<meta name=\"tec-api-version\" content=\"v1\"><meta name=\"tec-api-origin\" content=\"https://www.cs.uci.edu\"><link rel=\"https://theeventscalendar.com/\" href=\"https://www.cs.uci.edu/wp-json/tribe/events/v1/\" /><link rel=\"icon\" href=\"https://www.cs.uci.edu/wp-content/cs/themes/genesis-cs-retry/images/favicon.ico\" />\n<link rel=\"pingback\" href=\"https://www.cs.uci.edu/xmlrpc.php\" />\n\t\t<style type=\"text/css\" id=\"wp-custom-css\">\n\t\t\t.job-ops .name{\n\twidth:53% !important;\n\tfont-size:.95em !important;\n\tline-height:1.5em !important;\n}\n.job-ops .job-number{\n\twidth:23% !important;\n\tfont-size:.75em !important;\n}\n.job-ops .submission-dates{\n\twidth:53% !important;\n\tfont-size:.95em !important;\n\tline-height:1.5em !important;\n}\n\n.people_table img{\n\twidth:150px;\n}\n\n.apply-now-btn{\n\tborder:1px solid #ffffff;\n\tborder-radius:3px;\n\tpadding:7px 15px 7px 15px;\n}\n.undergrad-tbl td{padding:10px;}\n.staffcsl-tbl td{padding:10px;}\n\n\n.rss_header { display: none;}\t\t</style>\n\t\t</head>\n<body class=\"page-template-default page page-id-2329 tribe-no-js header-image content-sidebar elementor-default elementor-page elementor-page-2329\" itemscope itemtype=\"http://schema.org/WebPage\"><div class=\"site-container\"><header class=\"site-header\" itemscope itemtype=\"http://schema.org/WPHeader\"><div class=\"wrap\"><div class=\"title-area\"><h1 class=\"site-title\">\n\n      <div id='dept_header'>\n\n         <a id='dept_link' href='http://www.cs.uci.edu/' TITLE='Department of Computer Science in the Donald Bren School of Information and Computer Sciences @ UC Irvine'></a>\n\n         <a id='uci_link' href='http://www.uci.edu/' TITLE='University of California, Irvine'></a>\n\n         <a id='school_link' href='http://www.ics.uci.edu/' TITLE='Donald Bren School of Information and Computer Sciences'></a>\n\n      </div>\n\n   </h1></div><div class=\"widget-area header-widget-area\"><section id=\"search-4\" class=\"widget widget_search\"><div class=\"widget-wrap\"><form class=\"search-form\" itemprop=\"potentialAction\" itemscope itemtype=\"http://schema.org/SearchAction\" method=\"get\" action=\"https://www.cs.uci.edu/\" role=\"search\"><meta itemprop=\"target\" content=\"https://www.cs.uci.edu/?s={s}\"/><input itemprop=\"query-input\" type=\"search\" name=\"s\" placeholder=\"Search this site...\" /><input type=\"submit\" value=\"Search\"  /></form></div></section>\n</div></div></header><nav class=\"nav-primary\" itemscope itemtype=\"http://schema.org/SiteNavigationElement\"><div class=\"wrap\"><ul id=\"menu-header-menu\" class=\"menu genesis-nav-menu menu-primary\"><li id=\"menu-item-17\" class=\"menu-item menu-item-type-post_type menu-item-object-page menu-item-has-children menu-item-17\"><a href=\"https://www.cs.uci.edu/about-the-department/\" itemprop=\"url\"><span itemprop=\"name\">Explore</span></a>\n<ul class=\"sub-menu\">\n\t<li id=\"menu-item-58\" class=\"menu-item menu-item-type-post_type menu-item-object-page menu-item-58\"><a href=\"https://www.cs.uci.edu/contact/\" itemprop=\"url\"><span itemprop=\"name\">Contact Us</span></a></li>\n</ul>\n</li>\n<li id=\"menu-item-16\" class=\"menu-item menu-item-type-post_type menu-item-object-page menu-item-16\"><a href=\"https://www.cs.uci.edu/faculty/\" itemprop=\"url\"><span itemprop=\"name\">Faculty</span></a></li>\n<li id=\"menu-item-18\" class=\"menu-item menu-item-type-custom menu-item-object-custom current-menu-ancestor current-menu-parent menu-item-has-children menu-item-18\"><a href=\"#\" itemprop=\"url\"><span itemprop=\"name\">Research</span></a>\n<ul class=\"sub-menu\">\n\t<li id=\"menu-item-2407\" class=\"menu-item menu-item-type-post_type menu-item-object-page current-menu-item page_item page-item-2329 current_page_item menu-item-2407\"><a href=\"https://www.cs.uci.edu/cs-research-areas/\" aria-current=\"page\" itemprop=\"url\"><span itemprop=\"name\">Research Areas</span></a></li>\n\t<li id=\"menu-item-50\" class=\"menu-item menu-item-type-post_type menu-item-object-page menu-item-50\"><a href=\"https://www.cs.uci.edu/research-centers/\" itemprop=\"url\"><span itemprop=\"name\">Research Centers</span></a></li>\n</ul>\n</li>\n<li id=\"menu-item-370\" class=\"menu-item menu-item-type-custom menu-item-object-custom menu-item-has-children menu-item-370\"><a href=\"#\" itemprop=\"url\"><span itemprop=\"name\">Graduate Degrees</span></a>\n<ul class=\"sub-menu\">\n\t<li id=\"menu-item-372\" class=\"menu-item menu-item-type-post_type menu-item-object-page menu-item-372\"><a href=\"https://www.cs.uci.edu/graduate-computer-science-programs/\" itemprop=\"url\"><span itemprop=\"name\">Computer Science Programs</span></a></li>\n\t<li id=\"menu-item-371\" class=\"menu-item menu-item-type-post_type menu-item-object-page menu-item-371\"><a href=\"https://www.cs.uci.edu/current-graduate-students/\" itemprop=\"url\"><span itemprop=\"name\">Current Graduate Students</span></a></li>\n</ul>\n</li>\n<li id=\"menu-item-1915\" class=\"menu-item menu-item-type-post_type menu-item-object-page menu-item-1915\"><a href=\"https://www.cs.uci.edu/undergraduate-programs/\" itemprop=\"url\"><span itemprop=\"name\">Undergraduate Degrees</span></a></li>\n<li id=\"menu-item-1382\" class=\"menu-item menu-item-type-custom menu-item-object-custom menu-item-has-children menu-item-1382\"><a href=\"#\" itemprop=\"url\"><span itemprop=\"name\">News  &#038; Events</span></a>\n<ul class=\"sub-menu\">\n\t<li id=\"menu-item-1688\" class=\"menu-item menu-item-type-custom menu-item-object-custom menu-item-1688\"><a href=\"/news\" itemprop=\"url\"><span itemprop=\"name\">News</span></a></li>\n\t<li id=\"menu-item-1423\" class=\"menu-item menu-item-type-custom menu-item-object-custom menu-item-1423\"><a href=\"/events/computer-science-seminar-series/\" itemprop=\"url\"><span itemprop=\"name\">Seminar Series</span></a></li>\n\t<li id=\"menu-item-1655\" class=\"menu-item menu-item-type-custom menu-item-object-custom menu-item-1655\"><a href=\"/events/distinguished-lecture-series/\" itemprop=\"url\"><span itemprop=\"name\">Distinguished Lecture Series</span></a></li>\n\t<li id=\"menu-item-1442\" class=\"menu-item menu-item-type-custom menu-item-object-custom menu-item-1442\"><a href=\"/event/2017-computer-science-research-showcase/\" itemprop=\"url\"><span itemprop=\"name\">Research Showcase</span></a></li>\n</ul>\n</li>\n<li id=\"menu-item-1873\" class=\"menu-item menu-item-type-custom menu-item-object-custom menu-item-has-children menu-item-1873\"><a href=\"#\" itemprop=\"url\"><span itemprop=\"name\"><span class=\"apply-now-btn\">Apply Now</span></span></a>\n<ul class=\"sub-menu\">\n\t<li id=\"menu-item-1875\" class=\"menu-item menu-item-type-custom menu-item-object-custom menu-item-1875\"><a target=\"_blank\" rel=\"noopener noreferrer\" href=\"https://www.admissions.uci.edu/apply/index.php\" itemprop=\"url\"><span itemprop=\"name\">Undergraduate Admissions</span></a></li>\n\t<li id=\"menu-item-1874\" class=\"menu-item menu-item-type-custom menu-item-object-custom menu-item-1874\"><a target=\"_blank\" rel=\"noopener noreferrer\" href=\"https://apply.grad.uci.edu/apply/\" itemprop=\"url\"><span itemprop=\"name\">Graduate Admissions</span></a></li>\n\t<li id=\"menu-item-1927\" class=\"menu-item menu-item-type-post_type menu-item-object-page menu-item-1927\"><a href=\"https://www.cs.uci.edu/job-opportunities/\" itemprop=\"url\"><span itemprop=\"name\">Faculty Candidates</span></a></li>\n</ul>\n</li>\n</ul></div></nav><div class=\"site-inner\"><div class=\"content-sidebar-wrap\"><main class=\"content\"><article class=\"post-2329 page type-page status-publish entry\" itemscope itemtype=\"http://schema.org/CreativeWork\"><header class=\"entry-header\"><h1 class=\"entry-title\" itemprop=\"headline\">Research Areas</h1> \n</header><div class=\"entry-content\" itemprop=\"text\">\t\t<div data-elementor-type=\"post\" data-elementor-id=\"2329\" class=\"elementor elementor-2329\" data-elementor-settings=\"[]\">\n\t\t\t<div class=\"elementor-inner\">\n\t\t\t\t<div class=\"elementor-section-wrap\">\n\t\t\t\t\t\t\t<section class=\"elementor-element elementor-element-c6cf009 elementor-section-boxed elementor-section-height-default elementor-section-height-default elementor-section elementor-top-section\" data-id=\"c6cf009\" data-element_type=\"section\">\n\t\t\t\t\t\t<div class=\"elementor-container elementor-column-gap-default\">\n\t\t\t\t<div class=\"elementor-row\">\n\t\t\t\t<div class=\"elementor-element elementor-element-3ea07e8 elementor-column elementor-col-100 elementor-top-column\" data-id=\"3ea07e8\" data-element_type=\"column\">\n\t\t\t<div class=\"elementor-column-wrap  elementor-element-populated\">\n\t\t\t\t\t<div class=\"elementor-widget-wrap\">\n\t\t\t\t<div class=\"elementor-element elementor-element-d0a67a5 elementor-widget elementor-widget-text-editor\" data-id=\"d0a67a5\" data-element_type=\"widget\" data-widget_type=\"text-editor.default\">\n\t\t\t\t<div class=\"elementor-widget-container\">\n\t\t\t\t\t<div class=\"elementor-text-editor elementor-clearfix\"><div class=\"row\"><div class=\"col-sm-8\"><p>Curiosity about the world and a commitment to solving problems are the passions that drive ICS faculty. Their research in the information and computer sciences are applicable to many scholarly and scientific fields. But our faculty don&#8217;t do it alone, students work side-by-side with nationally renowned professors to advance knowledge and improve lives. Below is a list of research areas tackled by our faculty.</p></div></div></div>\n\t\t\t\t</div>\n\t\t\t\t</div>\n\t\t\t\t\t\t</div>\n\t\t\t</div>\n\t\t</div>\n\t\t\t\t\t\t</div>\n\t\t\t</div>\n\t\t</section>\n\t\t\t\t<section class=\"elementor-element elementor-element-ceb1855 elementor-section-boxed elementor-section-height-default elementor-section-height-default elementor-section elementor-top-section\" data-id=\"ceb1855\" data-element_type=\"section\">\n\t\t\t\t\t\t<div class=\"elementor-container elementor-column-gap-default\">\n\t\t\t\t<div class=\"elementor-row\">\n\t\t\t\t<div class=\"elementor-element elementor-element-8e7c0a5 elementor-column elementor-col-100 elementor-top-column\" data-id=\"8e7c0a5\" data-element_type=\"column\">\n\t\t\t<div class=\"elementor-column-wrap  elementor-element-populated\">\n\t\t\t\t\t<div class=\"elementor-widget-wrap\">\n\t\t\t\t<div class=\"elementor-element elementor-element-f74ed36 res-sec-01 elementor-widget elementor-widget-toggle\" data-id=\"f74ed36\" data-element_type=\"widget\" data-widget_type=\"toggle.default\">\n\t\t\t\t<div class=\"elementor-widget-container\">\n\t\t\t\t\t<div class=\"elementor-toggle\" role=\"tablist\">\n\t\t\t\t\t\t\t<div class=\"elementor-toggle-item\">\n\t\t\t\t\t<div id=\"elementor-tab-title-2591\" class=\"elementor-tab-title\" data-tab=\"1\" role=\"tab\" aria-controls=\"elementor-tab-content-2591\">\n\t\t\t\t\t\t\t\t\t\t\t\t<span class=\"elementor-toggle-icon elementor-toggle-icon-left\" aria-hidden=\"true\">\n\t\t\t\t\t\t\t<i class=\"elementor-toggle-icon-closed fa fa-caret-right\"></i>\n\t\t\t\t\t\t\t<i class=\"elementor-toggle-icon-opened fa fa-caret-down\"></i>\n\t\t\t\t\t\t</span>\n\t\t\t\t\t\t\t\t\t\t\t\t<a href=\"\">Algorithms and Complexity Theory</a>\n\t\t\t\t\t</div>\n\t\t\t\t\t<div id=\"elementor-tab-content-2591\" class=\"elementor-tab-content elementor-clearfix\" data-tab=\"1\" role=\"tabpanel\" aria-labelledby=\"elementor-tab-title-2591\"><p>The dominant research theme in our group is algorithm design, studied from several diverse viewpoints: combinatorial optimization; approximation, online, randomized and parallel algorithms; graph algorithms; and algorithmic game theory. A second theme is computational complexity theory, with an emphasis on studying new complexity classes, such as those used for establishing intractability of economic and game-theoretic solution concepts. Other areas of theory studied include computational geometry, data structures, geometric graph theory, quantum computing, spectral graph theory, theory of deep learning, cryptography, and online and matching-based market design.</p><p><b>Primary Faculty</b></p><ul><li><a href=\"https://www.ics.uci.edu/faculty/profiles/view_faculty.php?ucinetid=pfbaldi\">Pierre Baldi</a></li><li><a href=\"https://www.ics.uci.edu/faculty/profiles/view_faculty.php?ucinetid=mbdillen\">Mike Dillencourt</a></li><li><a href=\"https://www.ics.uci.edu/faculty/profiles/view_faculty.php?ucinetid=eppstein\">David Eppstein</a></li><li><a href=\"https://www.ics.uci.edu/faculty/profiles/view_faculty.php?ucinetid=goodrich\">Michael Goodrich</a></li><li><a href=\"https://www.ics.uci.edu/faculty/profiles/view_faculty.php?ucinetid=dhirschb\">Dan Hirschberg</a></li><li><a href=\"https://www.ics.uci.edu/faculty/profiles/view_faculty.php?ucinetid=ssirani\">Sandi Irani</a></li><li><a href=\"https://www.ics.uci.edu/faculty/profiles/view_faculty.php?ucinetid=sjarecki\">Stanislaw Jarecki</a></li><li><a href=\"https://www.ics.uci.edu/faculty/area/#\">Milena Mihail</a></li><li><a href=\"https://www.ics.uci.edu/faculty/profiles/view_faculty.php?ucinetid=aregan\">Amelia Regan</a></li><li><a href=\"https://www.ics.uci.edu/faculty/profiles/view_faculty.php?ucinetid=vazirani\">Vijay Vazirani</a></li></ul><p><strong>Affiliate Faculty</strong></p><ul><li><a href=\"https://www.ics.uci.edu/faculty/profiles/view_faculty.php?ucinetid=whayes\">Wayne Hayes</a></li></ul></div>\n\t\t\t\t</div>\n\t\t\t\t\t\t\t<div class=\"elementor-toggle-item\">\n\t\t\t\t\t<div id=\"elementor-tab-title-2592\" class=\"elementor-tab-title\" data-tab=\"2\" role=\"tab\" aria-controls=\"elementor-tab-content-2592\">\n\t\t\t\t\t\t\t\t\t\t\t\t<span class=\"elementor-toggle-icon elementor-toggle-icon-left\" aria-hidden=\"true\">\n\t\t\t\t\t\t\t<i class=\"elementor-toggle-icon-closed fa fa-caret-right\"></i>\n\t\t\t\t\t\t\t<i class=\"elementor-toggle-icon-opened fa fa-caret-down\"></i>\n\t\t\t\t\t\t</span>\n\t\t\t\t\t\t\t\t\t\t\t\t<a href=\"\">Artificial Intelligence and Machine Learning</a>\n\t\t\t\t\t</div>\n\t\t\t\t\t<div id=\"elementor-tab-content-2592\" class=\"elementor-tab-content elementor-clearfix\" data-tab=\"2\" role=\"tabpanel\" aria-labelledby=\"elementor-tab-title-2592\"><p>Research in AI is concerned with producing machines to automate tasks requiring intelligent behavior. Examples include computer vision, bioinformatics, constraint-based problem solving, text understanding, data mining and smart sensor networks.<br /><br /></p><p><b>Primary Faculty</b></p><ul><li><a href=\"https://www.ics.uci.edu/faculty/profiles/view_faculty.php?ucinetid=pfbaldi\">Pierre Baldi</a></li><li><a href=\"https://www.ics.uci.edu/faculty/profiles/view_faculty.php?ucinetid=dechter\">Rina Dechter</a></li><li><a href=\"https://www.ics.uci.edu/faculty/profiles/view_faculty.php?ucinetid=fowlkes\">Charless Fowlkes</a></li><li><a href=\"https://roydfox.com/\">Roy Fox</a></li><li><a href=\"https://www.ics.uci.edu/faculty/profiles/view_faculty.php?ucinetid=aihler\">Alex Ihler</a></li><li><a href=\"https://www.ics.uci.edu/faculty/profiles/view_faculty.php?ucinetid=rcjain\">Ramesh Jain</a></li><li><a href=\"https://www.ics.uci.edu/faculty/profiles/view_faculty.php?ucinetid=rickl\">Richard Lathrop</a></li><li><a href=\"https://www.ics.uci.edu/faculty/profiles/view_faculty.php?ucinetid=levorato\">Marco Levorato</a></li><li><a href=\"https://www.ics.uci.edu/faculty/profiles/view_faculty.php?ucinetid=mandt\">Stephan Mandt</a></li><li><a href=\"https://www.ics.uci.edu/faculty/profiles/view_faculty.php?ucinetid=emj\">Eric Mjolsness</a></li><li><a href=\"https://www.ics.uci.edu/faculty/profiles/view_faculty.php?ucinetid=sameer\">Sameer Singh</a></li><li><a href=\"https://www.ics.uci.edu/faculty/profiles/view_faculty.php?ucinetid=pjsmyth\">Padhraic Smyth</a></li><li><a href=\"https://www.ics.uci.edu/faculty/profiles/view_faculty.php?ucinetid=sudderth\">Erik Sudderth</a></li><li><a href=\"https://www.ics.uci.edu/faculty/profiles/view_faculty.php?ucinetid=xhx\">Xiaohui Xie</a></li></ul></div>\n\t\t\t\t</div>\n\t\t\t\t\t\t\t<div class=\"elementor-toggle-item\">\n\t\t\t\t\t<div id=\"elementor-tab-title-2593\" class=\"elementor-tab-title\" data-tab=\"3\" role=\"tab\" aria-controls=\"elementor-tab-content-2593\">\n\t\t\t\t\t\t\t\t\t\t\t\t<span class=\"elementor-toggle-icon elementor-toggle-icon-left\" aria-hidden=\"true\">\n\t\t\t\t\t\t\t<i class=\"elementor-toggle-icon-closed fa fa-caret-right\"></i>\n\t\t\t\t\t\t\t<i class=\"elementor-toggle-icon-opened fa fa-caret-down\"></i>\n\t\t\t\t\t\t</span>\n\t\t\t\t\t\t\t\t\t\t\t\t<a href=\"\">Biomedical Informatics and Computational Biology</a>\n\t\t\t\t\t</div>\n\t\t\t\t\t<div id=\"elementor-tab-content-2593\" class=\"elementor-tab-content elementor-clearfix\" data-tab=\"3\" role=\"tabpanel\" aria-labelledby=\"elementor-tab-title-2593\"><p>The dominant research theme in our group is the development and application of algorithmic, machine\u00a0learning, and artificial intelligence methods for most areas of biomedical informatics and computational biology, including: chemoinformatics and drug discovery; bioinformatics and high-throughput omic analyses (transcriptomic, metabolomic, proteomic); regulatory and structural proteomics/genomics; integrative systems and network biology; biological systems modeling; computational neuroscience; biomedical imaging; medical and clinical informatics; diagnostic and predictive medicine; electronic medical records and health care. Projects are often carried out in close collaboration with lifescientists from the UCI Schools of Biology and Medicine and the Department of Pharmaceutical Sciences with an emphasis on clinical and translational applications.</p><p>\u00a0</p><p><b>Primary Faculty</b></p><ul><li><a href=\"https://www.ics.uci.edu/faculty/profiles/view_faculty.php?ucinetid=pfbaldi\">Pierre Baldi</a></li><li><a href=\"https://www.ics.uci.edu/faculty/profiles/view_faculty.php?ucinetid=rickl\">Richard Lathrop</a></li><li><a href=\"https://www.ics.uci.edu/faculty/profiles/view_faculty.php?ucinetid=sgagomas\">Sergio Gago-Masague</a></li><li><a href=\"https://www.ics.uci.edu/faculty/profiles/view_faculty.php?ucinetid=emj\">Eric Mjolsness</a></li><li><a href=\"https://www.ics.uci.edu/faculty/profiles/view_faculty.php?ucinetid=xhx\">Xiaohui Xie</a></li></ul><p><strong>Affiliate Faculty</strong></p><ul><li><a href=\"https://www.ics.uci.edu/faculty/profiles/view_faculty.php?ucinetid=dutt\">Nikil Dutt</a></li><li><a href=\"https://www.ics.uci.edu/faculty/profiles/view_faculty.php?ucinetid=fowlkes\">Charless Fowlkes</a></li><li><a href=\"https://www.ics.uci.edu/faculty/profiles/view_faculty.php?ucinetid=whayes\">Wayne Hayes</a></li><li><a href=\"https://www.ics.uci.edu/faculty/profiles/view_faculty.php?ucinetid=rcjain\">Ramesh Jain</a></li><li><a href=\"https://www.ics.uci.edu/faculty/profiles/view_faculty.php?ucinetid=pjsmyth\">Padhraic Smyth</a></li></ul></div>\n\t\t\t\t</div>\n\t\t\t\t\t\t\t<div class=\"elementor-toggle-item\">\n\t\t\t\t\t<div id=\"elementor-tab-title-2594\" class=\"elementor-tab-title\" data-tab=\"4\" role=\"tab\" aria-controls=\"elementor-tab-content-2594\">\n\t\t\t\t\t\t\t\t\t\t\t\t<span class=\"elementor-toggle-icon elementor-toggle-icon-left\" aria-hidden=\"true\">\n\t\t\t\t\t\t\t<i class=\"elementor-toggle-icon-closed fa fa-caret-right\"></i>\n\t\t\t\t\t\t\t<i class=\"elementor-toggle-icon-opened fa fa-caret-down\"></i>\n\t\t\t\t\t\t</span>\n\t\t\t\t\t\t\t\t\t\t\t\t<a href=\"\">Computer Architecture</a>\n\t\t\t\t\t</div>\n\t\t\t\t\t<div id=\"elementor-tab-content-2594\" class=\"elementor-tab-content elementor-clearfix\" data-tab=\"4\" role=\"tabpanel\" aria-labelledby=\"elementor-tab-title-2594\"><p>Computer architecture research studies various aspects of computer system definition, design and optimization. Computer Science faculty conduct research on multiple topics in this area, including processor and memory hierarchy micro-architecture, interplay between compilers and other system software and architecture, optimization for performance, power, and other constraints, heterogeneous computing using FPGAs and GPUs, architecture for emerging technologies including non-volatile memory, architectural aspects of computer security, concurrency and parallelism. Faculty in this area also design and build computer systems.</p><p>\u00a0</p><p><b>Primary Faculty</b></p><ul><li><a href=\"https://www.ics.uci.edu/faculty/profiles/view_faculty.php?ucinetid=swjun\">Sang-Woo Jun</a></li><li><a href=\"https://www.ics.uci.edu/faculty/profiles/view_faculty.php?ucinetid=marios\">Marios Papaefthymiou</a></li><li><a href=\"https://www.ics.uci.edu/faculty/profiles/view_faculty.php?ucinetid=aveidenb\">Alex Veidenbaum</a></li></ul><p><strong>Affiliate Faculty</strong></p><ul><li><a href=\"https://www.ics.uci.edu/faculty/profiles/view_faculty.php?ucinetid=anicolau\">Alex Nicolau</a></li><li><a href=\"https://www.ics.uci.edu/faculty/profiles/view_faculty.php?ucinetid=dutt\">Nikil Dutt</a></li></ul></div>\n\t\t\t\t</div>\n\t\t\t\t\t\t\t<div class=\"elementor-toggle-item\">\n\t\t\t\t\t<div id=\"elementor-tab-title-2595\" class=\"elementor-tab-title\" data-tab=\"5\" role=\"tab\" aria-controls=\"elementor-tab-content-2595\">\n\t\t\t\t\t\t\t\t\t\t\t\t<span class=\"elementor-toggle-icon elementor-toggle-icon-left\" aria-hidden=\"true\">\n\t\t\t\t\t\t\t<i class=\"elementor-toggle-icon-closed fa fa-caret-right\"></i>\n\t\t\t\t\t\t\t<i class=\"elementor-toggle-icon-opened fa fa-caret-down\"></i>\n\t\t\t\t\t\t</span>\n\t\t\t\t\t\t\t\t\t\t\t\t<a href=\"\">Computational Science </a>\n\t\t\t\t\t</div>\n\t\t\t\t\t<div id=\"elementor-tab-content-2595\" class=\"elementor-tab-content elementor-clearfix\" data-tab=\"5\" role=\"tabpanel\" aria-labelledby=\"elementor-tab-title-2595\"><p>The Computational Science research area at the UCI Computer Science Department includes:</p><ol class=\"res-letters\"><li>\u201cScientific computing\u201d: Scalable numerical algorithms of all kinds,\u00a0 including optimization, differential equation solutions, and stochastic simulation; also many other computer science topics as shaped by the need for large-scale modeling and simulation in science, prominently including but not restricted to numerical computing.</li><li>Computing that contributes in an essential way to new scientific knowledge and/or results (usually and most canonically, in the form of answers to well-formulated scientific questions) in the sciences, including extensive collaborations in astronomy, particle physics, chemistry, geoscience and climate science, biological sciences, and neuroscience among others.</li><li>The integration of appropriately specialized methods from artificial\u00a0 intelligence, including both numerically intensive machine learning, and also computing with high level symbolic representations of mathematical models in science.</li></ol><p><b>Primary Faculty</b></p><ul><li><span style=\"color: #333333;\"><span style=\"outline-color: initial; outline-style: initial;\"><a href=\"https://www.ics.uci.edu/faculty/profiles/view_faculty.php?ucinetid=pfbaldi\">Pierre Baldi</a></span></span></li><li><a href=\"https://www.ics.uci.edu/faculty/profiles/view_faculty.php?ucinetid=whayes\">Wayne Hayes</a></li><li><a href=\"https://www.ics.uci.edu/faculty/profiles/view_faculty.php?ucinetid=emj\">Eric Mjolsness</a></li></ul><p><strong>Affiliate Faculty</strong></p><ul><li><a href=\"https://www.ics.uci.edu/faculty/profiles/view_faculty.php?ucinetid=mandt\">Stephan Mandt</a></li><li><a href=\"https://www.ics.uci.edu/faculty/profiles/view_faculty.php?ucinetid=anicolau\">Alex Nicolau</a></li><li><a href=\"https://www.ics.uci.edu/faculty/profiles/view_faculty.php?ucinetid=pjsmyth\">Padhraic Smyth</a></li><li><a href=\"https://www.ics.uci.edu/faculty/profiles/view_faculty.php?ucinetid=shz\">Shuang Zhao</a></li></ul></div>\n\t\t\t\t</div>\n\t\t\t\t\t\t\t<div class=\"elementor-toggle-item\">\n\t\t\t\t\t<div id=\"elementor-tab-title-2596\" class=\"elementor-tab-title\" data-tab=\"6\" role=\"tab\" aria-controls=\"elementor-tab-content-2596\">\n\t\t\t\t\t\t\t\t\t\t\t\t<span class=\"elementor-toggle-icon elementor-toggle-icon-left\" aria-hidden=\"true\">\n\t\t\t\t\t\t\t<i class=\"elementor-toggle-icon-closed fa fa-caret-right\"></i>\n\t\t\t\t\t\t\t<i class=\"elementor-toggle-icon-opened fa fa-caret-down\"></i>\n\t\t\t\t\t\t</span>\n\t\t\t\t\t\t\t\t\t\t\t\t<a href=\"\">Computer Graphics and Visualization</a>\n\t\t\t\t\t</div>\n\t\t\t\t\t<div id=\"elementor-tab-content-2596\" class=\"elementor-tab-content elementor-clearfix\" data-tab=\"6\" role=\"tabpanel\" aria-labelledby=\"elementor-tab-title-2596\"><p>The field of visual computing deals with generating/capturing, representing, rendering, and interacting with synthetic and real-world images and video. Virtual and augmented reality that involves a different presentation and interaction media, as well as combining real and synthetic worlds are also core aspects of visual computing. Interactive Graphics and Visualization (iGravi) faculty work on end-to-end solutions from capturing of images and geometry; representing large geometric, image, and video data sets; geometry, image, and topology processing; interactive rendering of large visual data sets; algorithms for building large area immersive displays for presentation of visual content; and virtual and augmented reality including spatially augmented reality using projectors, cameras, and interaction devices. Examples of projects include deep learning algorithms for geometry representation, appearance modeling and rendering, medical image processing for 3D reconstruction and topological analysis of anatomical parts, and augmented reality on dynamic surfaces using projector camera systems.</p><p>\u00a0</p><p><b>iGravi Core (Primary) Faculty</b></p><ul><li><a href=\"https://www.ics.uci.edu/faculty/profiles/view_faculty.php?ucinetid=majumder\">Aditi Majumder</a></li><li><a href=\"https://www.ics.uci.edu/faculty/profiles/view_faculty.php?ucinetid=gopi\">Gopi Meenakshisundaram</a></li><li><a href=\"https://www.ics.uci.edu/faculty/profiles/view_faculty.php?ucinetid=shz\">Shuang Zhao</a></li></ul><p><b>iGravi Core (Secondary) Faculty</b>\u200b</p><ul><li><a href=\"https://www.ics.uci.edu/faculty/profiles/view_faculty.php?ucinetid=eppstein\">David Eppstein</a></li><li><a href=\"https://www.ics.uci.edu/faculty/profiles/view_faculty.php?ucinetid=fowlkes\">Charless Fowlkes</a></li><li><a href=\"https://www.ics.uci.edu/faculty/profiles/view_faculty.php?ucinetid=goodrich\">Michael Goodrich</a></li></ul></div>\n\t\t\t\t</div>\n\t\t\t\t\t\t\t<div class=\"elementor-toggle-item\">\n\t\t\t\t\t<div id=\"elementor-tab-title-2597\" class=\"elementor-tab-title\" data-tab=\"7\" role=\"tab\" aria-controls=\"elementor-tab-content-2597\">\n\t\t\t\t\t\t\t\t\t\t\t\t<span class=\"elementor-toggle-icon elementor-toggle-icon-left\" aria-hidden=\"true\">\n\t\t\t\t\t\t\t<i class=\"elementor-toggle-icon-closed fa fa-caret-right\"></i>\n\t\t\t\t\t\t\t<i class=\"elementor-toggle-icon-opened fa fa-caret-down\"></i>\n\t\t\t\t\t\t</span>\n\t\t\t\t\t\t\t\t\t\t\t\t<a href=\"\">Computer Vision</a>\n\t\t\t\t\t</div>\n\t\t\t\t\t<div id=\"elementor-tab-content-2597\" class=\"elementor-tab-content elementor-clearfix\" data-tab=\"7\" role=\"tabpanel\" aria-labelledby=\"elementor-tab-title-2597\"><p>Computer vision at UCI focuses on developing algorithms and systems for understanding images and video. Research spans from theoretical questions of perception and representation to practical applications including 3D reconstruction, human activity recognition, and biomedical image analysis.</p><p>\u00a0</p><p><b>\u00a0</b><b>Primary Faculty</b></p><ul><li><a href=\"https://www.ics.uci.edu/faculty/profiles/view_faculty.php?ucinetid=fowlkes\">Charless Fowlkes</a></li><li><a href=\"https://www.ics.uci.edu/faculty/profiles/view_faculty.php?ucinetid=rcjain\">Ramesh Jain</a></li><li><a href=\"https://www.ics.uci.edu/faculty/profiles/view_faculty.php?ucinetid=sudderth\">Erik Sudderth</a></li></ul><p><strong>Affiliate Faculty</strong></p><ul><li><a href=\"https://www.ics.uci.edu/faculty/profiles/view_faculty.php?ucinetid=majumder\">Aditi Majumder</a></li><li><a href=\"https://www.ics.uci.edu/faculty/profiles/view_faculty.php?ucinetid=mandt\">Stephan Mandt</a></li><li><a href=\"https://www.ics.uci.edu/faculty/profiles/view_faculty.php?ucinetid=gopi\">Gopi Meenakshisundaram</a></li><li><a href=\"https://www.ics.uci.edu/faculty/profiles/view_faculty.php?ucinetid=pjsmyth\">Padhraic Smyth</a></li><li><a href=\"https://www.ics.uci.edu/faculty/profiles/view_faculty.php?ucinetid=xhx\">Xiaohui Xie</a></li><li><a href=\"https://www.ics.uci.edu/faculty/profiles/view_faculty.php?ucinetid=shz\">Shuang Zhao</a></li></ul></div>\n\t\t\t\t</div>\n\t\t\t\t\t\t\t<div class=\"elementor-toggle-item\">\n\t\t\t\t\t<div id=\"elementor-tab-title-2598\" class=\"elementor-tab-title\" data-tab=\"8\" role=\"tab\" aria-controls=\"elementor-tab-content-2598\">\n\t\t\t\t\t\t\t\t\t\t\t\t<span class=\"elementor-toggle-icon elementor-toggle-icon-left\" aria-hidden=\"true\">\n\t\t\t\t\t\t\t<i class=\"elementor-toggle-icon-closed fa fa-caret-right\"></i>\n\t\t\t\t\t\t\t<i class=\"elementor-toggle-icon-opened fa fa-caret-down\"></i>\n\t\t\t\t\t\t</span>\n\t\t\t\t\t\t\t\t\t\t\t\t<a href=\"\">Database and Information Systems</a>\n\t\t\t\t\t</div>\n\t\t\t\t\t<div id=\"elementor-tab-content-2598\" class=\"elementor-tab-content elementor-clearfix\" data-tab=\"8\" role=\"tabpanel\" aria-labelledby=\"elementor-tab-title-2598\"><p>The Database and Information Systems group covers a broad range of topics related to modern data and information systems. ISG faculty research interests include data management, big data systems, multimedia data systems, secure data management, privacy-preserving computation in databases, middleware and distributed systems, concurrency, performance evaluation, data quality and cleaning, text analytics, and data visualization.<br /><br /></p><p>Much of our research is driven by creating a new generation of end-to-end systems capable of autonomously ingesting data from diverse sources (e.g., sensors, in sensed environment or wearable device contexts, or social media feeds, network monitors, and/or click-stream data), addressing issues related to the volume, velocity, veracity, and variety of such data, extracting and representing such data in a semantically enriched form, ensuring the privacy and security of such data, and building both real-time and analytic systems that scale to the applications&#8217; needs.</p><p>\u200b</p><p><b>\u00a0</b><b>Primary Faculty</b></p><ul><li><a href=\"https://www.ics.uci.edu/faculty/profiles/view_faculty.php?ucinetid=mjcarey\">Michael Carey</a></li><li><a href=\"https://www.ics.uci.edu/faculty/profiles/view_faculty.php?ucinetid=rcjain\">Ramesh Jain</a></li><li><a href=\"https://www.ics.uci.edu/faculty/profiles/view_faculty.php?ucinetid=chenli\">Chen Li</a></li><li><a href=\"https://www.ics.uci.edu/faculty/profiles/view_faculty.php?ucinetid=smehrotr\">Sharad Mehrotra</a></li><li><a href=\"https://www.ics.uci.edu/faculty/profiles/view_faculty.php?ucinetid=nalini\">Nalini Venkatasubramanian</a></li></ul><p><strong>Affiliate</strong><strong> Faculty</strong></p><ul><li><a href=\"https://www.ics.uci.edu/faculty/profiles/view_faculty.php?ucinetid=goodrich\">Michael Goodrich</a></li><li><a href=\"https://www.ics.uci.edu/faculty/profiles/view_faculty.php?ucinetid=swjun\">Sang-Woo Jun</a></li><li><a href=\"https://www.ics.uci.edu/faculty/profiles/view_faculty.php?ucinetid=sameer\">Sameer Singh</a></li></ul></div>\n\t\t\t\t</div>\n\t\t\t\t\t\t\t<div class=\"elementor-toggle-item\">\n\t\t\t\t\t<div id=\"elementor-tab-title-2599\" class=\"elementor-tab-title\" data-tab=\"9\" role=\"tab\" aria-controls=\"elementor-tab-content-2599\">\n\t\t\t\t\t\t\t\t\t\t\t\t<span class=\"elementor-toggle-icon elementor-toggle-icon-left\" aria-hidden=\"true\">\n\t\t\t\t\t\t\t<i class=\"elementor-toggle-icon-closed fa fa-caret-right\"></i>\n\t\t\t\t\t\t\t<i class=\"elementor-toggle-icon-opened fa fa-caret-down\"></i>\n\t\t\t\t\t\t</span>\n\t\t\t\t\t\t\t\t\t\t\t\t<a href=\"\">Distributed and Parallel Computing</a>\n\t\t\t\t\t</div>\n\t\t\t\t\t<div id=\"elementor-tab-content-2599\" class=\"elementor-tab-content elementor-clearfix\" data-tab=\"9\" role=\"tabpanel\" aria-labelledby=\"elementor-tab-title-2599\"><div>Research in this area explores the principles and practices of distributed and parallel computing and the design of\u00a0systems to address emerging needs of large scale enterprise and societal applications.\u00a0Topics include architectures, protocols, algorithms, middleware systems and programming methodologies to support performance, concurrency, reliability,\u00a0 security and QoS in next generation systems.\u00a0Faculty and research teams are engaged in cloud and edge computing, high-performance systems, distributed middleware, parallel algorithms, messaging and information interchange, and adaptive open systems for a wide range of application domains.\u00a0</div><div>\u00a0</div><p><b>Primary Faculty</b></p><ul><li><a href=\"https://www.ics.uci.edu/faculty/profiles/view_faculty.php?ucinetid=lbic\">Lubomir Bic</a></li><li><a href=\"https://www.ics.uci.edu/faculty/profiles/view_faculty.php?ucinetid=isaac\">Isaac Scherson</a></li><li><a href=\"https://www.ics.uci.edu/faculty/profiles/view_faculty.php?ucinetid=nalini\">Nalini Venkatasubramanian</a></li></ul><p><strong>Affiliate Faculty </strong></p><ul><li><a href=\"https://www.ics.uci.edu/faculty/profiles/view_faculty.php?ucinetid=mjcarey\">Michael Carey</a></li><li><a href=\"https://www.ics.uci.edu/faculty/profiles/view_faculty.php?ucinetid=swjun\">Sang-Woo Jun</a></li><li><a href=\"https://www.ics.uci.edu/faculty/profiles/view_faculty.php?ucinetid=klefstad\">Ray Klefstad</a></li><li><a href=\"https://www.ics.uci.edu/faculty/profiles/view_faculty.php?ucinetid=levorato\">Marco Levorato</a></li><li><a href=\"https://www.ics.uci.edu/faculty/profiles/view_faculty.php?ucinetid=smehrotr\">Sharad Mehrotra</a></li><li><a href=\"https://www.ics.uci.edu/faculty/profiles/view_faculty.php?ucinetid=anicolau\">Alex Nicolau</a></li><li><a href=\"https://www.ics.uci.edu/faculty/profiles/view_faculty.php?ucinetid=marios\">Marios Papaefthymiou</a></li><li><a href=\"https://www.ics.uci.edu/faculty/profiles/view_faculty.php?ucinetid=aregan\">Amelia Regan</a></li><li><a href=\"https://www.ics.uci.edu/faculty/profiles/view_faculty.php?ucinetid=aveidenb\">Alex Veidenbaum</a></li></ul></div>\n\t\t\t\t</div>\n\t\t\t\t\t\t\t<div class=\"elementor-toggle-item\">\n\t\t\t\t\t<div id=\"elementor-tab-title-25910\" class=\"elementor-tab-title\" data-tab=\"10\" role=\"tab\" aria-controls=\"elementor-tab-content-25910\">\n\t\t\t\t\t\t\t\t\t\t\t\t<span class=\"elementor-toggle-icon elementor-toggle-icon-left\" aria-hidden=\"true\">\n\t\t\t\t\t\t\t<i class=\"elementor-toggle-icon-closed fa fa-caret-right\"></i>\n\t\t\t\t\t\t\t<i class=\"elementor-toggle-icon-opened fa fa-caret-down\"></i>\n\t\t\t\t\t\t</span>\n\t\t\t\t\t\t\t\t\t\t\t\t<a href=\"\">Embedded Systems and Software</a>\n\t\t\t\t\t</div>\n\t\t\t\t\t<div id=\"elementor-tab-content-25910\" class=\"elementor-tab-content elementor-clearfix\" data-tab=\"10\" role=\"tabpanel\" aria-labelledby=\"elementor-tab-title-25910\"><p>Embedded systems comprise a combination of hardware and software, that are purpose-built for specific applications and which must satisfy a complex set of interacting requirements (e.g., safety and reliability) as well as interacting constraints (e.g., low power/energy and real-time). ESS faculty study both fundamental advances in embedded systems (e.g., software/hardware codesign, formal methods, design space exploration, embedded software and compilers for embedded applications, multi-criteria optimization), as well as emerging applications in Cyber-Physical Systems (CPS) and the Internet-of-Things (IoT), such as healthcare IoT, automotive embedded systems, hardware and software security, and hardware accelerators for machine learning and mission-critical applications.</p><p>\u00a0</p><p><b>Primary Faculty</b></p><ul><li><a href=\"https://www.ics.uci.edu/faculty/profiles/view_faculty.php?ucinetid=ebozorgz\">Elaheh Bozorgzadeh</a></li><li><a href=\"https://www.ics.uci.edu/faculty/profiles/view_faculty.php?ucinetid=dutt\">Nikil Dutt</a></li><li><a href=\"https://www.ics.uci.edu/faculty/profiles/view_faculty.php?ucinetid=givargis\">Tony Givargis</a></li><li><a href=\"https://www.ics.uci.edu/faculty/profiles/view_faculty.php?ucinetid=iharris\">Ian Harris</a></li><li><a href=\"https://www.ics.uci.edu/faculty/profiles/view_faculty.php?ucinetid=anicolau\">Alex Nicolau</a></li></ul><p><strong>Affiliate Faculty</strong>\u00a0</p><ul><li><a href=\"https://www.ics.uci.edu/faculty/profiles/view_faculty.php?ucinetid=sgagomas\">Sergio Gago-Masague</a></li><li><a href=\"https://www.ics.uci.edu/faculty/profiles/view_faculty.php?ucinetid=klefstad\">Raymond Klefstad</a></li><li><a href=\"https://www.ics.uci.edu/faculty/profiles/view_faculty.php?ucinetid=marios\">Marios Papaefthymiou</a></li></ul></div>\n\t\t\t\t</div>\n\t\t\t\t\t\t\t<div class=\"elementor-toggle-item\">\n\t\t\t\t\t<div id=\"elementor-tab-title-25911\" class=\"elementor-tab-title\" data-tab=\"11\" role=\"tab\" aria-controls=\"elementor-tab-content-25911\">\n\t\t\t\t\t\t\t\t\t\t\t\t<span class=\"elementor-toggle-icon elementor-toggle-icon-left\" aria-hidden=\"true\">\n\t\t\t\t\t\t\t<i class=\"elementor-toggle-icon-closed fa fa-caret-right\"></i>\n\t\t\t\t\t\t\t<i class=\"elementor-toggle-icon-opened fa fa-caret-down\"></i>\n\t\t\t\t\t\t</span>\n\t\t\t\t\t\t\t\t\t\t\t\t<a href=\"\">Mobile Computing</a>\n\t\t\t\t\t</div>\n\t\t\t\t\t<div id=\"elementor-tab-content-25911\" class=\"elementor-tab-content elementor-clearfix\" data-tab=\"11\" role=\"tabpanel\" aria-labelledby=\"elementor-tab-title-25911\"><p>\u00a0</p><p>The mobile computing research at UCI covers a diverse set of research topics dealing with mobility and mobile devices such as smartphones, tablets, wearables, IoT devices, drones and vehicles. These topics include (but are not limited to) system software design, security, privacy, communications, applications and services.\u00a0</p><div>\u00a0</div><p><b>Primary Faculty</b></p><ul><li><a href=\"https://www.ics.uci.edu/faculty/profiles/view_faculty.php?ucinetid=ardalan\">Ardalan Amiri Sani</a></li><li><a href=\"https://www.ics.uci.edu/faculty/profiles/view_faculty.php?ucinetid=alfchen\">Qi Aldred Chen</a></li><li><a href=\"https://www.ics.uci.edu/faculty/profiles/view_faculty.php?ucinetid=sgagomas\">Sergio Gago-Masague</a></li><li><a href=\"https://www.ics.uci.edu/faculty/profiles/view_faculty.php?ucinetid=levorato\">Marco Levorato</a></li></ul></div>\n\t\t\t\t</div>\n\t\t\t\t\t\t\t<div class=\"elementor-toggle-item\">\n\t\t\t\t\t<div id=\"elementor-tab-title-25912\" class=\"elementor-tab-title\" data-tab=\"12\" role=\"tab\" aria-controls=\"elementor-tab-content-25912\">\n\t\t\t\t\t\t\t\t\t\t\t\t<span class=\"elementor-toggle-icon elementor-toggle-icon-left\" aria-hidden=\"true\">\n\t\t\t\t\t\t\t<i class=\"elementor-toggle-icon-closed fa fa-caret-right\"></i>\n\t\t\t\t\t\t\t<i class=\"elementor-toggle-icon-opened fa fa-caret-down\"></i>\n\t\t\t\t\t\t</span>\n\t\t\t\t\t\t\t\t\t\t\t\t<a href=\"\">Networking</a>\n\t\t\t\t\t</div>\n\t\t\t\t\t<div id=\"elementor-tab-content-25912\" class=\"elementor-tab-content elementor-clearfix\" data-tab=\"12\" role=\"tabpanel\" aria-labelledby=\"elementor-tab-title-25912\"><p>The research interests of faculty in this area spans a variety of topics centered on networked systems, including: communication and networking protocols, stochastic control, optimization, simulation, distributed computing in networked systems and security, as well as policy aspects. Applications include Internet of Things, cognitive networks, communications and networking for autonomous, mission critical and cyber-physical systems.<br /><br /></p><p><b>Primary Faculty</b></p><ul><li><a href=\"https://www.ics.uci.edu/faculty/profiles/view_faculty.php?ucinetid=elzarki\">Magda El Zarki</a></li><li><a href=\"https://www.ics.uci.edu/faculty/profiles/view_faculty.php?ucinetid=sjordan\">Scott Jordan</a></li><li><a href=\"https://www.ics.uci.edu/faculty/profiles/view_faculty.php?ucinetid=levorato\">Marco Levorato</a></li><li><a href=\"https://www.ics.uci.edu/faculty/profiles/view_faculty.php?ucinetid=gtsudik\">Gene Tsudik</a></li></ul><p><strong>Affiliate Faculty</strong></p><ul><li><a href=\"https://www.ics.uci.edu/faculty/profiles/view_faculty.php?ucinetid=goodrich\">Michael Goodrich</a></li><li><a href=\"https://www.ics.uci.edu/faculty/profiles/view_faculty.php?ucinetid=aregan\">Amelia Regan</a></li><li><a href=\"https://www.ics.uci.edu/faculty/profiles/view_faculty.php?ucinetid=nalini\">Nalini Venkatasubramanian</a></li></ul></div>\n\t\t\t\t</div>\n\t\t\t\t\t\t\t<div class=\"elementor-toggle-item\">\n\t\t\t\t\t<div id=\"elementor-tab-title-25913\" class=\"elementor-tab-title\" data-tab=\"13\" role=\"tab\" aria-controls=\"elementor-tab-content-25913\">\n\t\t\t\t\t\t\t\t\t\t\t\t<span class=\"elementor-toggle-icon elementor-toggle-icon-left\" aria-hidden=\"true\">\n\t\t\t\t\t\t\t<i class=\"elementor-toggle-icon-closed fa fa-caret-right\"></i>\n\t\t\t\t\t\t\t<i class=\"elementor-toggle-icon-opened fa fa-caret-down\"></i>\n\t\t\t\t\t\t</span>\n\t\t\t\t\t\t\t\t\t\t\t\t<a href=\"\">Operating Systems</a>\n\t\t\t\t\t</div>\n\t\t\t\t\t<div id=\"elementor-tab-content-25913\" class=\"elementor-tab-content elementor-clearfix\" data-tab=\"13\" role=\"tabpanel\" aria-labelledby=\"elementor-tab-title-25913\"><p>Our research focuses on a broad range of topics related to performance, security and reliability of operating systems. We are interested in both development of clean-slate operating system architectures and on a practical evolution of de facto industry standard operating system kernels towards hardware, software, and security requirements in the age of mobile and warehouse-scale computing. Our research covers areas of operating system security, support for heterogeneous hardware, low-latency datacenter networking and storage, virtualization, access control, and software verification. Also, we work on a range of topics where operating systems interface with computer architecture, networking, programming languages, distributed systems, and databases.</p><p>\u00a0</p><p><b>Primary Faculty</b></p><ul><li><a href=\"https://www.ics.uci.edu/faculty/profiles/view_faculty.php?ucinetid=ardalan\">Ardalan Amiri Sani</a></li><li><a href=\"https://www.ics.uci.edu/faculty/profiles/view_faculty.php?ucinetid=aburtsev\">Anton Burtsev</a></li><li><a href=\"https://www.ics.uci.edu/faculty/profiles/view_faculty.php?ucinetid=alfchen\">Qi Alfred Chen</a>\u00a0</li></ul><p><strong>Affiliate Faculty</strong></p><ul><li><a href=\"http://plrg.eecs.uci.edu/\">Brian Demsky</a></li></ul></div>\n\t\t\t\t</div>\n\t\t\t\t\t\t\t<div class=\"elementor-toggle-item\">\n\t\t\t\t\t<div id=\"elementor-tab-title-25914\" class=\"elementor-tab-title\" data-tab=\"14\" role=\"tab\" aria-controls=\"elementor-tab-content-25914\">\n\t\t\t\t\t\t\t\t\t\t\t\t<span class=\"elementor-toggle-icon elementor-toggle-icon-left\" aria-hidden=\"true\">\n\t\t\t\t\t\t\t<i class=\"elementor-toggle-icon-closed fa fa-caret-right\"></i>\n\t\t\t\t\t\t\t<i class=\"elementor-toggle-icon-opened fa fa-caret-down\"></i>\n\t\t\t\t\t\t</span>\n\t\t\t\t\t\t\t\t\t\t\t\t<a href=\"\">Programming Languages and Software Engineering</a>\n\t\t\t\t\t</div>\n\t\t\t\t\t<div id=\"elementor-tab-content-25914\" class=\"elementor-tab-content elementor-clearfix\" data-tab=\"14\" role=\"tabpanel\" aria-labelledby=\"elementor-tab-title-25914\"><p>Programming Languages and Software Engineering faculty in Computer Science investigates new tools, runtime systems, compilers, program analysis techniques and languages with the goal of making software faster, more secure, easier to develop, more reliable, more energy efficient and optimized for new architectures. Our research includes practical implementations that test the concepts developed. CS faculty have made contributions in multiple sub-areas, including systems security, parallelism, program analysis and optimization, just-in-time compilation, verification, testing and memory management.<br /><br /></p><p><b>Primary Faculty</b></p><ul><li><a href=\"https://www.ics.uci.edu/faculty/profiles/view_faculty.php?ucinetid=franz\">Michael Franz</a></li><li><a href=\"http://plrg.eecs.uci.edu/\">Brian Demsky</a></li><li><a href=\"https://www.ics.uci.edu/faculty/profiles/view_faculty.php?ucinetid=klefstad\">Ray Klefstadt</a></li><li><a href=\"https://www.ics.uci.edu/faculty/profiles/view_faculty.php?ucinetid=anicolau\">Alex Nicolau</a></li></ul></div>\n\t\t\t\t</div>\n\t\t\t\t\t\t\t<div class=\"elementor-toggle-item\">\n\t\t\t\t\t<div id=\"elementor-tab-title-25915\" class=\"elementor-tab-title\" data-tab=\"15\" role=\"tab\" aria-controls=\"elementor-tab-content-25915\">\n\t\t\t\t\t\t\t\t\t\t\t\t<span class=\"elementor-toggle-icon elementor-toggle-icon-left\" aria-hidden=\"true\">\n\t\t\t\t\t\t\t<i class=\"elementor-toggle-icon-closed fa fa-caret-right\"></i>\n\t\t\t\t\t\t\t<i class=\"elementor-toggle-icon-opened fa fa-caret-down\"></i>\n\t\t\t\t\t\t</span>\n\t\t\t\t\t\t\t\t\t\t\t\t<a href=\"\">Security, Privacy, Cryptography</a>\n\t\t\t\t\t</div>\n\t\t\t\t\t<div id=\"elementor-tab-content-25915\" class=\"elementor-tab-content elementor-clearfix\" data-tab=\"15\" role=\"tabpanel\" aria-labelledby=\"elementor-tab-title-25915\"><div>Our research spans a broad range of timely and important topics in</div><div>security, privacy and cryptography.\u00a0\u00a0It covers numerous traditional as well as</div><div>emerging themes, including:</div><ul><li>malware mitigation</li><li>internet security &amp; privacy</li><li>wireless, ad hoc, mobile &amp; vehicular network security</li><li>OS, distributed systems &amp; middleware security</li><li>hardware, IoT, embedded &amp; cyber-physical systems security</li><li>usable security &amp; privacy</li><li>genomic security &amp; privacy</li><li>theoretical &amp; applied cryptography</li><li>database security &amp; privacy</li><li>security algorithms &amp; social engineering</li><li>secure compilation, language &amp; software security</li><li>security &amp; privacy in machine learning</li></ul><p><b>Primary Faculty</b></p><ul><li><a href=\"https://www.ics.uci.edu/faculty/profiles/view_faculty.php?ucinetid=ardalan\">Ardalan Amiri Sani</a></li><li><a href=\"https://www.ics.uci.edu/faculty/profiles/view_faculty.php?ucinetid=aburtsev\">Anton Burtsev</a></li><li><a href=\"https://www.ics.uci.edu/faculty/profiles/view_faculty.php?ucinetid=alfchen\">Qi Alfred Chen</a></li><li><a href=\"http://plrg.eecs.uci.edu/\">Brian Demsky</a></li><li><a href=\"https://www.ics.uci.edu/faculty/profiles/view_faculty.php?ucinetid=franz\">Michael Franz</a></li><li><a href=\"https://www.ics.uci.edu/faculty/profiles/view_faculty.php?ucinetid=goodrich\">Michael Goodrich</a></li><li><a href=\"https://www.ics.uci.edu/faculty/profiles/view_faculty.php?ucinetid=iharris\">Ian Harris</a></li><li><a href=\"https://www.ics.uci.edu/faculty/profiles/view_faculty.php?ucinetid=sjarecki\">Stanislaw Jarecki</a></li><li><a href=\"https://www.ics.uci.edu/faculty/profiles/view_faculty.php?ucinetid=smehrotr\">Sharad Mehrotra</a></li><li><a href=\"https://www.ics.uci.edu/faculty/profiles/view_faculty.php?ucinetid=gtsudik\">Gene Tsudik</a></li></ul><p><strong>Affiliate Faculty</strong></p><ul><li><a href=\"https://www.ics.uci.edu/faculty/profiles/view_faculty.php?ucinetid=marios\">Marios Papaefthymiou</a></li></ul></div>\n\t\t\t\t</div>\n\t\t\t\t\t\t\t<div class=\"elementor-toggle-item\">\n\t\t\t\t\t<div id=\"elementor-tab-title-25916\" class=\"elementor-tab-title\" data-tab=\"16\" role=\"tab\" aria-controls=\"elementor-tab-content-25916\">\n\t\t\t\t\t\t\t\t\t\t\t\t<span class=\"elementor-toggle-icon elementor-toggle-icon-left\" aria-hidden=\"true\">\n\t\t\t\t\t\t\t<i class=\"elementor-toggle-icon-closed fa fa-caret-right\"></i>\n\t\t\t\t\t\t\t<i class=\"elementor-toggle-icon-opened fa fa-caret-down\"></i>\n\t\t\t\t\t\t</span>\n\t\t\t\t\t\t\t\t\t\t\t\t<a href=\"\">Software Systems</a>\n\t\t\t\t\t</div>\n\t\t\t\t\t<div id=\"elementor-tab-content-25916\" class=\"elementor-tab-content elementor-clearfix\" data-tab=\"16\" role=\"tabpanel\" aria-labelledby=\"elementor-tab-title-25916\"><p>Software Systems at UCI focuses on the design and implementation of software across the system stack, from embedded devices all the way to large-scale distributed systems. Instead of concentrating on individual layers of the stack, we are particularly interested in cross-cutting concerns such as how to achieve end-to-end security or quality of service or how to partition critical functions of a complex computer system between hardware and software and between clients and servers while pursuing multi-modal goals such as minimizing latency and overall costs while maximizing user privacy and energy efficiency.\u00a0We are interested in virtualization techniques at all levels, from hypervisors to high-level language runtimes, both from the perspective of designing such virtualization layers as well as deploying them in software architecture. Our research also incorporates topics from areas that traditionally have been called \u201cSoftware Engineering\u201d and \u201cTrustworthy Computing.\u201d</p><p><b><br />Primary Faculty</b></p><ul><li><a href=\"https://www.ics.uci.edu/faculty/profiles/view_faculty.php?ucinetid=franz\">Michael Franz</a></li><li><a href=\"https://www.ics.uci.edu/faculty/profiles/view_faculty.php?ucinetid=ardalan\">Ardalan Amiri Sani</a></li><li><a href=\"http://plrg.eecs.uci.edu/\">Brian Demsky</a></li><li><a href=\"https://www.ics.uci.edu/faculty/profiles/view_faculty.php?ucinetid=smehrotr\">Sharad Mehrotra</a></li><li><a href=\"https://www.ics.uci.edu/faculty/profiles/view_faculty.php?ucinetid=levorato\">Marco Levorato</a></li><li><a href=\"https://www.ics.uci.edu/faculty/profiles/view_faculty.php?ucinetid=aveidenb\">Alex Veidenbaum</a></li><li><a href=\"https://www.ics.uci.edu/faculty/profiles/view_faculty.php?ucinetid=nalini\">Nalini Venkatasubramanian</a></li></ul><p><strong>Affiliate Faculty</strong></p><ul><li><a href=\"https://www.ics.uci.edu/faculty/profiles/view_faculty.php?ucinetid=aburtsev\">Anton Burtsev</a></li><li><a href=\"https://www.ics.uci.edu/faculty/profiles/view_faculty.php?ucinetid=alfchen\">Qi Alfred Chen</a></li><li><a href=\"https://www.ics.uci.edu/faculty/profiles/view_faculty.php?ucinetid=anicolau\">Alex Nicolau</a></li></ul></div>\n\t\t\t\t</div>\n\t\t\t\t\t</div>\n\t\t\t\t</div>\n\t\t\t\t</div>\n\t\t\t\t\t\t</div>\n\t\t\t</div>\n\t\t</div>\n\t\t\t\t\t\t</div>\n\t\t\t</div>\n\t\t</section>\n\t\t\t\t\t\t</div>\n\t\t\t</div>\n\t\t</div>\n\t\t</div></article></main><aside class=\"sidebar sidebar-primary widget-area\" role=\"complementary\" aria-label=\"Primary Sidebar\" itemscope itemtype=\"http://schema.org/WPSideBar\">\t\t<section id=\"recent-posts-3\" class=\"widget widget_recent_entries\"><div class=\"widget-wrap\">\t\t<h4 class=\"widget-title widgettitle\">Latest news</h4>\n\t\t<ul>\n\t\t\t\t\t\t\t\t\t\t\t<li>\n\t\t\t\t\t<a href=\"https://www.cs.uci.edu/sangeetha-abdu-jyothi-attends-the-heidelberg-laureate-forum/\">Sangeetha Abdu Jyothi Attends the Heidelberg Laureate Forum</a>\n\t\t\t\t\t\t\t\t\t\t\t<span class=\"post-date\">October 8, 2019</span>\n\t\t\t\t\t\t\t\t\t</li>\n\t\t\t\t\t\t\t\t\t\t\t<li>\n\t\t\t\t\t<a href=\"https://www.cs.uci.edu/senior-spotlight-taneisha-arora-pursues-her-passions-from-working-in-industry-to-running-a-bakery/\">Senior Spotlight: Taneisha Arora Pursues Her Passions, From Working in Industry to Running a Bakery</a>\n\t\t\t\t\t\t\t\t\t\t\t<span class=\"post-date\">October 7, 2019</span>\n\t\t\t\t\t\t\t\t\t</li>\n\t\t\t\t\t\t\t\t\t\t\t<li>\n\t\t\t\t\t<a href=\"https://www.cs.uci.edu/ramesh-jain-wins-inaugural-ieee-tcmc-impact-award/\">Ramesh Jain Wins Inaugural IEEE TCMC Impact Award</a>\n\t\t\t\t\t\t\t\t\t\t\t<span class=\"post-date\">October 3, 2019</span>\n\t\t\t\t\t\t\t\t\t</li>\n\t\t\t\t\t\t\t\t\t\t\t<li>\n\t\t\t\t\t<a href=\"https://www.cs.uci.edu/uci-other-researchers-develop-deep-learning-technique-to-id-at-risk-anatomy-in-ct-scans/\">UCI, other researchers develop deep-learning technique to ID at-risk anatomy in CT scans</a>\n\t\t\t\t\t\t\t\t\t\t\t<span class=\"post-date\">October 2, 2019</span>\n\t\t\t\t\t\t\t\t\t</li>\n\t\t\t\t\t\t\t\t\t\t\t<li>\n\t\t\t\t\t<a href=\"https://www.cs.uci.edu/science-101-ai-solves-a-rubiks-cube-without-human-help-pierre-baldi-research-mentioned/\">Science 101: &#8220;AI solves a Rubik\u2019s cube without human help&#8221; (Pierre Baldi research mentioned)</a>\n\t\t\t\t\t\t\t\t\t\t\t<span class=\"post-date\">September 27, 2019</span>\n\t\t\t\t\t\t\t\t\t</li>\n\t\t\t\t\t</ul>\n\t\t</div></section>\n</aside></div></div><footer class=\"site-footer\" itemscope itemtype=\"http://schema.org/WPFooter\"><div class=\"wrap\">\t\t\t<div class=\"group\">\n\n\t\t\t\t<div id=\"bren\">\n\t\t\t\t\t\t<a href=\"http://www.ics.uci.edu/\"><img src=\"//www.cs.uci.edu//wp-content/cs/uploads/DBren_InfoCompSc_logo-UPDATED.png\"></a>\n\t\t\t\t</div>\n\n\t\t\t\t<div class=\"footer-info\">\n\t\t\t\t\t<UL>\n\t\t\t\t\t   <LI>&copy; 2019 UC Regents</LI>\n\t\t\t\t\t   <LI><A HREF=\"mailto:communications@ics.uci.edu\">Feedback</A></LI>\n\t\t\t\t\t   <LI><A HREF=\"http://uci.edu/privacy/\">Privacy Policy</A></LI>\n\t\t\t\t\t</UL>\n\t\t\t\t</div><!-- .footer-info -->\n\n\t\t\t</div>\n\t</div></footer></div><script type='text/javascript'>\nvar colomatduration = 'fast';\nvar colomatslideEffect = 'slideFade';\n</script>\t\t<script>\n\t\t( function ( body ) {\n\t\t\t'use strict';\n\t\t\tbody.className = body.className.replace( /\\btribe-no-js\\b/, 'tribe-js' );\n\t\t} )( document.body );\n\t\t</script>\n\t\t<script>\n  (function(i,s,o,g,r,a,m){i['GoogleAnalyticsObject']=r;i[r]=i[r]||function(){\n  (i[r].q=i[r].q||[]).push(arguments)},i[r].l=1*new Date();a=s.createElement(o),\n  m=s.getElementsByTagName(o)[0];a.async=1;a.src=g;m.parentNode.insertBefore(a,m)\n  })(window,document,'script','https://www.google-analytics.com/analytics.js','ga');\n\n  ga('create', 'UA-605898-2', 'auto');\n  ga('send', 'pageview');\n\n</script>\n<script type='text/javascript'>jQuery(document).ready(function($) {$(\".flexslider\").flexslider({controlsContainer: \"#genesis-responsive-slider\",animation: \"fade\",directionNav: 0,controlNav: 1,animationDuration: 1000,slideshowSpeed: 10000    });  });</script><script> /* <![CDATA[ */var tribe_l10n_datatables = {\"aria\":{\"sort_ascending\":\": activate to sort column ascending\",\"sort_descending\":\": activate to sort column descending\"},\"length_menu\":\"Show _MENU_ entries\",\"empty_table\":\"No data available in table\",\"info\":\"Showing _START_ to _END_ of _TOTAL_ entries\",\"info_empty\":\"Showing 0 to 0 of 0 entries\",\"info_filtered\":\"(filtered from _MAX_ total entries)\",\"zero_records\":\"No matching records found\",\"search\":\"Search:\",\"all_selected_text\":\"All items on this page were selected. \",\"select_all_link\":\"Select all pages\",\"clear_selection\":\"Clear Selection.\",\"pagination\":{\"all\":\"All\",\"next\":\"Next\",\"previous\":\"Previous\"},\"select\":{\"rows\":{\"0\":\"\",\"_\":\": Selected %d rows\",\"1\":\": Selected 1 row\"}},\"datepicker\":{\"dayNames\":[\"Sunday\",\"Monday\",\"Tuesday\",\"Wednesday\",\"Thursday\",\"Friday\",\"Saturday\"],\"dayNamesShort\":[\"Sun\",\"Mon\",\"Tue\",\"Wed\",\"Thu\",\"Fri\",\"Sat\"],\"dayNamesMin\":[\"S\",\"M\",\"T\",\"W\",\"T\",\"F\",\"S\"],\"monthNames\":[\"January\",\"February\",\"March\",\"April\",\"May\",\"June\",\"July\",\"August\",\"September\",\"October\",\"November\",\"December\"],\"monthNamesShort\":[\"January\",\"February\",\"March\",\"April\",\"May\",\"June\",\"July\",\"August\",\"September\",\"October\",\"November\",\"December\"],\"nextText\":\"Next\",\"prevText\":\"Prev\",\"currentText\":\"Today\",\"closeText\":\"Done\"}};/* ]]> */ </script><script data-cfasync=\"false\">\nvar elementorFrontendConfig = {\"environmentMode\":{\"edit\":false,\"wpPreview\":false},\"is_rtl\":false,\"breakpoints\":{\"xs\":0,\"sm\":480,\"md\":768,\"lg\":1025,\"xl\":1440,\"xxl\":1600},\"version\":\"2.5.5\",\"urls\":{\"assets\":\"https:\\/\\/www.cs.uci.edu\\/wp-content\\/cs\\/plugins\\/elementor\\/assets\\/\"},\"settings\":{\"page\":[],\"general\":{\"elementor_global_image_lightbox\":\"yes\",\"elementor_enable_lightbox_in_editor\":\"yes\"}},\"post\":{\"id\":2329,\"title\":\"Research Areas\",\"excerpt\":\"\"}};\n</script>\n<span id=\"elementor-device-mode\" class=\"elementor-screen-only\"></span><script type='text/javascript' src='https://www.cs.uci.edu/wp-content/cs/plugins/jquery-collapse-o-matic/js/collapse.js?ver=1.6.5'></script>\n<script type='text/javascript' src='https://www.cs.uci.edu/wp-includes/js/comment-reply.min.js?ver=5.2.3'></script>\n<script type='text/javascript' src='https://www.cs.uci.edu/wp-content/cs/plugins/genesis-responsive-slider/js/jquery.flexslider.js?ver=0.9.5'></script>\n<script type='text/javascript' src='https://www.cs.uci.edu/wp-includes/js/wp-embed.min.js?ver=5.2.3'></script>\n<script type='text/javascript' src='https://www.cs.uci.edu/wp-content/cs/plugins/elementor/assets/js/frontend-modules.js?ver=2.5.5'></script>\n<script type='text/javascript' src='https://www.cs.uci.edu/wp-content/cs/plugins/elementor-pro/assets/lib/sticky/jquery.sticky.min.js?ver=2.4.8'></script>\n<script type='text/javascript'>\n/* <![CDATA[ */\nvar ElementorProFrontendConfig = {\"ajaxurl\":\"https:\\/\\/www.cs.uci.edu\\/wp-admin\\/admin-ajax.php\",\"nonce\":\"2caba09775\",\"shareButtonsNetworks\":{\"facebook\":{\"title\":\"Facebook\",\"has_counter\":true},\"twitter\":{\"title\":\"Twitter\"},\"google\":{\"title\":\"Google+\",\"has_counter\":true},\"linkedin\":{\"title\":\"LinkedIn\",\"has_counter\":true},\"pinterest\":{\"title\":\"Pinterest\",\"has_counter\":true},\"reddit\":{\"title\":\"Reddit\",\"has_counter\":true},\"vk\":{\"title\":\"VK\",\"has_counter\":true},\"odnoklassniki\":{\"title\":\"OK\",\"has_counter\":true},\"tumblr\":{\"title\":\"Tumblr\"},\"delicious\":{\"title\":\"Delicious\"},\"digg\":{\"title\":\"Digg\"},\"skype\":{\"title\":\"Skype\"},\"stumbleupon\":{\"title\":\"StumbleUpon\",\"has_counter\":true},\"telegram\":{\"title\":\"Telegram\"},\"pocket\":{\"title\":\"Pocket\",\"has_counter\":true},\"xing\":{\"title\":\"XING\",\"has_counter\":true},\"whatsapp\":{\"title\":\"WhatsApp\"},\"email\":{\"title\":\"Email\"},\"print\":{\"title\":\"Print\"}},\"facebook_sdk\":{\"lang\":\"en_US\",\"app_id\":\"\"}};\n/* ]]> */\n</script>\n<script type='text/javascript' src='https://www.cs.uci.edu/wp-content/cs/plugins/elementor-pro/assets/js/frontend.min.js?ver=2.4.8'></script>\n<script type='text/javascript' src='https://www.cs.uci.edu/wp-includes/js/jquery/ui/position.min.js?ver=1.11.4'></script>\n<script type='text/javascript' src='https://www.cs.uci.edu/wp-content/cs/plugins/elementor/assets/lib/dialog/dialog.min.js?ver=4.7.1'></script>\n<script type='text/javascript' src='https://www.cs.uci.edu/wp-content/cs/plugins/elementor/assets/lib/waypoints/waypoints.min.js?ver=4.0.2'></script>\n<script type='text/javascript' src='https://www.cs.uci.edu/wp-content/cs/plugins/elementor/assets/lib/swiper/swiper.min.js?ver=4.4.6'></script>\n<script type='text/javascript' src='https://www.cs.uci.edu/wp-content/cs/plugins/elementor/assets/js/frontend.min.js?ver=2.5.5'></script>\n</body></html>\r\n", "encoding": "utf-8"}