{"url": "https://www.cs.uci.edu/news/page/12/", "content": "<!DOCTYPE html>\n<html lang=\"en-US\">\n<head >\n<meta charset=\"UTF-8\" />\n<title>News</title><meta name=\"description\" content=\"View the latest news from UC Irvine&#039;s Department of Computer Science, including faculty research highlights and alumni success stories.\" />\n\t\t<meta name=\"robots\" content=\"noodp,noydir\" />\n\t\t<meta name=\"viewport\" content=\"width=device-width, initial-scale=1\" />\n\n\t\t<style type=\"text/css\">\n\t\t\t.slide-excerpt { width: 50%; }\n\t\t\t.slide-excerpt { bottom: 0; }\n\t\t\t.slide-excerpt { left: 0; }\n\t\t\t.flexslider { max-width: 1180px; max-height: 340px; }\n\t\t\t.slide-image { max-height: 340px; }\n\t\t</style>\n\t\t<style type=\"text/css\">\n\t\t\t@media only screen\n\t\t\tand (min-device-width : 320px)\n\t\t\tand (max-device-width : 480px) {\n\t\t\t\t.slide-excerpt { display: none !important; }\n\t\t\t}\n\t\t</style> <link rel='dns-prefetch' href='//fonts.googleapis.com' />\n<link rel='dns-prefetch' href='//s.w.org' />\n<link rel=\"alternate\" type=\"application/rss+xml\" title=\"Department of Computer Science - Donald Bren School of Information &amp; Computer Sciences &raquo; Feed\" href=\"https://www.cs.uci.edu/feed/\" />\n<link rel=\"alternate\" type=\"application/rss+xml\" title=\"Department of Computer Science - Donald Bren School of Information &amp; Computer Sciences &raquo; Comments Feed\" href=\"https://www.cs.uci.edu/comments/feed/\" />\n<link rel=\"alternate\" type=\"text/calendar\" title=\"Department of Computer Science - Donald Bren School of Information &amp; Computer Sciences &raquo; iCal Feed\" href=\"https://www.cs.uci.edu/events/?ical=1\" />\n\t\t<script type=\"text/javascript\">\n\t\t\twindow._wpemojiSettings = {\"baseUrl\":\"https:\\/\\/s.w.org\\/images\\/core\\/emoji\\/12.0.0-1\\/72x72\\/\",\"ext\":\".png\",\"svgUrl\":\"https:\\/\\/s.w.org\\/images\\/core\\/emoji\\/12.0.0-1\\/svg\\/\",\"svgExt\":\".svg\",\"source\":{\"concatemoji\":\"https:\\/\\/www.cs.uci.edu\\/wp-includes\\/js\\/wp-emoji-release.min.js?ver=5.2.3\"}};\n\t\t\t!function(a,b,c){function d(a,b){var c=String.fromCharCode;l.clearRect(0,0,k.width,k.height),l.fillText(c.apply(this,a),0,0);var d=k.toDataURL();l.clearRect(0,0,k.width,k.height),l.fillText(c.apply(this,b),0,0);var e=k.toDataURL();return d===e}function e(a){var b;if(!l||!l.fillText)return!1;switch(l.textBaseline=\"top\",l.font=\"600 32px Arial\",a){case\"flag\":return!(b=d([55356,56826,55356,56819],[55356,56826,8203,55356,56819]))&&(b=d([55356,57332,56128,56423,56128,56418,56128,56421,56128,56430,56128,56423,56128,56447],[55356,57332,8203,56128,56423,8203,56128,56418,8203,56128,56421,8203,56128,56430,8203,56128,56423,8203,56128,56447]),!b);case\"emoji\":return b=d([55357,56424,55356,57342,8205,55358,56605,8205,55357,56424,55356,57340],[55357,56424,55356,57342,8203,55358,56605,8203,55357,56424,55356,57340]),!b}return!1}function f(a){var c=b.createElement(\"script\");c.src=a,c.defer=c.type=\"text/javascript\",b.getElementsByTagName(\"head\")[0].appendChild(c)}var g,h,i,j,k=b.createElement(\"canvas\"),l=k.getContext&&k.getContext(\"2d\");for(j=Array(\"flag\",\"emoji\"),c.supports={everything:!0,everythingExceptFlag:!0},i=0;i<j.length;i++)c.supports[j[i]]=e(j[i]),c.supports.everything=c.supports.everything&&c.supports[j[i]],\"flag\"!==j[i]&&(c.supports.everythingExceptFlag=c.supports.everythingExceptFlag&&c.supports[j[i]]);c.supports.everythingExceptFlag=c.supports.everythingExceptFlag&&!c.supports.flag,c.DOMReady=!1,c.readyCallback=function(){c.DOMReady=!0},c.supports.everything||(h=function(){c.readyCallback()},b.addEventListener?(b.addEventListener(\"DOMContentLoaded\",h,!1),a.addEventListener(\"load\",h,!1)):(a.attachEvent(\"onload\",h),b.attachEvent(\"onreadystatechange\",function(){\"complete\"===b.readyState&&c.readyCallback()})),g=c.source||{},g.concatemoji?f(g.concatemoji):g.wpemoji&&g.twemoji&&(f(g.twemoji),f(g.wpemoji)))}(window,document,window._wpemojiSettings);\n\t\t</script>\n\t\t<style type=\"text/css\">\nimg.wp-smiley,\nimg.emoji {\n\tdisplay: inline !important;\n\tborder: none !important;\n\tbox-shadow: none !important;\n\theight: 1em !important;\n\twidth: 1em !important;\n\tmargin: 0 .07em !important;\n\tvertical-align: -0.1em !important;\n\tbackground: none !important;\n\tpadding: 0 !important;\n}\n</style>\n\t<link rel='stylesheet' id='genesis-sample-theme-css'  href='https://www.cs.uci.edu/wp-content/cs/themes/genesis-cs-retry/style.css?ver=2.1.2' type='text/css' media='all' />\n<link rel='stylesheet' id='wp-block-library-css'  href='https://www.cs.uci.edu/wp-includes/css/dist/block-library/style.min.css?ver=5.2.3' type='text/css' media='all' />\n<link rel='stylesheet' id='feedzy-rss-feeds-css'  href='https://www.cs.uci.edu/wp-content/cs/plugins/feedzy-rss-feeds/css/feedzy-rss-feeds.css?ver=3.3.2' type='text/css' media='all' />\n<link rel='stylesheet' id='collapseomatic-css-css'  href='https://www.cs.uci.edu/wp-content/cs/plugins/jquery-collapse-o-matic/light_style.css?ver=1.6' type='text/css' media='all' />\n<link rel='stylesheet' id='google-fonts-css'  href='//fonts.googleapis.com/css?family=Lato%3A300%2C400%2C700&#038;ver=2.1.2' type='text/css' media='all' />\n<link rel='stylesheet' id='slider_styles-css'  href='https://www.cs.uci.edu/wp-content/cs/plugins/genesis-responsive-slider/style.css?ver=0.9.5' type='text/css' media='all' />\n<script type='text/javascript' src='https://www.cs.uci.edu/wp-includes/js/jquery/jquery.js?ver=1.12.4-wp'></script>\n<script type='text/javascript' src='https://www.cs.uci.edu/wp-includes/js/jquery/jquery-migrate.min.js?ver=1.4.1'></script>\n<!--[if lt IE 9]>\n<script type='text/javascript' src='https://www.cs.uci.edu/wp-content/cs/themes/genesis/lib/js/html5shiv.min.js?ver=3.7.3'></script>\n<![endif]-->\n<script type='text/javascript' src='https://www.cs.uci.edu/wp-content/cs/themes/genesis-cs-retry/js/jquery.collapse.js?ver=5.2.3'></script>\n<link rel='https://api.w.org/' href='https://www.cs.uci.edu/wp-json/' />\n<link rel=\"EditURI\" type=\"application/rsd+xml\" title=\"RSD\" href=\"https://www.cs.uci.edu/xmlrpc.php?rsd\" />\n<meta name=\"tec-api-version\" content=\"v1\"><meta name=\"tec-api-origin\" content=\"https://www.cs.uci.edu\"><link rel=\"https://theeventscalendar.com/\" href=\"https://www.cs.uci.edu/wp-json/tribe/events/v1/\" /><link rel=\"icon\" href=\"https://www.cs.uci.edu/wp-content/cs/themes/genesis-cs-retry/images/favicon.ico\" />\n<link rel=\"pingback\" href=\"https://www.cs.uci.edu/xmlrpc.php\" />\n<link rel=\"prev\" href=\"https://www.cs.uci.edu/news/page/11/\" />\n<link rel=\"next\" href=\"https://www.cs.uci.edu/news/page/13/\" />\n\t\t<style type=\"text/css\" id=\"wp-custom-css\">\n\t\t\t.job-ops .name{\n\twidth:53% !important;\n\tfont-size:.95em !important;\n\tline-height:1.5em !important;\n}\n.job-ops .job-number{\n\twidth:23% !important;\n\tfont-size:.75em !important;\n}\n.job-ops .submission-dates{\n\twidth:53% !important;\n\tfont-size:.95em !important;\n\tline-height:1.5em !important;\n}\n\n.people_table img{\n\twidth:150px;\n}\n\n.apply-now-btn{\n\tborder:1px solid #ffffff;\n\tborder-radius:3px;\n\tpadding:7px 15px 7px 15px;\n}\n.undergrad-tbl td{padding:10px;}\n.staffcsl-tbl td{padding:10px;}\n\n\n.rss_header { display: none;}\t\t</style>\n\t\t</head>\n<body class=\"blog paged paged-12 tribe-no-js header-image full-width-content elementor-default\" itemscope itemtype=\"http://schema.org/WebPage\"><div class=\"site-container\"><header class=\"site-header\" itemscope itemtype=\"http://schema.org/WPHeader\"><div class=\"wrap\"><div class=\"title-area\"><h1 class=\"site-title\">\n\n      <div id='dept_header'>\n\n         <a id='dept_link' href='http://www.cs.uci.edu/' TITLE='Department of Computer Science in the Donald Bren School of Information and Computer Sciences @ UC Irvine'></a>\n\n         <a id='uci_link' href='http://www.uci.edu/' TITLE='University of California, Irvine'></a>\n\n         <a id='school_link' href='http://www.ics.uci.edu/' TITLE='Donald Bren School of Information and Computer Sciences'></a>\n\n      </div>\n\n   </h1></div><div class=\"widget-area header-widget-area\"><section id=\"search-4\" class=\"widget widget_search\"><div class=\"widget-wrap\"><form class=\"search-form\" itemprop=\"potentialAction\" itemscope itemtype=\"http://schema.org/SearchAction\" method=\"get\" action=\"https://www.cs.uci.edu/\" role=\"search\"><meta itemprop=\"target\" content=\"https://www.cs.uci.edu/?s={s}\"/><input itemprop=\"query-input\" type=\"search\" name=\"s\" placeholder=\"Search this site...\" /><input type=\"submit\" value=\"Search\"  /></form></div></section>\n</div></div></header><nav class=\"nav-primary\" itemscope itemtype=\"http://schema.org/SiteNavigationElement\"><div class=\"wrap\"><ul id=\"menu-header-menu\" class=\"menu genesis-nav-menu menu-primary\"><li id=\"menu-item-17\" class=\"menu-item menu-item-type-post_type menu-item-object-page menu-item-has-children menu-item-17\"><a href=\"https://www.cs.uci.edu/about-the-department/\" itemprop=\"url\"><span itemprop=\"name\">Explore</span></a>\n<ul class=\"sub-menu\">\n\t<li id=\"menu-item-58\" class=\"menu-item menu-item-type-post_type menu-item-object-page menu-item-58\"><a href=\"https://www.cs.uci.edu/contact/\" itemprop=\"url\"><span itemprop=\"name\">Contact Us</span></a></li>\n</ul>\n</li>\n<li id=\"menu-item-16\" class=\"menu-item menu-item-type-post_type menu-item-object-page menu-item-16\"><a href=\"https://www.cs.uci.edu/faculty/\" itemprop=\"url\"><span itemprop=\"name\">Faculty</span></a></li>\n<li id=\"menu-item-18\" class=\"menu-item menu-item-type-custom menu-item-object-custom menu-item-has-children menu-item-18\"><a href=\"#\" itemprop=\"url\"><span itemprop=\"name\">Research</span></a>\n<ul class=\"sub-menu\">\n\t<li id=\"menu-item-2407\" class=\"menu-item menu-item-type-post_type menu-item-object-page menu-item-2407\"><a href=\"https://www.cs.uci.edu/cs-research-areas/\" itemprop=\"url\"><span itemprop=\"name\">Research Areas</span></a></li>\n\t<li id=\"menu-item-50\" class=\"menu-item menu-item-type-post_type menu-item-object-page menu-item-50\"><a href=\"https://www.cs.uci.edu/research-centers/\" itemprop=\"url\"><span itemprop=\"name\">Research Centers</span></a></li>\n</ul>\n</li>\n<li id=\"menu-item-370\" class=\"menu-item menu-item-type-custom menu-item-object-custom menu-item-has-children menu-item-370\"><a href=\"#\" itemprop=\"url\"><span itemprop=\"name\">Graduate Degrees</span></a>\n<ul class=\"sub-menu\">\n\t<li id=\"menu-item-372\" class=\"menu-item menu-item-type-post_type menu-item-object-page menu-item-372\"><a href=\"https://www.cs.uci.edu/graduate-computer-science-programs/\" itemprop=\"url\"><span itemprop=\"name\">Computer Science Programs</span></a></li>\n\t<li id=\"menu-item-371\" class=\"menu-item menu-item-type-post_type menu-item-object-page menu-item-371\"><a href=\"https://www.cs.uci.edu/current-graduate-students/\" itemprop=\"url\"><span itemprop=\"name\">Current Graduate Students</span></a></li>\n</ul>\n</li>\n<li id=\"menu-item-1915\" class=\"menu-item menu-item-type-post_type menu-item-object-page menu-item-1915\"><a href=\"https://www.cs.uci.edu/undergraduate-programs/\" itemprop=\"url\"><span itemprop=\"name\">Undergraduate Degrees</span></a></li>\n<li id=\"menu-item-1382\" class=\"menu-item menu-item-type-custom menu-item-object-custom menu-item-has-children menu-item-1382\"><a href=\"#\" itemprop=\"url\"><span itemprop=\"name\">News  &#038; Events</span></a>\n<ul class=\"sub-menu\">\n\t<li id=\"menu-item-1688\" class=\"menu-item menu-item-type-custom menu-item-object-custom menu-item-1688\"><a href=\"/news\" itemprop=\"url\"><span itemprop=\"name\">News</span></a></li>\n\t<li id=\"menu-item-1423\" class=\"menu-item menu-item-type-custom menu-item-object-custom menu-item-1423\"><a href=\"/events/computer-science-seminar-series/\" itemprop=\"url\"><span itemprop=\"name\">Seminar Series</span></a></li>\n\t<li id=\"menu-item-1655\" class=\"menu-item menu-item-type-custom menu-item-object-custom menu-item-1655\"><a href=\"/events/distinguished-lecture-series/\" itemprop=\"url\"><span itemprop=\"name\">Distinguished Lecture Series</span></a></li>\n\t<li id=\"menu-item-1442\" class=\"menu-item menu-item-type-custom menu-item-object-custom menu-item-1442\"><a href=\"/event/2017-computer-science-research-showcase/\" itemprop=\"url\"><span itemprop=\"name\">Research Showcase</span></a></li>\n</ul>\n</li>\n<li id=\"menu-item-1873\" class=\"menu-item menu-item-type-custom menu-item-object-custom menu-item-has-children menu-item-1873\"><a href=\"#\" itemprop=\"url\"><span itemprop=\"name\"><span class=\"apply-now-btn\">Apply Now</span></span></a>\n<ul class=\"sub-menu\">\n\t<li id=\"menu-item-1875\" class=\"menu-item menu-item-type-custom menu-item-object-custom menu-item-1875\"><a target=\"_blank\" rel=\"noopener noreferrer\" href=\"https://www.admissions.uci.edu/apply/index.php\" itemprop=\"url\"><span itemprop=\"name\">Undergraduate Admissions</span></a></li>\n\t<li id=\"menu-item-1874\" class=\"menu-item menu-item-type-custom menu-item-object-custom menu-item-1874\"><a target=\"_blank\" rel=\"noopener noreferrer\" href=\"https://apply.grad.uci.edu/apply/\" itemprop=\"url\"><span itemprop=\"name\">Graduate Admissions</span></a></li>\n\t<li id=\"menu-item-1927\" class=\"menu-item menu-item-type-post_type menu-item-object-page menu-item-1927\"><a href=\"https://www.cs.uci.edu/job-opportunities/\" itemprop=\"url\"><span itemprop=\"name\">Faculty Candidates</span></a></li>\n</ul>\n</li>\n</ul></div></nav><div class=\"site-inner\"><div class=\"content-sidebar-wrap\"><main class=\"content\"><article class=\"post-1319 post type-post status-publish format-standard category-noteworthy-achievement entry\" itemscope itemtype=\"http://schema.org/CreativeWork\"><header class=\"entry-header\"><h1 class=\"entry-title\" itemprop=\"headline\"><a href=\"https://www.cs.uci.edu/dutt-appointed-as-distinguished-visiting-professor-of-cse-at-iit-bombay/\" rel=\"bookmark\">Dutt appointed as Distinguished Visiting Professor of CSE at IIT Bombay</a></h1> \n<p class=\"entry-meta\"><time class=\"entry-time\" itemprop=\"datePublished\" datetime=\"2018-04-06T20:31:28-07:00\">April 6, 2018</time> </p></header><div class=\"entry-content\" itemprop=\"text\"><p><img src=\"http://www.cs.uci.edu/wp-content/cs/uploads/Dutt_2-150x150.jpg\" alt=\"Professor Nikil Dutt\" width=\"150\" height=\"150\" class=\"alignright size-thumbnail wp-image-1106\" />Chancellor\u2019s Professor of Computer Science <strong>Nikil Dutt</strong> has been appointed as a Distinguished Visiting Professor of Computer Science and Engineering at the Indian Institute of Technology (<a href=\"http://www.iitb.ac.in/\" rel=\"noopener\" target=\"_blank\">IIT</a>) Bombay, India. IIT Bombay is a premier institution for research and education in computer science and engineering in India, with a long history of producing outstanding researchers and entrepreneurs. Besides research interactions with faculty and students at IIT Bombay, Dutt will also help guide their CSE department as they grow their research profiles in the areas of computer systems and computer architecture.</p>\n</div><footer class=\"entry-footer\"></footer></article><article class=\"post-1306 post type-post status-publish format-standard category-noteworthy-achievement entry\" itemscope itemtype=\"http://schema.org/CreativeWork\"><header class=\"entry-header\"><h1 class=\"entry-title\" itemprop=\"headline\"><a href=\"https://www.cs.uci.edu/uci-earns-top-ranking-for-cis-program-from-college-factual/\" rel=\"bookmark\">UCI Earns Top Ranking for CIS Program from College Factual</a></h1> \n<p class=\"entry-meta\"><time class=\"entry-time\" itemprop=\"datePublished\" datetime=\"2018-03-29T15:58:58-07:00\">March 29, 2018</time> </p></header><div class=\"entry-content\" itemprop=\"text\"><p><img class=\"alignright size-thumbnail wp-image-1307\" src=\"http://www.cs.uci.edu/wp-content/cs/uploads/top-ranked_cip-11.01-150x150.png\" alt=\"\" width=\"150\" height=\"150\" srcset=\"https://www.cs.uci.edu/wp-content/cs/uploads/top-ranked_cip-11.01-150x150.png 150w, https://www.cs.uci.edu/wp-content/cs/uploads/top-ranked_cip-11.01.png 200w\" sizes=\"(max-width: 150px) 100vw, 150px\" />In its 2018\u00a0listing\u00a0of the best\u00a0computer information systems (CIS)\u00a0degree programs,\u00a0College Factual\u00a0ranked\u00a0UCI&#8217;s CIS program 24 out of 347 nationwide, and\u00a02 out of 10 in\u00a0California. This makes UCI&#8217;s CIS one of the top programs in the U.S. to study computer information systems.\u00a0UCI\u00a0improved its national\u00a0ranking position two slots over the previous year&#8217;s ranking of 26. See the\u00a0<a href=\"https://www.collegefactual.com/majors/computer-information-sciences/computer-information-systems-cis/rankings/top-ranked/\" target=\"_blank\" rel=\"noopener\" >full ranking by CIS major</a>. The program has also been ranked the second best in California two years in a row.\u00a0See the\u00a0<a href=\"https://www.collegefactual.com/majors/computer-information-sciences/computer-information-systems-cis/rankings/top-ranked/far-western-us/california/\" target=\"_blank\" rel=\"noopener\" >full ranking of CIS programs in California</a>.</p>\n<p>College Factual\u00a0ranks programs offered by four-year U.S. colleges and universities.</p>\n</div><footer class=\"entry-footer\"></footer></article><article class=\"post-1302 post type-post status-publish format-standard category-article entry\" itemscope itemtype=\"http://schema.org/CreativeWork\"><header class=\"entry-header\"><h1 class=\"entry-title\" itemprop=\"headline\"><a href=\"https://www.cs.uci.edu/ucis-graduate-programs-shine-in-u-s-news-world-report-rankings/\" rel=\"bookmark\">UCI\u2019s graduate programs shine in U.S. News &#038; World Report rankings</a></h1> \n<p class=\"entry-meta\"><time class=\"entry-time\" itemprop=\"datePublished\" datetime=\"2018-03-22T16:05:45-07:00\">March 22, 2018</time> </p></header><div class=\"entry-content\" itemprop=\"text\"><p>7 fields of advanced study place in top 10 among public universities on annual list.</p>\n<p><em>Read the full story on the <a href=\"https://news.uci.edu/2018/03/20/ucis-graduate-programs-shine-in-u-s-news-world-report-rankings/\" rel=\"noopener\" target=\"_blank\">UCI News</a> site.</em></p>\n</div><footer class=\"entry-footer\"></footer></article><article class=\"post-1299 post type-post status-publish format-standard category-article entry\" itemscope itemtype=\"http://schema.org/CreativeWork\"><header class=\"entry-header\"><h1 class=\"entry-title\" itemprop=\"headline\"><a href=\"https://www.cs.uci.edu/uci-news-uci-tu-munich-and-tu-braunschweig-launch-joint-technology-development-project-nikil-dutt-quoted/\" rel=\"bookmark\">UCI News: &#8220;UCI, TU Munich and TU Braunschweig launch joint technology development project&#8221; (Nikil Dutt quoted)</a></h1> \n<p class=\"entry-meta\"><time class=\"entry-time\" itemprop=\"datePublished\" datetime=\"2018-03-13T15:58:28-07:00\">March 13, 2018</time> </p></header><div class=\"entry-content\" itemprop=\"text\"><p>Advanced medical electronics, autonomous vehicles, smart manufacturing \u2013 these and other technological innovations call for integrated circuits that can manage complex processes, self-monitor and adapt to rapidly changing requirements.</p>\n<p>Researchers from the University of California, Irvine and Germany\u2019s Technical University of Braunschweig and Technical University of Munich have launched a joint project to develop next-generation computer components to meet the new challenges of digitization. The goal is to build \u201cinformation processing factory\u201d chips that bundle numerous functions and capabilities on a single platform.</p>\n<p><em>Read the full story on the <a href=\"https://news.uci.edu/2018/03/12/uci-tu-munich-and-tu-braunschweig-launch-joint-technology-development-project/\" rel=\"noopener\" target=\"_blank\">UCI News</a> website.</em></p>\n</div><footer class=\"entry-footer\"></footer></article><article class=\"post-1295 post type-post status-publish format-standard category-feature entry\" itemscope itemtype=\"http://schema.org/CreativeWork\"><header class=\"entry-header\"><h1 class=\"entry-title\" itemprop=\"headline\"><a href=\"https://www.cs.uci.edu/women-in-information-and-computer-sciences-wics-organization-mentors-and-supports-future-tech-professionals/\" rel=\"bookmark\">Women in Information and Computer Sciences (WICS) Organization Mentors and Supports Future Tech Professionals</a></h1> \n<p class=\"entry-meta\"><time class=\"entry-time\" itemprop=\"datePublished\" datetime=\"2018-03-06T21:17:24-07:00\">March 6, 2018</time> </p></header><div class=\"entry-content\" itemprop=\"text\"><p><img class=\"alignleft\" style=\"width: 200px;\" src=\"//www.ics.uci.edu/bin/img/news/WICS-March2018-logo9-19-13.png\" alt=\"\" width=\"500\" height=\"500\" />Back in 1975, UCI alumnus <a id=\"m_8884425305709551234LPlnk621644\" href=\"https://www.linkedin.com/in/barbara-kew-17aa372/\" target=\"_blank\" rel=\"noopener\" data-saferedirecturl=\"https://www.google.com/url?hl=en&amp;q=https://www.linkedin.com/in/barbara-kew-17aa372/&amp;source=gmail&amp;ust=1520454755903000&amp;usg=AFQjCNEtiZV8FblZBGZiAsR222TEgUXQsA\">Barbara Kew</a> was one of two female computer science students in her class and, as she has <a id=\"m_8884425305709551234LPlnk288830\" href=\"https://www.ics.uci.edu/community/news/view_news?id=1296\" target=\"_blank\" rel=\"noopener\" data-saferedirecturl=\"https://www.google.com/url?hl=en&amp;q=https://www.ics.uci.edu/community/news/view_news?id%3D1296&amp;source=gmail&amp;ust=1520454755903000&amp;usg=AFQjCNG7kRgFlq-jc7vm9WdcKKFLdi7z-w\">noted</a>, female ICS role models were scarce. By 2017, Kew had been inducted into the ICS <a id=\"m_8884425305709551234LPlnk70337\" href=\"https://www.ics.uci.edu/community/alumni/hall_of_fame/inductees.aspx.php\" target=\"_blank\" rel=\"noopener\" data-saferedirecturl=\"https://www.google.com/url?hl=en&amp;q=https://www.ics.uci.edu/community/alumni/hall_of_fame/inductees.aspx.php&amp;source=gmail&amp;ust=1520454755903000&amp;usg=AFQjCNG0PU_H7Uze1vYWbLzcg82DQd6NYA\">Hall of Fame</a>, and the number of female ICS undergraduates had grown to <a id=\"m_8884425305709551234LPlnk146208\" href=\"http://www.oir.uci.edu/files/enr/IIA30-enr-by-sch-and-gender.pdf?R=211254\" target=\"_blank\" rel=\"noopener\" data-saferedirecturl=\"https://www.google.com/url?hl=en&amp;q=http://www.oir.uci.edu/files/enr/IIA30-enr-by-sch-and-gender.pdf?R%3D211254&amp;source=gmail&amp;ust=1520454755903000&amp;usg=AFQjCNHkg_F8Xt4s2jxJp03qpdO9UT6NqQ\">685</a>. Furthermore, there is now a plethora of available resources and mentors, thanks to UCI\u2019s Women in Information and Computer Sciences (<a href=\"https://wics.ics.uci.edu/\" target=\"_blank\" rel=\"noopener\" data-saferedirecturl=\"https://www.google.com/url?hl=en&amp;q=https://wics.ics.uci.edu/&amp;source=gmail&amp;ust=1520454755903000&amp;usg=AFQjCNEuxqPcvcj9ThNmjZqLa_a-D0jkjw\">WICS</a>) student organization.</p>\n<p> <a href=\"https://www.cs.uci.edu/women-in-information-and-computer-sciences-wics-organization-mentors-and-supports-future-tech-professionals/#more-1295\" class=\"more-link\">[Read more&#8230;]</a></p>\n</div><footer class=\"entry-footer\"></footer></article><article class=\"post-1282 post type-post status-publish format-standard category-uncategorized entry\" itemscope itemtype=\"http://schema.org/CreativeWork\"><header class=\"entry-header\"><h1 class=\"entry-title\" itemprop=\"headline\"><a href=\"https://www.cs.uci.edu/strava-map-exposes-weaknesses-in-understanding-complexities-of-pervasive-data/\" rel=\"bookmark\">Strava Map Exposes Weaknesses in Understanding Complexities of Pervasive Data</a></h1> \n<p class=\"entry-meta\"><time class=\"entry-time\" itemprop=\"datePublished\" datetime=\"2018-02-20T20:59:57-07:00\">February 20, 2018</time> </p></header><div class=\"entry-content\" itemprop=\"text\"><p><img class=\"alignright size-thumbnail\" src=\"http://www.ics.uci.edu//bin/img/news/strava-screenshot.jpg\" style='width: 150px; '/>It was recently\u00a0<a href=\"https://www.nytimes.com/2018/01/29/world/middleeast/strava-heat-map.html\" target=\"_blank\" rel=\"noopener\">reported</a>\u00a0that\u00a0<a href=\"https://www.strava.com/\" target=\"_blank\" rel=\"noopener\">Strava</a>\u00a0unknowingly revealed U.S. military bases when it produced a heat map showing the movement of people around the world who use its exercise-tracking app. In reviewing the map, a college student from Australia realized that he could locate military bases in counties such as Iraq and Syria, where the app was almost exclusively used by American soldiers.</p>\n<p>This prompted the U.S. military to\u00a0<a href=\"https://www.cnn.com/2018/01/28/politics/strava-military-bases-location/index.html\" target=\"_blank\" rel=\"noopener\">review</a>\u00a0its security practices, and it renewed talks of\u00a0<a href=\"http://money.cnn.com/2018/01/29/technology/strava-privacy-data-exposed/index.html\" target=\"_blank\" rel=\"noopener\">privacy concerns</a>, but according to Informatics Professor\u00a0<a href=\"https://www.matthewbietz.org/\" target=\"_blank\" rel=\"noopener\">Matthew Bietz</a>, \u201cprivacy is probably the wrong framework here.\u201d The issue is much more complex.</p>\n<p> <a href=\"https://www.cs.uci.edu/strava-map-exposes-weaknesses-in-understanding-complexities-of-pervasive-data/#more-1282\" class=\"more-link\">[Read more&#8230;]</a></p>\n</div><footer class=\"entry-footer\"></footer></article><article class=\"post-1263 post type-post status-publish format-standard category-article entry\" itemscope itemtype=\"http://schema.org/CreativeWork\"><header class=\"entry-header\"><h1 class=\"entry-title\" itemprop=\"headline\"><a href=\"https://www.cs.uci.edu/leonardo-da-vinci-walter-isaacson-goes-back-to-renaissance-for-his-latest-biography-of-a-genius-by-michael-goodrich/\" rel=\"bookmark\">&#8220;&#8216;Leonardo Da Vinci&#8217;: Walter Isaacson goes back to Renaissance for his latest biography of a genius&#8221; by Michael Goodrich</a></h1> \n<p class=\"entry-meta\"><time class=\"entry-time\" itemprop=\"datePublished\" datetime=\"2018-01-29T22:13:04-07:00\">January 29, 2018</time> </p></header><div class=\"entry-content\" itemprop=\"text\"><p>Following compelling biographies of such geniuses as Steve Jobs, Albert Einstein and Benjamin Franklin, Walter Isaacson paints the story of the most creative genius in history \u2014 Leonardo da Vinci. Rather than simply giving us a chronology of Leonardo\u2019s life, Mr. Isaacson invites us to learn life lessons from the Renaissance artist and scientist.</p>\n<p><em>Read the full story at the <a href=\"http://www.post-gazette.com/ae/books/2018/01/28/Book-review-Leonardo-da-Vinci-biography-Walter-Isaacson/stories/201801280006\" rel=\"noopener\" target=\"_blank\">Pittsburgh Post-Gazette</a>.</em></p>\n</div><footer class=\"entry-footer\"></footer></article><article class=\"post-1259 post type-post status-publish format-standard category-article entry\" itemscope itemtype=\"http://schema.org/CreativeWork\"><header class=\"entry-header\"><h1 class=\"entry-title\" itemprop=\"headline\"><a href=\"https://www.cs.uci.edu/symmetry-neural-networks-for-neutrinos-pierre-baldi-quoted/\" rel=\"bookmark\">Symmetry: &#8220;Neural networks for neutrinos&#8221; (Pierre Baldi quoted)</a></h1> \n<p class=\"entry-meta\"><time class=\"entry-time\" itemprop=\"datePublished\" datetime=\"2018-01-24T17:04:12-07:00\">January 24, 2018</time> </p></header><div class=\"entry-content\" itemprop=\"text\"><p>\u201cAll these big physics experiments are really very similar at the machine learning level,\u201d says <strong>Pierre Baldi</strong>, a computer scientist at the University of California, Irvine. \u201cIt&#8217;s all images associated with these complex, very expensive detectors, and deep learning is the best method for extracting signal against some background noise.\u201d </p>\n<p><em>Read the full story at <a href=\"https://www.symmetrymagazine.org/article/neural-networks-for-neutrinos\" rel=\"noopener\" target=\"_blank\">Symmetry Magazine</a>.</em></p>\n</div><footer class=\"entry-footer\"></footer></article><article class=\"post-1233 post type-post status-publish format-standard category-feature entry\" itemscope itemtype=\"http://schema.org/CreativeWork\"><header class=\"entry-header\"><h1 class=\"entry-title\" itemprop=\"headline\"><a href=\"https://www.cs.uci.edu/2018-ics-projects-and-predictions/\" rel=\"bookmark\">2018 ICS Projects and Predictions</a></h1> \n<p class=\"entry-meta\"><time class=\"entry-time\" itemprop=\"datePublished\" datetime=\"2018-01-16T21:51:03-07:00\">January 16, 2018</time> </p></header><div class=\"entry-content\" itemprop=\"text\"><p><i>Professors Kurt Squire, Ramesh Jain and Vladimir Minin provide a sneak peak of what technological innovations are ahead in 2018.</i></p>\n<p> <a href=\"https://www.cs.uci.edu/2018-ics-projects-and-predictions/#more-1233\" class=\"more-link\">[Read more&#8230;]</a></p>\n</div><footer class=\"entry-footer\"></footer></article><article class=\"post-1230 post type-post status-publish format-standard category-noteworthy-achievement entry\" itemscope itemtype=\"http://schema.org/CreativeWork\"><header class=\"entry-header\"><h1 class=\"entry-title\" itemprop=\"headline\"><a href=\"https://www.cs.uci.edu/levorato-collaborates-on-3-7-million-grant-for-electricity-distribution-cybersecurity/\" rel=\"bookmark\">Levorato Collaborates on $3.7 Million Grant for Electricity Distribution Cybersecurity</a></h1> \n<p class=\"entry-meta\"><time class=\"entry-time\" itemprop=\"datePublished\" datetime=\"2018-01-16T21:38:01-07:00\">January 16, 2018</time> </p></header><div class=\"entry-content\" itemprop=\"text\"><p><img src='//www.ics.uci.edu/bin/img/photos/faculty/levorato.jpg' style='float: right; margin: 0 0 1em 1em; '/>Assistant Professor of Computer Science\u00a0<strong><a href=\"http://www.ics.uci.edu/~mlevorat/\" target=\"_blank\" rel=\"noopener\" >Marco Levorato</a></strong>\u00a0is part of a multidisciplinary team that aims to investigate the impact of cyberattacks on electricity distribution infrastructure. The team, led by Hamed Mohsenian-Rad of UC Riverside, includes researchers from UCI, UCLA, UC Santa Barbara and the Lawrence Livermore National Laboratory (LLNL). Through their\u00a0<a href=\"http://ucop.edu/research-initiatives/programs/lab-fees/files/LFRP-AwardAbstracts.pdf\" target=\"_blank\" rel=\"noopener\" >grant</a>, \u201cUC-Lab Center for Electricity Distribution Cybersecurity,\u201d they will receive $3.75 million between now and February 2021. The grant was awarded as part of the\u00a0<a href=\"http://ucop.edu/research-initiatives/programs/lab-fees/index.html\" target=\"_blank\" rel=\"noopener\" >UC Laboratory Fees Research Program</a>, which aims to\u00a0enhance partnerships between UC researchers and laboratory scientists at LLNL and the Los Alamos National Laboratory.<br />\n <a href=\"https://www.cs.uci.edu/levorato-collaborates-on-3-7-million-grant-for-electricity-distribution-cybersecurity/#more-1230\" class=\"more-link\">[Read more&#8230;]</a></p>\n</div><footer class=\"entry-footer\"></footer></article><div class=\"archive-pagination pagination\"><ul><li class=\"pagination-previous\"><a href=\"https://www.cs.uci.edu/news/page/11/\" >&#x000AB; Previous Page</a></li>\n<li><a href=\"https://www.cs.uci.edu/news/\">1</a></li>\n<li class=\"pagination-omission\">&#x02026;</li>\n<li><a href=\"https://www.cs.uci.edu/news/page/10/\">10</a></li>\n<li><a href=\"https://www.cs.uci.edu/news/page/11/\">11</a></li>\n<li class=\"active\"  aria-label=\"Current page\"><a href=\"https://www.cs.uci.edu/news/page/12/\">12</a></li>\n<li><a href=\"https://www.cs.uci.edu/news/page/13/\">13</a></li>\n<li><a href=\"https://www.cs.uci.edu/news/page/14/\">14</a></li>\n<li class=\"pagination-omission\">&#x02026;</li>\n<li><a href=\"https://www.cs.uci.edu/news/page/22/\">22</a></li>\n<li class=\"pagination-next\"><a href=\"https://www.cs.uci.edu/news/page/13/\" >Next Page &#x000BB;</a></li>\n</ul></div>\n</main></div></div><footer class=\"site-footer\" itemscope itemtype=\"http://schema.org/WPFooter\"><div class=\"wrap\">\t\t\t<div class=\"group\">\n\n\t\t\t\t<div id=\"bren\">\n\t\t\t\t\t\t<a href=\"http://www.ics.uci.edu/\"><img src=\"//www.cs.uci.edu//wp-content/cs/uploads/DBren_InfoCompSc_logo-UPDATED.png\"></a>\n\t\t\t\t</div>\n\n\t\t\t\t<div class=\"footer-info\">\n\t\t\t\t\t<UL>\n\t\t\t\t\t   <LI>&copy; 2019 UC Regents</LI>\n\t\t\t\t\t   <LI><A HREF=\"mailto:communications@ics.uci.edu\">Feedback</A></LI>\n\t\t\t\t\t   <LI><A HREF=\"http://uci.edu/privacy/\">Privacy Policy</A></LI>\n\t\t\t\t\t</UL>\n\t\t\t\t</div><!-- .footer-info -->\n\n\t\t\t</div>\n\t</div></footer></div><script type='text/javascript'>\nvar colomatduration = 'fast';\nvar colomatslideEffect = 'slideFade';\n</script>\t\t<script>\n\t\t( function ( body ) {\n\t\t\t'use strict';\n\t\t\tbody.className = body.className.replace( /\\btribe-no-js\\b/, 'tribe-js' );\n\t\t} )( document.body );\n\t\t</script>\n\t\t<script>\n  (function(i,s,o,g,r,a,m){i['GoogleAnalyticsObject']=r;i[r]=i[r]||function(){\n  (i[r].q=i[r].q||[]).push(arguments)},i[r].l=1*new Date();a=s.createElement(o),\n  m=s.getElementsByTagName(o)[0];a.async=1;a.src=g;m.parentNode.insertBefore(a,m)\n  })(window,document,'script','https://www.google-analytics.com/analytics.js','ga');\n\n  ga('create', 'UA-605898-2', 'auto');\n  ga('send', 'pageview');\n\n</script>\n<script type='text/javascript'>jQuery(document).ready(function($) {$(\".flexslider\").flexslider({controlsContainer: \"#genesis-responsive-slider\",animation: \"fade\",directionNav: 0,controlNav: 1,animationDuration: 1000,slideshowSpeed: 10000    });  });</script><script> /* <![CDATA[ */var tribe_l10n_datatables = {\"aria\":{\"sort_ascending\":\": activate to sort column ascending\",\"sort_descending\":\": activate to sort column descending\"},\"length_menu\":\"Show _MENU_ entries\",\"empty_table\":\"No data available in table\",\"info\":\"Showing _START_ to _END_ of _TOTAL_ entries\",\"info_empty\":\"Showing 0 to 0 of 0 entries\",\"info_filtered\":\"(filtered from _MAX_ total entries)\",\"zero_records\":\"No matching records found\",\"search\":\"Search:\",\"all_selected_text\":\"All items on this page were selected. \",\"select_all_link\":\"Select all pages\",\"clear_selection\":\"Clear Selection.\",\"pagination\":{\"all\":\"All\",\"next\":\"Next\",\"previous\":\"Previous\"},\"select\":{\"rows\":{\"0\":\"\",\"_\":\": Selected %d rows\",\"1\":\": Selected 1 row\"}},\"datepicker\":{\"dayNames\":[\"Sunday\",\"Monday\",\"Tuesday\",\"Wednesday\",\"Thursday\",\"Friday\",\"Saturday\"],\"dayNamesShort\":[\"Sun\",\"Mon\",\"Tue\",\"Wed\",\"Thu\",\"Fri\",\"Sat\"],\"dayNamesMin\":[\"S\",\"M\",\"T\",\"W\",\"T\",\"F\",\"S\"],\"monthNames\":[\"January\",\"February\",\"March\",\"April\",\"May\",\"June\",\"July\",\"August\",\"September\",\"October\",\"November\",\"December\"],\"monthNamesShort\":[\"January\",\"February\",\"March\",\"April\",\"May\",\"June\",\"July\",\"August\",\"September\",\"October\",\"November\",\"December\"],\"nextText\":\"Next\",\"prevText\":\"Prev\",\"currentText\":\"Today\",\"closeText\":\"Done\"}};/* ]]> */ </script><script type='text/javascript' src='https://www.cs.uci.edu/wp-content/cs/plugins/jquery-collapse-o-matic/js/collapse.js?ver=1.6.5'></script>\n<script type='text/javascript' src='https://www.cs.uci.edu/wp-content/cs/plugins/genesis-responsive-slider/js/jquery.flexslider.js?ver=0.9.5'></script>\n<script type='text/javascript' src='https://www.cs.uci.edu/wp-includes/js/wp-embed.min.js?ver=5.2.3'></script>\n</body></html>\r\n", "encoding": "utf-8"}