{"url": "https://www.cs.uci.edu/women-in-information-and-computer-sciences-wics-organization-mentors-and-supports-future-tech-professionals/", "content": "<!DOCTYPE html>\n<html lang=\"en-US\">\n<head >\n<meta charset=\"UTF-8\" />\n<title>Women in Information and Computer Sciences (WICS) Organization Mentors and Supports Future Tech Professionals</title>\t\t<meta name=\"robots\" content=\"noodp,noydir\" />\n\t\t<meta name=\"viewport\" content=\"width=device-width, initial-scale=1\" />\n\n\t\t<style type=\"text/css\">\n\t\t\t.slide-excerpt { width: 50%; }\n\t\t\t.slide-excerpt { bottom: 0; }\n\t\t\t.slide-excerpt { left: 0; }\n\t\t\t.flexslider { max-width: 1180px; max-height: 340px; }\n\t\t\t.slide-image { max-height: 340px; }\n\t\t</style>\n\t\t<style type=\"text/css\">\n\t\t\t@media only screen\n\t\t\tand (min-device-width : 320px)\n\t\t\tand (max-device-width : 480px) {\n\t\t\t\t.slide-excerpt { display: none !important; }\n\t\t\t}\n\t\t</style> <link rel='dns-prefetch' href='//fonts.googleapis.com' />\n<link rel='dns-prefetch' href='//s.w.org' />\n<link rel=\"alternate\" type=\"application/rss+xml\" title=\"Department of Computer Science - Donald Bren School of Information &amp; Computer Sciences &raquo; Feed\" href=\"https://www.cs.uci.edu/feed/\" />\n<link rel=\"alternate\" type=\"application/rss+xml\" title=\"Department of Computer Science - Donald Bren School of Information &amp; Computer Sciences &raquo; Comments Feed\" href=\"https://www.cs.uci.edu/comments/feed/\" />\n<link rel=\"alternate\" type=\"text/calendar\" title=\"Department of Computer Science - Donald Bren School of Information &amp; Computer Sciences &raquo; iCal Feed\" href=\"https://www.cs.uci.edu/events/?ical=1\" />\n<link rel=\"canonical\" href=\"https://www.cs.uci.edu/women-in-information-and-computer-sciences-wics-organization-mentors-and-supports-future-tech-professionals/\" />\n\t\t<script type=\"text/javascript\">\n\t\t\twindow._wpemojiSettings = {\"baseUrl\":\"https:\\/\\/s.w.org\\/images\\/core\\/emoji\\/12.0.0-1\\/72x72\\/\",\"ext\":\".png\",\"svgUrl\":\"https:\\/\\/s.w.org\\/images\\/core\\/emoji\\/12.0.0-1\\/svg\\/\",\"svgExt\":\".svg\",\"source\":{\"concatemoji\":\"https:\\/\\/www.cs.uci.edu\\/wp-includes\\/js\\/wp-emoji-release.min.js?ver=5.2.3\"}};\n\t\t\t!function(a,b,c){function d(a,b){var c=String.fromCharCode;l.clearRect(0,0,k.width,k.height),l.fillText(c.apply(this,a),0,0);var d=k.toDataURL();l.clearRect(0,0,k.width,k.height),l.fillText(c.apply(this,b),0,0);var e=k.toDataURL();return d===e}function e(a){var b;if(!l||!l.fillText)return!1;switch(l.textBaseline=\"top\",l.font=\"600 32px Arial\",a){case\"flag\":return!(b=d([55356,56826,55356,56819],[55356,56826,8203,55356,56819]))&&(b=d([55356,57332,56128,56423,56128,56418,56128,56421,56128,56430,56128,56423,56128,56447],[55356,57332,8203,56128,56423,8203,56128,56418,8203,56128,56421,8203,56128,56430,8203,56128,56423,8203,56128,56447]),!b);case\"emoji\":return b=d([55357,56424,55356,57342,8205,55358,56605,8205,55357,56424,55356,57340],[55357,56424,55356,57342,8203,55358,56605,8203,55357,56424,55356,57340]),!b}return!1}function f(a){var c=b.createElement(\"script\");c.src=a,c.defer=c.type=\"text/javascript\",b.getElementsByTagName(\"head\")[0].appendChild(c)}var g,h,i,j,k=b.createElement(\"canvas\"),l=k.getContext&&k.getContext(\"2d\");for(j=Array(\"flag\",\"emoji\"),c.supports={everything:!0,everythingExceptFlag:!0},i=0;i<j.length;i++)c.supports[j[i]]=e(j[i]),c.supports.everything=c.supports.everything&&c.supports[j[i]],\"flag\"!==j[i]&&(c.supports.everythingExceptFlag=c.supports.everythingExceptFlag&&c.supports[j[i]]);c.supports.everythingExceptFlag=c.supports.everythingExceptFlag&&!c.supports.flag,c.DOMReady=!1,c.readyCallback=function(){c.DOMReady=!0},c.supports.everything||(h=function(){c.readyCallback()},b.addEventListener?(b.addEventListener(\"DOMContentLoaded\",h,!1),a.addEventListener(\"load\",h,!1)):(a.attachEvent(\"onload\",h),b.attachEvent(\"onreadystatechange\",function(){\"complete\"===b.readyState&&c.readyCallback()})),g=c.source||{},g.concatemoji?f(g.concatemoji):g.wpemoji&&g.twemoji&&(f(g.twemoji),f(g.wpemoji)))}(window,document,window._wpemojiSettings);\n\t\t</script>\n\t\t<style type=\"text/css\">\nimg.wp-smiley,\nimg.emoji {\n\tdisplay: inline !important;\n\tborder: none !important;\n\tbox-shadow: none !important;\n\theight: 1em !important;\n\twidth: 1em !important;\n\tmargin: 0 .07em !important;\n\tvertical-align: -0.1em !important;\n\tbackground: none !important;\n\tpadding: 0 !important;\n}\n</style>\n\t<link rel='stylesheet' id='genesis-sample-theme-css'  href='https://www.cs.uci.edu/wp-content/cs/themes/genesis-cs-retry/style.css?ver=2.1.2' type='text/css' media='all' />\n<link rel='stylesheet' id='wp-block-library-css'  href='https://www.cs.uci.edu/wp-includes/css/dist/block-library/style.min.css?ver=5.2.3' type='text/css' media='all' />\n<link rel='stylesheet' id='feedzy-rss-feeds-css'  href='https://www.cs.uci.edu/wp-content/cs/plugins/feedzy-rss-feeds/css/feedzy-rss-feeds.css?ver=3.3.2' type='text/css' media='all' />\n<link rel='stylesheet' id='collapseomatic-css-css'  href='https://www.cs.uci.edu/wp-content/cs/plugins/jquery-collapse-o-matic/light_style.css?ver=1.6' type='text/css' media='all' />\n<link rel='stylesheet' id='google-fonts-css'  href='//fonts.googleapis.com/css?family=Lato%3A300%2C400%2C700&#038;ver=2.1.2' type='text/css' media='all' />\n<link rel='stylesheet' id='slider_styles-css'  href='https://www.cs.uci.edu/wp-content/cs/plugins/genesis-responsive-slider/style.css?ver=0.9.5' type='text/css' media='all' />\n<script type='text/javascript' src='https://www.cs.uci.edu/wp-includes/js/jquery/jquery.js?ver=1.12.4-wp'></script>\n<script type='text/javascript' src='https://www.cs.uci.edu/wp-includes/js/jquery/jquery-migrate.min.js?ver=1.4.1'></script>\n<!--[if lt IE 9]>\n<script type='text/javascript' src='https://www.cs.uci.edu/wp-content/cs/themes/genesis/lib/js/html5shiv.min.js?ver=3.7.3'></script>\n<![endif]-->\n<script type='text/javascript' src='https://www.cs.uci.edu/wp-content/cs/themes/genesis-cs-retry/js/jquery.collapse.js?ver=5.2.3'></script>\n<link rel='https://api.w.org/' href='https://www.cs.uci.edu/wp-json/' />\n<link rel=\"EditURI\" type=\"application/rsd+xml\" title=\"RSD\" href=\"https://www.cs.uci.edu/xmlrpc.php?rsd\" />\n<link rel=\"alternate\" type=\"application/json+oembed\" href=\"https://www.cs.uci.edu/wp-json/oembed/1.0/embed?url=https%3A%2F%2Fwww.cs.uci.edu%2Fwomen-in-information-and-computer-sciences-wics-organization-mentors-and-supports-future-tech-professionals%2F\" />\n<link rel=\"alternate\" type=\"text/xml+oembed\" href=\"https://www.cs.uci.edu/wp-json/oembed/1.0/embed?url=https%3A%2F%2Fwww.cs.uci.edu%2Fwomen-in-information-and-computer-sciences-wics-organization-mentors-and-supports-future-tech-professionals%2F&#038;format=xml\" />\n<meta name=\"tec-api-version\" content=\"v1\"><meta name=\"tec-api-origin\" content=\"https://www.cs.uci.edu\"><link rel=\"https://theeventscalendar.com/\" href=\"https://www.cs.uci.edu/wp-json/tribe/events/v1/\" /><link rel=\"icon\" href=\"https://www.cs.uci.edu/wp-content/cs/themes/genesis-cs-retry/images/favicon.ico\" />\n<link rel=\"pingback\" href=\"https://www.cs.uci.edu/xmlrpc.php\" />\n\t\t<style type=\"text/css\" id=\"wp-custom-css\">\n\t\t\t.job-ops .name{\n\twidth:53% !important;\n\tfont-size:.95em !important;\n\tline-height:1.5em !important;\n}\n.job-ops .job-number{\n\twidth:23% !important;\n\tfont-size:.75em !important;\n}\n.job-ops .submission-dates{\n\twidth:53% !important;\n\tfont-size:.95em !important;\n\tline-height:1.5em !important;\n}\n\n.people_table img{\n\twidth:150px;\n}\n\n.apply-now-btn{\n\tborder:1px solid #ffffff;\n\tborder-radius:3px;\n\tpadding:7px 15px 7px 15px;\n}\n.undergrad-tbl td{padding:10px;}\n.staffcsl-tbl td{padding:10px;}\n\n\n.rss_header { display: none;}\t\t</style>\n\t\t</head>\n<body class=\"post-template-default single single-post postid-1295 single-format-standard tribe-no-js header-image content-sidebar elementor-default\" itemscope itemtype=\"http://schema.org/WebPage\"><div class=\"site-container\"><header class=\"site-header\" itemscope itemtype=\"http://schema.org/WPHeader\"><div class=\"wrap\"><div class=\"title-area\"><h1 class=\"site-title\">\n\n      <div id='dept_header'>\n\n         <a id='dept_link' href='http://www.cs.uci.edu/' TITLE='Department of Computer Science in the Donald Bren School of Information and Computer Sciences @ UC Irvine'></a>\n\n         <a id='uci_link' href='http://www.uci.edu/' TITLE='University of California, Irvine'></a>\n\n         <a id='school_link' href='http://www.ics.uci.edu/' TITLE='Donald Bren School of Information and Computer Sciences'></a>\n\n      </div>\n\n   </h1></div><div class=\"widget-area header-widget-area\"><section id=\"search-4\" class=\"widget widget_search\"><div class=\"widget-wrap\"><form class=\"search-form\" itemprop=\"potentialAction\" itemscope itemtype=\"http://schema.org/SearchAction\" method=\"get\" action=\"https://www.cs.uci.edu/\" role=\"search\"><meta itemprop=\"target\" content=\"https://www.cs.uci.edu/?s={s}\"/><input itemprop=\"query-input\" type=\"search\" name=\"s\" placeholder=\"Search this site...\" /><input type=\"submit\" value=\"Search\"  /></form></div></section>\n</div></div></header><nav class=\"nav-primary\" itemscope itemtype=\"http://schema.org/SiteNavigationElement\"><div class=\"wrap\"><ul id=\"menu-header-menu\" class=\"menu genesis-nav-menu menu-primary\"><li id=\"menu-item-17\" class=\"menu-item menu-item-type-post_type menu-item-object-page menu-item-has-children menu-item-17\"><a href=\"https://www.cs.uci.edu/about-the-department/\" itemprop=\"url\"><span itemprop=\"name\">Explore</span></a>\n<ul class=\"sub-menu\">\n\t<li id=\"menu-item-58\" class=\"menu-item menu-item-type-post_type menu-item-object-page menu-item-58\"><a href=\"https://www.cs.uci.edu/contact/\" itemprop=\"url\"><span itemprop=\"name\">Contact Us</span></a></li>\n</ul>\n</li>\n<li id=\"menu-item-16\" class=\"menu-item menu-item-type-post_type menu-item-object-page menu-item-16\"><a href=\"https://www.cs.uci.edu/faculty/\" itemprop=\"url\"><span itemprop=\"name\">Faculty</span></a></li>\n<li id=\"menu-item-18\" class=\"menu-item menu-item-type-custom menu-item-object-custom menu-item-has-children menu-item-18\"><a href=\"#\" itemprop=\"url\"><span itemprop=\"name\">Research</span></a>\n<ul class=\"sub-menu\">\n\t<li id=\"menu-item-2407\" class=\"menu-item menu-item-type-post_type menu-item-object-page menu-item-2407\"><a href=\"https://www.cs.uci.edu/cs-research-areas/\" itemprop=\"url\"><span itemprop=\"name\">Research Areas</span></a></li>\n\t<li id=\"menu-item-50\" class=\"menu-item menu-item-type-post_type menu-item-object-page menu-item-50\"><a href=\"https://www.cs.uci.edu/research-centers/\" itemprop=\"url\"><span itemprop=\"name\">Research Centers</span></a></li>\n</ul>\n</li>\n<li id=\"menu-item-370\" class=\"menu-item menu-item-type-custom menu-item-object-custom menu-item-has-children menu-item-370\"><a href=\"#\" itemprop=\"url\"><span itemprop=\"name\">Graduate Degrees</span></a>\n<ul class=\"sub-menu\">\n\t<li id=\"menu-item-372\" class=\"menu-item menu-item-type-post_type menu-item-object-page menu-item-372\"><a href=\"https://www.cs.uci.edu/graduate-computer-science-programs/\" itemprop=\"url\"><span itemprop=\"name\">Computer Science Programs</span></a></li>\n\t<li id=\"menu-item-371\" class=\"menu-item menu-item-type-post_type menu-item-object-page menu-item-371\"><a href=\"https://www.cs.uci.edu/current-graduate-students/\" itemprop=\"url\"><span itemprop=\"name\">Current Graduate Students</span></a></li>\n</ul>\n</li>\n<li id=\"menu-item-1915\" class=\"menu-item menu-item-type-post_type menu-item-object-page menu-item-1915\"><a href=\"https://www.cs.uci.edu/undergraduate-programs/\" itemprop=\"url\"><span itemprop=\"name\">Undergraduate Degrees</span></a></li>\n<li id=\"menu-item-1382\" class=\"menu-item menu-item-type-custom menu-item-object-custom menu-item-has-children menu-item-1382\"><a href=\"#\" itemprop=\"url\"><span itemprop=\"name\">News  &#038; Events</span></a>\n<ul class=\"sub-menu\">\n\t<li id=\"menu-item-1688\" class=\"menu-item menu-item-type-custom menu-item-object-custom menu-item-1688\"><a href=\"/news\" itemprop=\"url\"><span itemprop=\"name\">News</span></a></li>\n\t<li id=\"menu-item-1423\" class=\"menu-item menu-item-type-custom menu-item-object-custom menu-item-1423\"><a href=\"/events/computer-science-seminar-series/\" itemprop=\"url\"><span itemprop=\"name\">Seminar Series</span></a></li>\n\t<li id=\"menu-item-1655\" class=\"menu-item menu-item-type-custom menu-item-object-custom menu-item-1655\"><a href=\"/events/distinguished-lecture-series/\" itemprop=\"url\"><span itemprop=\"name\">Distinguished Lecture Series</span></a></li>\n\t<li id=\"menu-item-1442\" class=\"menu-item menu-item-type-custom menu-item-object-custom menu-item-1442\"><a href=\"/event/2017-computer-science-research-showcase/\" itemprop=\"url\"><span itemprop=\"name\">Research Showcase</span></a></li>\n</ul>\n</li>\n<li id=\"menu-item-1873\" class=\"menu-item menu-item-type-custom menu-item-object-custom menu-item-has-children menu-item-1873\"><a href=\"#\" itemprop=\"url\"><span itemprop=\"name\"><span class=\"apply-now-btn\">Apply Now</span></span></a>\n<ul class=\"sub-menu\">\n\t<li id=\"menu-item-1875\" class=\"menu-item menu-item-type-custom menu-item-object-custom menu-item-1875\"><a target=\"_blank\" rel=\"noopener noreferrer\" href=\"https://www.admissions.uci.edu/apply/index.php\" itemprop=\"url\"><span itemprop=\"name\">Undergraduate Admissions</span></a></li>\n\t<li id=\"menu-item-1874\" class=\"menu-item menu-item-type-custom menu-item-object-custom menu-item-1874\"><a target=\"_blank\" rel=\"noopener noreferrer\" href=\"https://apply.grad.uci.edu/apply/\" itemprop=\"url\"><span itemprop=\"name\">Graduate Admissions</span></a></li>\n\t<li id=\"menu-item-1927\" class=\"menu-item menu-item-type-post_type menu-item-object-page menu-item-1927\"><a href=\"https://www.cs.uci.edu/job-opportunities/\" itemprop=\"url\"><span itemprop=\"name\">Faculty Candidates</span></a></li>\n</ul>\n</li>\n</ul></div></nav><div class=\"site-inner\"><div class=\"content-sidebar-wrap\"><main class=\"content\"><article class=\"post-1295 post type-post status-publish format-standard category-feature entry\" itemscope itemtype=\"http://schema.org/CreativeWork\"><header class=\"entry-header\"><h1 class=\"entry-title\" itemprop=\"headline\">Women in Information and Computer Sciences (WICS) Organization Mentors and Supports Future Tech Professionals</h1> \n<p class=\"entry-meta\"><time class=\"entry-time\" itemprop=\"datePublished\" datetime=\"2018-03-06T21:17:24-07:00\">March 6, 2018</time> </p></header><div class=\"entry-content\" itemprop=\"text\"><p><img class=\"alignleft\" style=\"width: 200px;\" src=\"//www.ics.uci.edu/bin/img/news/WICS-March2018-logo9-19-13.png\" alt=\"\" width=\"500\" height=\"500\" />Back in 1975, UCI alumnus <a id=\"m_8884425305709551234LPlnk621644\" href=\"https://www.linkedin.com/in/barbara-kew-17aa372/\" target=\"_blank\" rel=\"noopener\" data-saferedirecturl=\"https://www.google.com/url?hl=en&amp;q=https://www.linkedin.com/in/barbara-kew-17aa372/&amp;source=gmail&amp;ust=1520454755903000&amp;usg=AFQjCNEtiZV8FblZBGZiAsR222TEgUXQsA\">Barbara Kew</a> was one of two female computer science students in her class and, as she has <a id=\"m_8884425305709551234LPlnk288830\" href=\"https://www.ics.uci.edu/community/news/view_news?id=1296\" target=\"_blank\" rel=\"noopener\" data-saferedirecturl=\"https://www.google.com/url?hl=en&amp;q=https://www.ics.uci.edu/community/news/view_news?id%3D1296&amp;source=gmail&amp;ust=1520454755903000&amp;usg=AFQjCNG7kRgFlq-jc7vm9WdcKKFLdi7z-w\">noted</a>, female ICS role models were scarce. By 2017, Kew had been inducted into the ICS <a id=\"m_8884425305709551234LPlnk70337\" href=\"https://www.ics.uci.edu/community/alumni/hall_of_fame/inductees.aspx.php\" target=\"_blank\" rel=\"noopener\" data-saferedirecturl=\"https://www.google.com/url?hl=en&amp;q=https://www.ics.uci.edu/community/alumni/hall_of_fame/inductees.aspx.php&amp;source=gmail&amp;ust=1520454755903000&amp;usg=AFQjCNG0PU_H7Uze1vYWbLzcg82DQd6NYA\">Hall of Fame</a>, and the number of female ICS undergraduates had grown to <a id=\"m_8884425305709551234LPlnk146208\" href=\"http://www.oir.uci.edu/files/enr/IIA30-enr-by-sch-and-gender.pdf?R=211254\" target=\"_blank\" rel=\"noopener\" data-saferedirecturl=\"https://www.google.com/url?hl=en&amp;q=http://www.oir.uci.edu/files/enr/IIA30-enr-by-sch-and-gender.pdf?R%3D211254&amp;source=gmail&amp;ust=1520454755903000&amp;usg=AFQjCNHkg_F8Xt4s2jxJp03qpdO9UT6NqQ\">685</a>. Furthermore, there is now a plethora of available resources and mentors, thanks to UCI\u2019s Women in Information and Computer Sciences (<a href=\"https://wics.ics.uci.edu/\" target=\"_blank\" rel=\"noopener\" data-saferedirecturl=\"https://www.google.com/url?hl=en&amp;q=https://wics.ics.uci.edu/&amp;source=gmail&amp;ust=1520454755903000&amp;usg=AFQjCNEuxqPcvcj9ThNmjZqLa_a-D0jkjw\">WICS</a>) student organization.</p>\n<p><span id=\"more-1295\"></span></p>\n<div style=\"width: 632px\" class=\"wp-caption alignright\"><img style=\"width: 100px;\" src=\"http://www.ics.uci.edu/bin/img/news/WICS-March2018-KatieYeh.jpg\"  /><p class=\"wp-caption-text\">Katie Yeh</p></div>\n<p>WICS was started at UCI in 2006 to encourage women to pursue degrees and careers in computer science, and although the focus is on supporting women in computing, it\u2019s not an exclusive group. As co-president <a href=\"https://www.linkedin.com/in/yehkatie/\" target=\"_blank\" rel=\"noopener\" data-saferedirecturl=\"https://www.google.com/url?hl=en&amp;q=https://www.linkedin.com/in/yehkatie/&amp;source=gmail&amp;ust=1520454755903000&amp;usg=AFQjCNHFWuf9qfJyZto_xAFvtWzehQ_HNg\">Katie Yeh</a> explains, \u201cOur club is not just for women.\u201d The fourth-year computer science major, who finished her coursework a quarter early and will soon start work as a software engineer at <a href=\"https://www.intuit.com/\" target=\"_blank\" rel=\"noopener\" data-saferedirecturl=\"https://www.google.com/url?hl=en&amp;q=https://www.intuit.com/&amp;source=gmail&amp;ust=1520454755903000&amp;usg=AFQjCNGR7LfP5aA_pP_uYJ9ZyV_MC4ITcQ\">Intuit</a>, adds that WICS is \u201cvery inclusive; everyone is welcome, including members of the LGBTQ community and men.\u201d<b></b></p>\n<div style=\"width: 784px\" class=\"wp-caption alignleft\"><img style=\"width: 100px;\" src=\"http://www.ics.uci.edu/bin/img/news/WICS-March2018-EriccaGo.jpg\"  /><p class=\"wp-caption-text\">Ericca Go</p></div>\n<p>Co-president <a href=\"https://www.linkedin.com/in/ericcago/\" target=\"_blank\" rel=\"noopener\" data-saferedirecturl=\"https://www.google.com/url?hl=en&amp;q=https://www.linkedin.com/in/ericcago/&amp;source=gmail&amp;ust=1520454755904000&amp;usg=AFQjCNGEEgPOdACFxv3AxBJijQQDP-uKxw\">Ericca Go</a>, also a computer science major graduating this spring, agrees, saying that WICS events are a \u201cweekly resource for all students, helping them get to know their peers and prepare for their careers.\u201d Similarly, all students can act as a source of encouragement for women, given that <a href=\"https://womenintheworkplace.com/\" target=\"_blank\" rel=\"noopener\" data-saferedirecturl=\"https://www.google.com/url?hl=en&amp;q=https://womenintheworkplace.com/&amp;source=gmail&amp;ust=1520454755904000&amp;usg=AFQjCNEasUQP9xW0eIyZeXnxjQi1F3HEhA\">gender equality</a> in the workplace still has a long way to go. In particular, Yeh explains, \u201cthe way women are perceived in tech remains a <a href=\"https://insights.dice.com/2017/10/30/gender-discrimination-in-tech-a-major-problem-pew/\" target=\"_blank\" rel=\"noopener\" data-saferedirecturl=\"https://www.google.com/url?hl=en&amp;q=https://insights.dice.com/2017/10/30/gender-discrimination-in-tech-a-major-problem-pew/&amp;source=gmail&amp;ust=1520454755904000&amp;usg=AFQjCNHOqgrRdc4Gshwgm-jKm_MYYD1oDA\">problem</a>.\u201d</p>\n<p><b>WICS Involvement</b></p>\n<p>Both students have been involved with the organization since starting at UCI four years ago.</p>\n<p>Yeh\u2019s older sister was a Women in Computing (<a href=\"http://wic.ucsd.edu/\" target=\"_blank\" rel=\"noopener\" data-saferedirecturl=\"https://www.google.com/url?hl=en&amp;q=http://wic.ucsd.edu/&amp;source=gmail&amp;ust=1520454755904000&amp;usg=AFQjCNG_cOlvPpJ8Z2bOJCnUTnkuxMQ5fA\">WIC</a>) member at UCSD, and she encouraged Yeh to find a similar group at UCI. \u201cI was scouting them out at my first <a href=\"https://campusorgs.uci.edu/program_events/anteater_involvement.php\" target=\"_blank\" rel=\"noopener\" data-saferedirecturl=\"https://www.google.com/url?hl=en&amp;q=https://campusorgs.uci.edu/program_events/anteater_involvement.php&amp;source=gmail&amp;ust=1520454755904000&amp;usg=AFQjCNGEhbcfrTwR0eAMhm-VjrXUBKE7bw\">Anteater Involvement Fair</a>,\u201d says Yeh.</p>\n<p>Go also joined almost immediately, because she was aware of the gender gap and wanted to find a social and career-focused community in which she felt comfortable. \u201cI\u2019m more confident because of WICS. I believe that it has opened many doors for me, and I can\u2019t imagine where I\u2019d be without it,\u201d she says.</p>\n<p>The organization offers technical and professional workshops, including a resume-building workshop that both Yeh and Go attended to get feedback and to learn what companies look for in a candidate. WICS also offers mock technical interviews, company tours and numerous networking opportunities, in addition to tutoring and mentorship programs and a variety of social gatherings \u2014 such as last year\u2019s retreat in Lake Arrowhead, attended by close to 50 people.</p>\n<p>\u201cSocial events have helped us build a community, and they allow our members to form friendships,\u201d says Go. WICS also holds <a href=\"https://leanin.org/\" target=\"_blank\" rel=\"noopener\" data-saferedirecturl=\"https://www.google.com/url?hl=en&amp;q=https://leanin.org/&amp;source=gmail&amp;ust=1520454755904000&amp;usg=AFQjCNEaeG_Udq2-nyOpYSGndjctkIDM2g\">Lean In</a> sessions, which Go says helps members move beyond surface-level questions and open up to each other. Member involvement is \u201cvery easy,\u201d says Yeh. \u201c<a href=\"http://wics.ics.uci.edu/join-us/\" target=\"_blank\" rel=\"noopener\" data-saferedirecturl=\"https://www.google.com/url?hl=en&amp;q=http://wics.ics.uci.edu/join-us/&amp;source=gmail&amp;ust=1520454755904000&amp;usg=AFQjCNHe7nc1HNTVQdRamDvvYQ2NIW1saw\">Membership</a> is keeping up with our newsletter and <a href=\"https://www.facebook.com/groups/women.in.ics/\" target=\"_blank\" rel=\"noopener\" data-saferedirecturl=\"https://www.google.com/url?hl=en&amp;q=https://www.facebook.com/groups/women.in.ics/&amp;source=gmail&amp;ust=1520454755904000&amp;usg=AFQjCNEB-n-onLl5H2T0uheUXH5IJPxkRg\">Facebook</a> events. You can be a member even if you can\u2019t attend the weekly meetings.\u201d</p>\n<p>In addition to all of these activities, WICS focuses on community outreach programs and conference sponsorships.</p>\n<p><b>Empowering the Next Generation</b></p>\n<p>WICS hosts month-long classes each quarter at local schools. Through Google\u2019s <a href=\"https://ignitecs.withgoogle.com/\" target=\"_blank\" rel=\"noopener\" data-saferedirecturl=\"https://www.google.com/url?hl=en&amp;q=https://ignitecs.withgoogle.com/&amp;source=gmail&amp;ust=1520454755904000&amp;usg=AFQjCNHFvbyWdJ3H5dGMGLO2DBzfmrw9Yw\">IgniteCS</a> program, WICS has developed an after-school program for high schools, where mentors visit for two hours, twice a week, to teach computing concepts and coding. \u201cWe\u2019ve been able to connect with and teach hundreds of young students during the time I\u2019ve been involved with WICS outreach,\u201d says Go, who was herself introduced to computer science through an extracurricular program in high school. She excelled in math and science but wasn\u2019t passionate about those fields, so a teacher recommended a two-week summer workshop focused on computer science, which motivated her to major in computer science.</p>\n<p>WICS offers similar classes at middle schools through the <a href=\"https://www.ncwit.org/programs-campaigns/aspirations-computing/aspireit-programs\" target=\"_blank\" rel=\"noopener\" data-saferedirecturl=\"https://www.google.com/url?hl=en&amp;q=https://www.ncwit.org/programs-campaigns/aspirations-computing/aspireit-programs&amp;source=gmail&amp;ust=1520454755904000&amp;usg=AFQjCNEQdgO-tGqZjYWwn4Pj5cMS4YNA3Q\">Aspire IT</a> program, sponsored by the National Center for Women &amp; Information Technology (<a href=\"https://www.ncwit.org/\" target=\"_blank\" rel=\"noopener\" data-saferedirecturl=\"https://www.google.com/url?hl=en&amp;q=https://www.ncwit.org/&amp;source=gmail&amp;ust=1520454755904000&amp;usg=AFQjCNGLtRSq_UcSQO7POm4pWTTNywnRTA\">NCWIT</a>). Unlike at the high schools, where the focus is on language-based coding, the younger students learn how to use MIT\u2019s Scratch and App Inventor \u2014 which incorporates a drag-and-drop block-based language \u2014 to create applications on the web and for their phones.</p>\n<p>NCWIT also funded a WICS mentorship program for undergraduate UCI students called <a href=\"https://wics.ics.uci.edu/exploreics/\" target=\"_blank\" rel=\"noopener\" data-saferedirecturl=\"https://www.google.com/url?hl=en&amp;q=https://wics.ics.uci.edu/exploreics/&amp;source=gmail&amp;ust=1520454755904000&amp;usg=AFQjCNFFlM7YrmQALyXlH35mtoTWgKF_Zw\">Explore ICS</a>. The four-month program paired an ICS major student with an undeclared (typically female) student. The program hosted two events per month, each focusing on a different major to introduce the students to the various majors and minors of the <a href=\"https://www.ics.uci.edu/\" target=\"_blank\" rel=\"noopener\" data-saferedirecturl=\"https://www.google.com/url?hl=en&amp;q=https://www.ics.uci.edu/&amp;source=gmail&amp;ust=1520454755904000&amp;usg=AFQjCNErJ2tEpiK-wMdbj1qvdvsUbAGXQA\">School of ICS</a>.</p>\n<p>In addition to these community outreach and mentorship programs, WICS raises funds to send members to technical conferences. Last year, through the <a href=\"https://anitab.org/braid-building-recruiting-and-inclusion-for-diversity/\" target=\"_blank\" rel=\"noopener\" data-saferedirecturl=\"https://www.google.com/url?hl=en&amp;q=https://anitab.org/braid-building-recruiting-and-inclusion-for-diversity/&amp;source=gmail&amp;ust=1520454755904000&amp;usg=AFQjCNEG6ppRtnbkydFauEAJCtLL7uoE_Q\">BRAID</a> (Building Recruiting And Inclusion for Diversity) initiative,WICS provided scholarships to around 30 students to attend the Grace Hopper Celebration (<a href=\"https://ghc.anitab.org/\" target=\"_blank\" rel=\"noopener\" data-saferedirecturl=\"https://www.google.com/url?hl=en&amp;q=https://ghc.anitab.org/&amp;source=gmail&amp;ust=1520454755904000&amp;usg=AFQjCNEwuBpezuHNFIvgnDKpS4QAFVJCUA\">GHC</a>), the largest gathering of women in technology. The funding covered the flight, hotel and registration fee. Both Yeh and Go attended GHC, as well as informatics student <a href=\"https://www.ics.uci.edu/community/news/view_news?id=1221\" target=\"_blank\" rel=\"noopener\" data-saferedirecturl=\"https://www.google.com/url?hl=en&amp;q=https://www.ics.uci.edu/community/news/view_news?id%3D1221&amp;source=gmail&amp;ust=1520454755904000&amp;usg=AFQjCNGG3k4fpktd3pNA-0fs6IEdNavegg\">Kristen DeVore</a>, who said the experience changed her life by affirming her confidence not only in her design abilities but also her \u201cplace in the tech field.\u201d According to Yeh, the GHC scholarships are a \u201cgreat way to empower women.\u201d</p>\n<div style=\"width: 710px\" class=\"wp-caption alignnone\"><img src=\"http://www.ics.uci.edu/bin/img/news/WICS-March2018-GHC2017.jpg\" alt=\"\" width=\"700\" height=\"467\" /><p class=\"wp-caption-text\">UCI ICS students at the Grace Hopper Celebration in 2017.</p></div>\n<p><b>Forces of Change</b></p>\n<p>Yet there\u2019s still much work to be done. Yeh admits that she\u2019s disheartened when she hears people talk about how it must have been easy for her to get an internship because she\u2019s a girl. \u201cIt sucks that they think I got the job because I\u2019m female and not because of my knowledge or hard work.\u201d</p>\n<p>Go agrees, saying that \u201cit\u2019s definitely a struggle and can cause <a href=\"https://en.wikipedia.org/wiki/Impostor_syndrome\" target=\"_blank\" rel=\"noopener\" data-saferedirecturl=\"https://www.google.com/url?hl=en&amp;q=https://en.wikipedia.org/wiki/Impostor_syndrome&amp;source=gmail&amp;ust=1520454755904000&amp;usg=AFQjCNGlrFY2lDlqT6iGHSH0HTq650eR2Q\">imposter syndrome</a>, which can get into your head and cause you to underestimate yourself.\u201d Go says she was also told that earning the degree would be extremely difficult and time consuming, but she wants others to know that\u2019s not true. \u201cDon\u2019t be discouraged. It\u2019s not as hard as you might think, and there are a lot of women who are doing amazing in the ICS major and in the tech field. You can do the same.\u201d</p>\n<p>Both are encouraged by an increased <a href=\"https://austinstartups.com/the-tech-gender-gap-a-2016-progress-report-on-women-coders-c704a2d6039c\" target=\"_blank\" rel=\"noopener\" data-saferedirecturl=\"https://www.google.com/url?hl=en&amp;q=https://austinstartups.com/the-tech-gender-gap-a-2016-progress-report-on-women-coders-c704a2d6039c&amp;source=gmail&amp;ust=1520454755904000&amp;usg=AFQjCNFYq2t-b7Ms7_K8oe7gVLR0FE2nNg\">awareness</a> of the gender gap, along with the growing number of <a href=\"http://technovationchallenge.org/\" target=\"_blank\" rel=\"noopener\" data-saferedirecturl=\"https://www.google.com/url?hl=en&amp;q=http://technovationchallenge.org/&amp;source=gmail&amp;ust=1520454755904000&amp;usg=AFQjCNESgZFLc_Qn3KmpShC98hnhmmQM_g\">initiatives</a>, <a href=\"http://wit.mediaocean.com/\" target=\"_blank\" rel=\"noopener\" data-saferedirecturl=\"https://www.google.com/url?hl=en&amp;q=http://wit.mediaocean.com/&amp;source=gmail&amp;ust=1520454755904000&amp;usg=AFQjCNGxvNNfIYRdu7aAVLAge90-gmYJHA\">scholarships</a> and <a href=\"https://girlswhocode.com/\" target=\"_blank\" rel=\"noopener\" data-saferedirecturl=\"https://www.google.com/url?hl=en&amp;q=https://girlswhocode.com/&amp;source=gmail&amp;ust=1520454755904000&amp;usg=AFQjCNExglpjW1093fhKNf038hj_ySpTdA\">programs</a>. They were also pleased to see the number of GHC attendees grow from 15,000 in <a href=\"https://ghc.anitab.org/ghc-16/\" target=\"_blank\" rel=\"noopener\" data-saferedirecturl=\"https://www.google.com/url?hl=en&amp;q=https://ghc.anitab.org/ghc-16/&amp;source=gmail&amp;ust=1520454755904000&amp;usg=AFQjCNF8bbCDLVa263dwfSQuRjBwYlq9Bw\">2016</a> to 18,000 in <a href=\"https://ghc.anitab.org/ghc-17/\" target=\"_blank\" rel=\"noopener\" data-saferedirecturl=\"https://www.google.com/url?hl=en&amp;q=https://ghc.anitab.org/ghc-17/&amp;source=gmail&amp;ust=1520454755905000&amp;usg=AFQjCNGCNdKF4O6WoYd8kwZsQF-kR7RFhw\">2017</a>. Go is happy that \u201can increasing amount of people are getting behind this cause to teach the younger generation about opportunities offered within the tech field.\u201d</p>\n<p>Furthermore, both have been greatly encouraged by role models here at UCI, such as recent graduate and past WICS president <a href=\"https://www.linkedin.com/in/katie-khuu-12120683/\" target=\"_blank\" rel=\"noopener\" data-saferedirecturl=\"https://www.google.com/url?hl=en&amp;q=https://www.linkedin.com/in/katie-khuu-12120683/&amp;source=gmail&amp;ust=1520454755905000&amp;usg=AFQjCNFXTf_ZsND4t1Dn5bLfiPnhUxOaPw\">Katie Khuu</a>, who now works as a software development engineer at Expedia. Another inspiring recent graduate is <a href=\"https://www.linkedin.com/in/shirleyzhu1/\" target=\"_blank\" rel=\"noopener\" data-saferedirecturl=\"https://www.google.com/url?hl=en&amp;q=https://www.linkedin.com/in/shirleyzhu1/&amp;source=gmail&amp;ust=1520454755905000&amp;usg=AFQjCNFETqGPIyTvhkfT5MJs3s0s8tWFMA\">Shirley Zhu</a>, a past WICS VP who is now a software engineer at Microsoft. Yeh and Go say that it helps to see successful women in the tech field. Perhaps all four will someday join Kew in the ICS Hall of Fame.</p>\n<p>Go aims to \u201cwork on projects she\u2019s passionate about and that help others,\u201d and Yeh will continue \u201creaching out to other females and giving back to the community.\u201d Both admit that they were \u201cvery ambitious\u201d with their goals as WICS co-presidents this year, but their determination to help aspiring female tech professionals is a positive force of change. As Go says to those who might doubt themselves: \u201cDon\u2019t let other people get into your head. There are a lot of resources and women who are willing to help you.\u201d</p>\n<p>\u2014 <i>Shani Murray</i></p>\n<!--<rdf:RDF xmlns:rdf=\"http://www.w3.org/1999/02/22-rdf-syntax-ns#\"\n\t\t\txmlns:dc=\"http://purl.org/dc/elements/1.1/\"\n\t\t\txmlns:trackback=\"http://madskills.com/public/xml/rss/module/trackback/\">\n\t\t<rdf:Description rdf:about=\"https://www.cs.uci.edu/women-in-information-and-computer-sciences-wics-organization-mentors-and-supports-future-tech-professionals/\"\n    dc:identifier=\"https://www.cs.uci.edu/women-in-information-and-computer-sciences-wics-organization-mentors-and-supports-future-tech-professionals/\"\n    dc:title=\"Women in Information and Computer Sciences (WICS) Organization Mentors and Supports Future Tech Professionals\"\n    trackback:ping=\"https://www.cs.uci.edu/women-in-information-and-computer-sciences-wics-organization-mentors-and-supports-future-tech-professionals/trackback/\" />\n</rdf:RDF>-->\n</div><footer class=\"entry-footer\"></footer></article><div class=\"adjacent-entry-pagination pagination\"><div class=\"pagination-previous alignleft\"><a href=\"https://www.cs.uci.edu/strava-map-exposes-weaknesses-in-understanding-complexities-of-pervasive-data/\" rel=\"prev\">&#x000AB; Strava Map Exposes Weaknesses in Understanding Complexities of Pervasive Data</a></div><div class=\"pagination-next alignright\"><a href=\"https://www.cs.uci.edu/uci-news-uci-tu-munich-and-tu-braunschweig-launch-joint-technology-development-project-nikil-dutt-quoted/\" rel=\"next\">UCI News: &#8220;UCI, TU Munich and TU Braunschweig launch joint technology development project&#8221; (Nikil Dutt quoted) &#x000BB;</a></div></div></main><aside class=\"sidebar sidebar-primary widget-area\" role=\"complementary\" aria-label=\"Primary Sidebar\" itemscope itemtype=\"http://schema.org/WPSideBar\">\t\t<section id=\"recent-posts-3\" class=\"widget widget_recent_entries\"><div class=\"widget-wrap\">\t\t<h4 class=\"widget-title widgettitle\">Latest news</h4>\n\t\t<ul>\n\t\t\t\t\t\t\t\t\t\t\t<li>\n\t\t\t\t\t<a href=\"https://www.cs.uci.edu/sangeetha-abdu-jyothi-attends-the-heidelberg-laureate-forum/\">Sangeetha Abdu Jyothi Attends the Heidelberg Laureate Forum</a>\n\t\t\t\t\t\t\t\t\t\t\t<span class=\"post-date\">October 8, 2019</span>\n\t\t\t\t\t\t\t\t\t</li>\n\t\t\t\t\t\t\t\t\t\t\t<li>\n\t\t\t\t\t<a href=\"https://www.cs.uci.edu/senior-spotlight-taneisha-arora-pursues-her-passions-from-working-in-industry-to-running-a-bakery/\">Senior Spotlight: Taneisha Arora Pursues Her Passions, From Working in Industry to Running a Bakery</a>\n\t\t\t\t\t\t\t\t\t\t\t<span class=\"post-date\">October 7, 2019</span>\n\t\t\t\t\t\t\t\t\t</li>\n\t\t\t\t\t\t\t\t\t\t\t<li>\n\t\t\t\t\t<a href=\"https://www.cs.uci.edu/ramesh-jain-wins-inaugural-ieee-tcmc-impact-award/\">Ramesh Jain Wins Inaugural IEEE TCMC Impact Award</a>\n\t\t\t\t\t\t\t\t\t\t\t<span class=\"post-date\">October 3, 2019</span>\n\t\t\t\t\t\t\t\t\t</li>\n\t\t\t\t\t\t\t\t\t\t\t<li>\n\t\t\t\t\t<a href=\"https://www.cs.uci.edu/uci-other-researchers-develop-deep-learning-technique-to-id-at-risk-anatomy-in-ct-scans/\">UCI, other researchers develop deep-learning technique to ID at-risk anatomy in CT scans</a>\n\t\t\t\t\t\t\t\t\t\t\t<span class=\"post-date\">October 2, 2019</span>\n\t\t\t\t\t\t\t\t\t</li>\n\t\t\t\t\t\t\t\t\t\t\t<li>\n\t\t\t\t\t<a href=\"https://www.cs.uci.edu/science-101-ai-solves-a-rubiks-cube-without-human-help-pierre-baldi-research-mentioned/\">Science 101: &#8220;AI solves a Rubik\u2019s cube without human help&#8221; (Pierre Baldi research mentioned)</a>\n\t\t\t\t\t\t\t\t\t\t\t<span class=\"post-date\">September 27, 2019</span>\n\t\t\t\t\t\t\t\t\t</li>\n\t\t\t\t\t</ul>\n\t\t</div></section>\n</aside></div></div><footer class=\"site-footer\" itemscope itemtype=\"http://schema.org/WPFooter\"><div class=\"wrap\">\t\t\t<div class=\"group\">\n\n\t\t\t\t<div id=\"bren\">\n\t\t\t\t\t\t<a href=\"http://www.ics.uci.edu/\"><img src=\"//www.cs.uci.edu//wp-content/cs/uploads/DBren_InfoCompSc_logo-UPDATED.png\"></a>\n\t\t\t\t</div>\n\n\t\t\t\t<div class=\"footer-info\">\n\t\t\t\t\t<UL>\n\t\t\t\t\t   <LI>&copy; 2019 UC Regents</LI>\n\t\t\t\t\t   <LI><A HREF=\"mailto:communications@ics.uci.edu\">Feedback</A></LI>\n\t\t\t\t\t   <LI><A HREF=\"http://uci.edu/privacy/\">Privacy Policy</A></LI>\n\t\t\t\t\t</UL>\n\t\t\t\t</div><!-- .footer-info -->\n\n\t\t\t</div>\n\t</div></footer></div><script type='text/javascript'>\nvar colomatduration = 'fast';\nvar colomatslideEffect = 'slideFade';\n</script>\t\t<script>\n\t\t( function ( body ) {\n\t\t\t'use strict';\n\t\t\tbody.className = body.className.replace( /\\btribe-no-js\\b/, 'tribe-js' );\n\t\t} )( document.body );\n\t\t</script>\n\t\t<script>\n  (function(i,s,o,g,r,a,m){i['GoogleAnalyticsObject']=r;i[r]=i[r]||function(){\n  (i[r].q=i[r].q||[]).push(arguments)},i[r].l=1*new Date();a=s.createElement(o),\n  m=s.getElementsByTagName(o)[0];a.async=1;a.src=g;m.parentNode.insertBefore(a,m)\n  })(window,document,'script','https://www.google-analytics.com/analytics.js','ga');\n\n  ga('create', 'UA-605898-2', 'auto');\n  ga('send', 'pageview');\n\n</script>\n<script type='text/javascript'>jQuery(document).ready(function($) {$(\".flexslider\").flexslider({controlsContainer: \"#genesis-responsive-slider\",animation: \"fade\",directionNav: 0,controlNav: 1,animationDuration: 1000,slideshowSpeed: 10000    });  });</script><script> /* <![CDATA[ */var tribe_l10n_datatables = {\"aria\":{\"sort_ascending\":\": activate to sort column ascending\",\"sort_descending\":\": activate to sort column descending\"},\"length_menu\":\"Show _MENU_ entries\",\"empty_table\":\"No data available in table\",\"info\":\"Showing _START_ to _END_ of _TOTAL_ entries\",\"info_empty\":\"Showing 0 to 0 of 0 entries\",\"info_filtered\":\"(filtered from _MAX_ total entries)\",\"zero_records\":\"No matching records found\",\"search\":\"Search:\",\"all_selected_text\":\"All items on this page were selected. \",\"select_all_link\":\"Select all pages\",\"clear_selection\":\"Clear Selection.\",\"pagination\":{\"all\":\"All\",\"next\":\"Next\",\"previous\":\"Previous\"},\"select\":{\"rows\":{\"0\":\"\",\"_\":\": Selected %d rows\",\"1\":\": Selected 1 row\"}},\"datepicker\":{\"dayNames\":[\"Sunday\",\"Monday\",\"Tuesday\",\"Wednesday\",\"Thursday\",\"Friday\",\"Saturday\"],\"dayNamesShort\":[\"Sun\",\"Mon\",\"Tue\",\"Wed\",\"Thu\",\"Fri\",\"Sat\"],\"dayNamesMin\":[\"S\",\"M\",\"T\",\"W\",\"T\",\"F\",\"S\"],\"monthNames\":[\"January\",\"February\",\"March\",\"April\",\"May\",\"June\",\"July\",\"August\",\"September\",\"October\",\"November\",\"December\"],\"monthNamesShort\":[\"January\",\"February\",\"March\",\"April\",\"May\",\"June\",\"July\",\"August\",\"September\",\"October\",\"November\",\"December\"],\"nextText\":\"Next\",\"prevText\":\"Prev\",\"currentText\":\"Today\",\"closeText\":\"Done\"}};/* ]]> */ </script><script type='text/javascript' src='https://www.cs.uci.edu/wp-content/cs/plugins/jquery-collapse-o-matic/js/collapse.js?ver=1.6.5'></script>\n<script type='text/javascript' src='https://www.cs.uci.edu/wp-content/cs/plugins/genesis-responsive-slider/js/jquery.flexslider.js?ver=0.9.5'></script>\n<script type='text/javascript' src='https://www.cs.uci.edu/wp-includes/js/wp-embed.min.js?ver=5.2.3'></script>\n</body></html>\r\n", "encoding": "utf-8"}