{"url": "https://www.cs.uci.edu/news/page/13/", "content": "<!DOCTYPE html>\n<html lang=\"en-US\">\n<head >\n<meta charset=\"UTF-8\" />\n<title>News</title><meta name=\"description\" content=\"View the latest news from UC Irvine&#039;s Department of Computer Science, including faculty research highlights and alumni success stories.\" />\n\t\t<meta name=\"robots\" content=\"noodp,noydir\" />\n\t\t<meta name=\"viewport\" content=\"width=device-width, initial-scale=1\" />\n\n\t\t<style type=\"text/css\">\n\t\t\t.slide-excerpt { width: 50%; }\n\t\t\t.slide-excerpt { bottom: 0; }\n\t\t\t.slide-excerpt { left: 0; }\n\t\t\t.flexslider { max-width: 1180px; max-height: 340px; }\n\t\t\t.slide-image { max-height: 340px; }\n\t\t</style>\n\t\t<style type=\"text/css\">\n\t\t\t@media only screen\n\t\t\tand (min-device-width : 320px)\n\t\t\tand (max-device-width : 480px) {\n\t\t\t\t.slide-excerpt { display: none !important; }\n\t\t\t}\n\t\t</style> <link rel='dns-prefetch' href='//fonts.googleapis.com' />\n<link rel='dns-prefetch' href='//s.w.org' />\n<link rel=\"alternate\" type=\"application/rss+xml\" title=\"Department of Computer Science - Donald Bren School of Information &amp; Computer Sciences &raquo; Feed\" href=\"https://www.cs.uci.edu/feed/\" />\n<link rel=\"alternate\" type=\"application/rss+xml\" title=\"Department of Computer Science - Donald Bren School of Information &amp; Computer Sciences &raquo; Comments Feed\" href=\"https://www.cs.uci.edu/comments/feed/\" />\n<link rel=\"alternate\" type=\"text/calendar\" title=\"Department of Computer Science - Donald Bren School of Information &amp; Computer Sciences &raquo; iCal Feed\" href=\"https://www.cs.uci.edu/events/?ical=1\" />\n\t\t<script type=\"text/javascript\">\n\t\t\twindow._wpemojiSettings = {\"baseUrl\":\"https:\\/\\/s.w.org\\/images\\/core\\/emoji\\/12.0.0-1\\/72x72\\/\",\"ext\":\".png\",\"svgUrl\":\"https:\\/\\/s.w.org\\/images\\/core\\/emoji\\/12.0.0-1\\/svg\\/\",\"svgExt\":\".svg\",\"source\":{\"concatemoji\":\"https:\\/\\/www.cs.uci.edu\\/wp-includes\\/js\\/wp-emoji-release.min.js?ver=5.2.3\"}};\n\t\t\t!function(a,b,c){function d(a,b){var c=String.fromCharCode;l.clearRect(0,0,k.width,k.height),l.fillText(c.apply(this,a),0,0);var d=k.toDataURL();l.clearRect(0,0,k.width,k.height),l.fillText(c.apply(this,b),0,0);var e=k.toDataURL();return d===e}function e(a){var b;if(!l||!l.fillText)return!1;switch(l.textBaseline=\"top\",l.font=\"600 32px Arial\",a){case\"flag\":return!(b=d([55356,56826,55356,56819],[55356,56826,8203,55356,56819]))&&(b=d([55356,57332,56128,56423,56128,56418,56128,56421,56128,56430,56128,56423,56128,56447],[55356,57332,8203,56128,56423,8203,56128,56418,8203,56128,56421,8203,56128,56430,8203,56128,56423,8203,56128,56447]),!b);case\"emoji\":return b=d([55357,56424,55356,57342,8205,55358,56605,8205,55357,56424,55356,57340],[55357,56424,55356,57342,8203,55358,56605,8203,55357,56424,55356,57340]),!b}return!1}function f(a){var c=b.createElement(\"script\");c.src=a,c.defer=c.type=\"text/javascript\",b.getElementsByTagName(\"head\")[0].appendChild(c)}var g,h,i,j,k=b.createElement(\"canvas\"),l=k.getContext&&k.getContext(\"2d\");for(j=Array(\"flag\",\"emoji\"),c.supports={everything:!0,everythingExceptFlag:!0},i=0;i<j.length;i++)c.supports[j[i]]=e(j[i]),c.supports.everything=c.supports.everything&&c.supports[j[i]],\"flag\"!==j[i]&&(c.supports.everythingExceptFlag=c.supports.everythingExceptFlag&&c.supports[j[i]]);c.supports.everythingExceptFlag=c.supports.everythingExceptFlag&&!c.supports.flag,c.DOMReady=!1,c.readyCallback=function(){c.DOMReady=!0},c.supports.everything||(h=function(){c.readyCallback()},b.addEventListener?(b.addEventListener(\"DOMContentLoaded\",h,!1),a.addEventListener(\"load\",h,!1)):(a.attachEvent(\"onload\",h),b.attachEvent(\"onreadystatechange\",function(){\"complete\"===b.readyState&&c.readyCallback()})),g=c.source||{},g.concatemoji?f(g.concatemoji):g.wpemoji&&g.twemoji&&(f(g.twemoji),f(g.wpemoji)))}(window,document,window._wpemojiSettings);\n\t\t</script>\n\t\t<style type=\"text/css\">\nimg.wp-smiley,\nimg.emoji {\n\tdisplay: inline !important;\n\tborder: none !important;\n\tbox-shadow: none !important;\n\theight: 1em !important;\n\twidth: 1em !important;\n\tmargin: 0 .07em !important;\n\tvertical-align: -0.1em !important;\n\tbackground: none !important;\n\tpadding: 0 !important;\n}\n</style>\n\t<link rel='stylesheet' id='genesis-sample-theme-css'  href='https://www.cs.uci.edu/wp-content/cs/themes/genesis-cs-retry/style.css?ver=2.1.2' type='text/css' media='all' />\n<link rel='stylesheet' id='wp-block-library-css'  href='https://www.cs.uci.edu/wp-includes/css/dist/block-library/style.min.css?ver=5.2.3' type='text/css' media='all' />\n<link rel='stylesheet' id='feedzy-rss-feeds-css'  href='https://www.cs.uci.edu/wp-content/cs/plugins/feedzy-rss-feeds/css/feedzy-rss-feeds.css?ver=3.3.2' type='text/css' media='all' />\n<link rel='stylesheet' id='collapseomatic-css-css'  href='https://www.cs.uci.edu/wp-content/cs/plugins/jquery-collapse-o-matic/light_style.css?ver=1.6' type='text/css' media='all' />\n<link rel='stylesheet' id='google-fonts-css'  href='//fonts.googleapis.com/css?family=Lato%3A300%2C400%2C700&#038;ver=2.1.2' type='text/css' media='all' />\n<link rel='stylesheet' id='slider_styles-css'  href='https://www.cs.uci.edu/wp-content/cs/plugins/genesis-responsive-slider/style.css?ver=0.9.5' type='text/css' media='all' />\n<script type='text/javascript' src='https://www.cs.uci.edu/wp-includes/js/jquery/jquery.js?ver=1.12.4-wp'></script>\n<script type='text/javascript' src='https://www.cs.uci.edu/wp-includes/js/jquery/jquery-migrate.min.js?ver=1.4.1'></script>\n<!--[if lt IE 9]>\n<script type='text/javascript' src='https://www.cs.uci.edu/wp-content/cs/themes/genesis/lib/js/html5shiv.min.js?ver=3.7.3'></script>\n<![endif]-->\n<script type='text/javascript' src='https://www.cs.uci.edu/wp-content/cs/themes/genesis-cs-retry/js/jquery.collapse.js?ver=5.2.3'></script>\n<link rel='https://api.w.org/' href='https://www.cs.uci.edu/wp-json/' />\n<link rel=\"EditURI\" type=\"application/rsd+xml\" title=\"RSD\" href=\"https://www.cs.uci.edu/xmlrpc.php?rsd\" />\n<meta name=\"tec-api-version\" content=\"v1\"><meta name=\"tec-api-origin\" content=\"https://www.cs.uci.edu\"><link rel=\"https://theeventscalendar.com/\" href=\"https://www.cs.uci.edu/wp-json/tribe/events/v1/\" /><link rel=\"icon\" href=\"https://www.cs.uci.edu/wp-content/cs/themes/genesis-cs-retry/images/favicon.ico\" />\n<link rel=\"pingback\" href=\"https://www.cs.uci.edu/xmlrpc.php\" />\n<link rel=\"prev\" href=\"https://www.cs.uci.edu/news/page/12/\" />\n<link rel=\"next\" href=\"https://www.cs.uci.edu/news/page/14/\" />\n\t\t<style type=\"text/css\" id=\"wp-custom-css\">\n\t\t\t.job-ops .name{\n\twidth:53% !important;\n\tfont-size:.95em !important;\n\tline-height:1.5em !important;\n}\n.job-ops .job-number{\n\twidth:23% !important;\n\tfont-size:.75em !important;\n}\n.job-ops .submission-dates{\n\twidth:53% !important;\n\tfont-size:.95em !important;\n\tline-height:1.5em !important;\n}\n\n.people_table img{\n\twidth:150px;\n}\n\n.apply-now-btn{\n\tborder:1px solid #ffffff;\n\tborder-radius:3px;\n\tpadding:7px 15px 7px 15px;\n}\n.undergrad-tbl td{padding:10px;}\n.staffcsl-tbl td{padding:10px;}\n\n\n.rss_header { display: none;}\t\t</style>\n\t\t</head>\n<body class=\"blog paged paged-13 tribe-no-js header-image full-width-content elementor-default\" itemscope itemtype=\"http://schema.org/WebPage\"><div class=\"site-container\"><header class=\"site-header\" itemscope itemtype=\"http://schema.org/WPHeader\"><div class=\"wrap\"><div class=\"title-area\"><h1 class=\"site-title\">\n\n      <div id='dept_header'>\n\n         <a id='dept_link' href='http://www.cs.uci.edu/' TITLE='Department of Computer Science in the Donald Bren School of Information and Computer Sciences @ UC Irvine'></a>\n\n         <a id='uci_link' href='http://www.uci.edu/' TITLE='University of California, Irvine'></a>\n\n         <a id='school_link' href='http://www.ics.uci.edu/' TITLE='Donald Bren School of Information and Computer Sciences'></a>\n\n      </div>\n\n   </h1></div><div class=\"widget-area header-widget-area\"><section id=\"search-4\" class=\"widget widget_search\"><div class=\"widget-wrap\"><form class=\"search-form\" itemprop=\"potentialAction\" itemscope itemtype=\"http://schema.org/SearchAction\" method=\"get\" action=\"https://www.cs.uci.edu/\" role=\"search\"><meta itemprop=\"target\" content=\"https://www.cs.uci.edu/?s={s}\"/><input itemprop=\"query-input\" type=\"search\" name=\"s\" placeholder=\"Search this site...\" /><input type=\"submit\" value=\"Search\"  /></form></div></section>\n</div></div></header><nav class=\"nav-primary\" itemscope itemtype=\"http://schema.org/SiteNavigationElement\"><div class=\"wrap\"><ul id=\"menu-header-menu\" class=\"menu genesis-nav-menu menu-primary\"><li id=\"menu-item-17\" class=\"menu-item menu-item-type-post_type menu-item-object-page menu-item-has-children menu-item-17\"><a href=\"https://www.cs.uci.edu/about-the-department/\" itemprop=\"url\"><span itemprop=\"name\">Explore</span></a>\n<ul class=\"sub-menu\">\n\t<li id=\"menu-item-58\" class=\"menu-item menu-item-type-post_type menu-item-object-page menu-item-58\"><a href=\"https://www.cs.uci.edu/contact/\" itemprop=\"url\"><span itemprop=\"name\">Contact Us</span></a></li>\n</ul>\n</li>\n<li id=\"menu-item-16\" class=\"menu-item menu-item-type-post_type menu-item-object-page menu-item-16\"><a href=\"https://www.cs.uci.edu/faculty/\" itemprop=\"url\"><span itemprop=\"name\">Faculty</span></a></li>\n<li id=\"menu-item-18\" class=\"menu-item menu-item-type-custom menu-item-object-custom menu-item-has-children menu-item-18\"><a href=\"#\" itemprop=\"url\"><span itemprop=\"name\">Research</span></a>\n<ul class=\"sub-menu\">\n\t<li id=\"menu-item-2407\" class=\"menu-item menu-item-type-post_type menu-item-object-page menu-item-2407\"><a href=\"https://www.cs.uci.edu/cs-research-areas/\" itemprop=\"url\"><span itemprop=\"name\">Research Areas</span></a></li>\n\t<li id=\"menu-item-50\" class=\"menu-item menu-item-type-post_type menu-item-object-page menu-item-50\"><a href=\"https://www.cs.uci.edu/research-centers/\" itemprop=\"url\"><span itemprop=\"name\">Research Centers</span></a></li>\n</ul>\n</li>\n<li id=\"menu-item-370\" class=\"menu-item menu-item-type-custom menu-item-object-custom menu-item-has-children menu-item-370\"><a href=\"#\" itemprop=\"url\"><span itemprop=\"name\">Graduate Degrees</span></a>\n<ul class=\"sub-menu\">\n\t<li id=\"menu-item-372\" class=\"menu-item menu-item-type-post_type menu-item-object-page menu-item-372\"><a href=\"https://www.cs.uci.edu/graduate-computer-science-programs/\" itemprop=\"url\"><span itemprop=\"name\">Computer Science Programs</span></a></li>\n\t<li id=\"menu-item-371\" class=\"menu-item menu-item-type-post_type menu-item-object-page menu-item-371\"><a href=\"https://www.cs.uci.edu/current-graduate-students/\" itemprop=\"url\"><span itemprop=\"name\">Current Graduate Students</span></a></li>\n</ul>\n</li>\n<li id=\"menu-item-1915\" class=\"menu-item menu-item-type-post_type menu-item-object-page menu-item-1915\"><a href=\"https://www.cs.uci.edu/undergraduate-programs/\" itemprop=\"url\"><span itemprop=\"name\">Undergraduate Degrees</span></a></li>\n<li id=\"menu-item-1382\" class=\"menu-item menu-item-type-custom menu-item-object-custom menu-item-has-children menu-item-1382\"><a href=\"#\" itemprop=\"url\"><span itemprop=\"name\">News  &#038; Events</span></a>\n<ul class=\"sub-menu\">\n\t<li id=\"menu-item-1688\" class=\"menu-item menu-item-type-custom menu-item-object-custom menu-item-1688\"><a href=\"/news\" itemprop=\"url\"><span itemprop=\"name\">News</span></a></li>\n\t<li id=\"menu-item-1423\" class=\"menu-item menu-item-type-custom menu-item-object-custom menu-item-1423\"><a href=\"/events/computer-science-seminar-series/\" itemprop=\"url\"><span itemprop=\"name\">Seminar Series</span></a></li>\n\t<li id=\"menu-item-1655\" class=\"menu-item menu-item-type-custom menu-item-object-custom menu-item-1655\"><a href=\"/events/distinguished-lecture-series/\" itemprop=\"url\"><span itemprop=\"name\">Distinguished Lecture Series</span></a></li>\n\t<li id=\"menu-item-1442\" class=\"menu-item menu-item-type-custom menu-item-object-custom menu-item-1442\"><a href=\"/event/2017-computer-science-research-showcase/\" itemprop=\"url\"><span itemprop=\"name\">Research Showcase</span></a></li>\n</ul>\n</li>\n<li id=\"menu-item-1873\" class=\"menu-item menu-item-type-custom menu-item-object-custom menu-item-has-children menu-item-1873\"><a href=\"#\" itemprop=\"url\"><span itemprop=\"name\"><span class=\"apply-now-btn\">Apply Now</span></span></a>\n<ul class=\"sub-menu\">\n\t<li id=\"menu-item-1875\" class=\"menu-item menu-item-type-custom menu-item-object-custom menu-item-1875\"><a target=\"_blank\" rel=\"noopener noreferrer\" href=\"https://www.admissions.uci.edu/apply/index.php\" itemprop=\"url\"><span itemprop=\"name\">Undergraduate Admissions</span></a></li>\n\t<li id=\"menu-item-1874\" class=\"menu-item menu-item-type-custom menu-item-object-custom menu-item-1874\"><a target=\"_blank\" rel=\"noopener noreferrer\" href=\"https://apply.grad.uci.edu/apply/\" itemprop=\"url\"><span itemprop=\"name\">Graduate Admissions</span></a></li>\n\t<li id=\"menu-item-1927\" class=\"menu-item menu-item-type-post_type menu-item-object-page menu-item-1927\"><a href=\"https://www.cs.uci.edu/job-opportunities/\" itemprop=\"url\"><span itemprop=\"name\">Faculty Candidates</span></a></li>\n</ul>\n</li>\n</ul></div></nav><div class=\"site-inner\"><div class=\"content-sidebar-wrap\"><main class=\"content\"><article class=\"post-1228 post type-post status-publish format-standard category-noteworthy-achievement entry\" itemscope itemtype=\"http://schema.org/CreativeWork\"><header class=\"entry-header\"><h1 class=\"entry-title\" itemprop=\"headline\"><a href=\"https://www.cs.uci.edu/ics-professors-presenting-at-aicre-events-for-martin-luther-king-jr-weekend/\" rel=\"bookmark\">ICS Professors Presenting at AICRE Events for Martin Luther King Jr. Weekend</a></h1> \n<p class=\"entry-meta\"><time class=\"entry-time\" itemprop=\"datePublished\" datetime=\"2018-01-11T21:48:57-07:00\">January 11, 2018</time> </p></header><div class=\"entry-content\" itemprop=\"text\"><p><a href='http://sites.uci.edu/aicre/' target=\"_blank\" rel=\"noopener\"><img src=\"//www.informatics.uci.edu/wp-content/informatics/uploads/Aicre-Logo-300x128.png\" alt=\"\" width=\"300\" height=\"128\" class=\"alignright size-full wp-image-4401\" style='border: 0; '/></a>Two <a href=\"https://www.ics.uci.edu/\" target=\"_blank\" rel=\"noopener\" >ICS</a> professors are participating in events hosted by UCI\u2019s Africana Institute for Creativity, Recognition and Elevation (<a href=\"http://sites.uci.edu/aicre/\" target=\"_blank\" rel=\"noopener\" >AICRE</a>) for Martin Luther King Jr. weekend. AICRE aims to \u201ccreate a dynamic exchange of cultural, scientific, economic and spiritual knowledge between local communities and academia to positively impact the next generation, so people of African descent can equitably contribute to a more sustainable society and command respect worldwide.\u201d Informatics Professor and AICRE Fellow <strong><a href=\"http://www.informatics.uci.edu/explore/faculty-profiles/aaron-trammell/\" target=\"_blank\" rel=\"noopener\" >Aaron Trammell</a></strong> and Computer Science Professor <strong><a href=\"http://www.ics.uci.edu/~magda/\" target=\"_blank\" rel=\"noopener\" >Magda El Zarki</a></strong> will be presenters at two of the public events, contributing to this exchange of knowledge.</p>\n<p> <a href=\"https://www.cs.uci.edu/ics-professors-presenting-at-aicre-events-for-martin-luther-king-jr-weekend/#more-1228\" class=\"more-link\">[Read more&#8230;]</a></p>\n</div><footer class=\"entry-footer\"></footer></article><article class=\"post-1364 post type-post status-publish format-standard has-post-thumbnail category-noteworthy-achievement category-uncategorized entry\" itemscope itemtype=\"http://schema.org/CreativeWork\"><header class=\"entry-header\"><h1 class=\"entry-title\" itemprop=\"headline\"><a href=\"https://www.cs.uci.edu/professor-xu-awarded-2018-aito-junior-dahl-nygaard-prize/\" rel=\"bookmark\">Professor Xu Awarded 2018 AITO Junior Dahl-Nygaard Prize</a></h1> \n<p class=\"entry-meta\"><time class=\"entry-time\" itemprop=\"datePublished\" datetime=\"2018-01-09T15:42:14-07:00\">January 9, 2018</time> </p></header><div class=\"entry-content\" itemprop=\"text\"><p> <a href=\"https://www.cs.uci.edu/professor-xu-awarded-2018-aito-junior-dahl-nygaard-prize/#more-1364\" class=\"more-link\">[Read more&#8230;]</a></p>\n</div><footer class=\"entry-footer\"></footer></article><article class=\"post-1218 post type-post status-publish format-standard category-noteworthy-achievement entry\" itemscope itemtype=\"http://schema.org/CreativeWork\"><header class=\"entry-header\"><h1 class=\"entry-title\" itemprop=\"headline\"><a href=\"https://www.cs.uci.edu/tsudik-awarded-visiting-professorship-at-tu-dresden/\" rel=\"bookmark\">Tsudik Awarded Visiting Professorship at TU Dresden</a></h1> \n<p class=\"entry-meta\"><time class=\"entry-time\" itemprop=\"datePublished\" datetime=\"2018-01-05T16:48:32-07:00\">January 5, 2018</time> </p></header><div class=\"entry-content\" itemprop=\"text\"><p><img class=\"alignright size-thumbnail wp-image-1221\" src=\"http://www.cs.uci.edu/wp-content/cs/uploads/gene-150x150.jpg\" alt=\"\" width=\"150\" height=\"150\" srcset=\"https://www.cs.uci.edu/wp-content/cs/uploads/gene-150x150.jpg 150w, https://www.cs.uci.edu/wp-content/cs/uploads/gene.jpg 220w\" sizes=\"(max-width: 150px) 100vw, 150px\" />Chancellor\u2019s Professor of Computer Science\u00a0<a href=\"http://www.ics.uci.edu/~gts/\" target=\"_blank\" rel=\"noopener noreferrer\"><b>Gene Tsudik</b></a> has been awarded an honorary 2017/18 Visiting Professorship at the\u00a0<a href=\"https://tu-dresden.de/\" target=\"_blank\" rel=\"noopener noreferrer\">Technical University (TU) Dresden</a> in Germany. The competitive position comes with a grant of about $30,000 (\u20ac25,000)\u00a0from the\u00a0<a href=\"https://www.tuev-sued.de/\" target=\"_blank\" rel=\"noopener\">T\u00dcV S\u00fcd-Foundation</a>, which has\u00a0been awarding visiting professorships at TU Dresden since 2014. The visiting professorship allows\u00a0renowned international scholars, such as\u00a0Tsudik,\u00a0to be invited to the university for a period of up to three months to contribute to the academic discourse, as well as engage in dialogue with scholars and students. This year, the foundation was looking to award the professorship to an\u00a0expert in the field of security, which falls in line with Tsudik\u2019s research interests\u00a0that include privacy, computer and network security, and applied cryptography.</p>\n</div><footer class=\"entry-footer\"></footer></article><article class=\"post-1213 post type-post status-publish format-standard category-noteworthy-achievement entry\" itemscope itemtype=\"http://schema.org/CreativeWork\"><header class=\"entry-header\"><h1 class=\"entry-title\" itemprop=\"headline\"><a href=\"https://www.cs.uci.edu/iot-hackathon-apps-coming-soon/\" rel=\"bookmark\">IoT Hackathon Apps Coming Soon</a></h1> \n<p class=\"entry-meta\"><time class=\"entry-time\" itemprop=\"datePublished\" datetime=\"2018-01-04T18:38:43-07:00\">January 4, 2018</time> </p></header><div class=\"entry-content\" itemprop=\"text\"><p>Students, faculty and staff in Donald Bren Hall (DBH) will soon have access to apps stemming from the first\u00a0<a href=\"http://www.ics.uci.edu/community/news/view_news?id=1187\" target=\"_blank\" rel=\"noopener\">IoT Hackathon</a>\u00a0held in\u00a0the\u00a0School of ICS. Last June\u2019s event challenged students to develop apps that exploit data for a \u201csmart\u201d campus while preserving user privacy. Organized by UCI Postdoc fellow\u00a0<a href=\"http://webdiis.unizar.es/~ryus/\" target=\"_blank\" rel=\"noopener\"><b>Roberto Yus</b></a>, the focus on user privacy stems from the\u00a0<a href=\"http://tippersweb.ics.uci.edu/\" target=\"_blank\" rel=\"noopener\">TIPPERS</a>\u00a0(Testbed for IoT-based Privacy-Preserving PERvasive Spaces) project, which is part of DARPA\u2019s\u00a0<a href=\"https://www.darpa.mil/program/brandeis\" target=\"_blank\" rel=\"noopener\">Brandeis</a>\u00a0program.</p>\n<p> <a href=\"https://www.cs.uci.edu/iot-hackathon-apps-coming-soon/#more-1213\" class=\"more-link\">[Read more&#8230;]</a></p>\n</div><footer class=\"entry-footer\"></footer></article><article class=\"post-1209 post type-post status-publish format-standard category-feature entry\" itemscope itemtype=\"http://schema.org/CreativeWork\"><header class=\"entry-header\"><h1 class=\"entry-title\" itemprop=\"headline\"><a href=\"https://www.cs.uci.edu/alumni-spotlight-vince-steckler-80-on-solving-problems-giving-back-and-embracing-failure/\" rel=\"bookmark\">Alumni Spotlight: Vince Steckler &#8217;80 on Solving Problems, Giving Back, and Embracing Failure</a></h1> \n<p class=\"entry-meta\"><time class=\"entry-time\" itemprop=\"datePublished\" datetime=\"2018-01-03T22:55:33-07:00\">January 3, 2018</time> </p></header><div class=\"entry-content\" itemprop=\"text\"><p><img class=\"alignright size-thumbnail wp-image-1210\" style=\"margin-bottom: 2.5em;\" src=\"http://www.cs.uci.edu/wp-content/cs/uploads/VincentSteckler-150x150.jpg\" srcset=\"https://www.cs.uci.edu/wp-content/cs/uploads/VincentSteckler-150x150.jpg 150w, https://www.cs.uci.edu/wp-content/cs/uploads/VincentSteckler.jpg 300w\" sizes=\"(max-width: 150px) 100vw, 150px\" /><i>Don\u2019t complain about your commute to\u00a0</i><i><a href=\"https://blog.avast.com/author/vince-steckler\" target=\"_blank\" rel=\"noopener\" data-saferedirecturl=\"https://www.google.com/url?hl=en&amp;q=https://blog.avast.com/author/vince-steckler&amp;source=gmail&amp;ust=1515106218756000&amp;usg=AFQjCNEFKePHQE8ol8ML1ZOFa5qZZjxypg\">Vince Steckler</a>\u00a0</i><i>&#8217;80.\u00a0The UCI graduate with BS degrees in both math and computer science was commuting from Singapore to San Francisco as the senior VP of worldwide consumer sales at Symantec before becoming CEO of security giant\u00a0</i><a href=\"https://www.avast.com/\" target=\"_blank\" rel=\"noopener\" data-saferedirecturl=\"https://www.google.com/url?hl=en&amp;q=https://www.avast.com/&amp;source=gmail&amp;ust=1515106218756000&amp;usg=AFQjCNHFMMhTVk9YKZ43hKKYYQBS-KNYVA\"><i>Avast</i></a><i>. \u201cIt was a fairly long commute \u2014 22 hours,\u201d he says, explaining why he left Symantec to start his own business in Singapore. But instead of eliminating the commute, he got a call from a colleague who put him in touch with the Prague-based Avast, which Steckler viewed as \u201ca diamond in the rough. They had a great product but no real marketing or sales behind it.\u201d So he joined Avast in 2009, at which point he says the online-security company had about 40 employees and sales of under $20 million a year. He reports it has since grown to 2,000 employees and over $750 million in sales, and its security software is stopping 3.5 billion attacks per month.</i></p>\n<p> <a href=\"https://www.cs.uci.edu/alumni-spotlight-vince-steckler-80-on-solving-problems-giving-back-and-embracing-failure/#more-1209\" class=\"more-link\">[Read more&#8230;]</a></p>\n</div><footer class=\"entry-footer\"></footer></article><article class=\"post-1205 post type-post status-publish format-standard category-article entry\" itemscope itemtype=\"http://schema.org/CreativeWork\"><header class=\"entry-header\"><h1 class=\"entry-title\" itemprop=\"headline\"><a href=\"https://www.cs.uci.edu/whats-next-in-the-battle-over-net-neutrality/\" rel=\"bookmark\">What\u2019s Next in the Battle Over Net Neutrality?</a></h1> \n<p class=\"entry-meta\"><time class=\"entry-time\" itemprop=\"datePublished\" datetime=\"2017-12-19T20:41:09-07:00\">December 19, 2017</time> </p></header><div class=\"entry-content\" itemprop=\"text\"><p>Last week, internet pioneers, including Tim Berners-Lee and Steve Wozniak, sent a\u00a0<a href=\"https://pioneersfornetneutrality.tumblr.com/\" target=\"_blank\" rel=\"noopener\" >letter</a>\u00a0to Congress, asking members to call on the Federal Communications Commission to cancel its vote to repeal net neutrality: \u201cThe FCC\u2019s rushed and technically incorrect proposed\u00a0<a href=\"http://transition.fcc.gov/Daily_Releases/Daily_Business/2017/db1122/DOC-347927A1.pdf\" target=\"_blank\" rel=\"noopener\" >Order</a>\u00a0to abolish net neutrality protections without any replacement is an imminent threat to the internet we worked so hard to create.\u201d\u00a0Two days later, a group of House Republicans sent their own\u00a0<a href=\"https://energycommerce.house.gov/wp-content/uploads/2017/12/121317-FCC-Net-Neutrality.pdf\" target=\"_blank\" rel=\"noopener\" >letter</a>, telling the FCC that its repeal of net neutrality would \u201crestore internet freedom\u201d by clearing the way for investments that will \u201cadvance our internet architecture for the next generation.\u201d So, does\u00a0<a href=\"https://techcrunch.com/2017/12/14/the-fcc-officially-votes-to-kill-net-neutrality/\" target=\"_blank\" rel=\"noopener\" >last week\u2019s repeal</a>\u00a0of net neutrality threaten or advance the internet?<br />\n <a href=\"https://www.cs.uci.edu/whats-next-in-the-battle-over-net-neutrality/#more-1205\" class=\"more-link\">[Read more&#8230;]</a></p>\n</div><footer class=\"entry-footer\"></footer></article><article class=\"post-1197 post type-post status-publish format-standard category-feature entry\" itemscope itemtype=\"http://schema.org/CreativeWork\"><header class=\"entry-header\"><h1 class=\"entry-title\" itemprop=\"headline\"><a href=\"https://www.cs.uci.edu/exploiting-iot-for-healthcare/\" rel=\"bookmark\">Exploiting IoT for Healthcare</a></h1> \n<p class=\"entry-meta\"><time class=\"entry-time\" itemprop=\"datePublished\" datetime=\"2017-12-19T17:12:40-07:00\">December 19, 2017</time> </p></header><div class=\"entry-content\" itemprop=\"text\"><p><img class=\"alignright wp-image-1198 size-medium\" src=\"http://www.cs.uci.edu/wp-content/cs/uploads/AmirRahmani-229x300.jpg\" alt=\"\" width=\"229\" height=\"300\" srcset=\"https://www.cs.uci.edu/wp-content/cs/uploads/AmirRahmani-229x300.jpg 229w, https://www.cs.uci.edu/wp-content/cs/uploads/AmirRahmani.jpg 240w\" sizes=\"(max-width: 229px) 100vw, 229px\" /><em>UCI\u2019s Marie Curie Global Fellow Amir M. Rahmani&#8217;s multidisciplinary collaboration on four projects is proving how IoT technology can transform healthcare.</em></p>\n<p> <a href=\"https://www.cs.uci.edu/exploiting-iot-for-healthcare/#more-1197\" class=\"more-link\">[Read more&#8230;]</a></p>\n</div><footer class=\"entry-footer\"></footer></article><article class=\"post-1189 post type-post status-publish format-standard category-feature entry\" itemscope itemtype=\"http://schema.org/CreativeWork\"><header class=\"entry-header\"><h1 class=\"entry-title\" itemprop=\"headline\"><a href=\"https://www.cs.uci.edu/faculty-spotlight-ray-klefstad-embraces-new-role-as-professor-of-teaching/\" rel=\"bookmark\">Faculty Spotlight: Ray Klefstad Embraces New Role as Associate Professor of Teaching</a></h1> \n<p class=\"entry-meta\"><time class=\"entry-time\" itemprop=\"datePublished\" datetime=\"2017-12-18T21:14:49-07:00\">December 18, 2017</time> </p></header><div class=\"entry-content\" itemprop=\"text\"><p><img class=\"size-medium wp-image-1192 alignright\" src=\"http://www.cs.uci.edu/wp-content/cs/uploads/RayKlefstad-profile-200x300.jpg\" alt=\"\" width=\"200\" height=\"300\" srcset=\"https://www.cs.uci.edu/wp-content/cs/uploads/RayKlefstad-profile-200x300.jpg 200w, https://www.cs.uci.edu/wp-content/cs/uploads/RayKlefstad-profile-768x1152.jpg 768w, https://www.cs.uci.edu/wp-content/cs/uploads/RayKlefstad-profile-682x1024.jpg 682w, https://www.cs.uci.edu/wp-content/cs/uploads/RayKlefstad-profile.jpg 895w\" sizes=\"(max-width: 200px) 100vw, 200px\" />\u201cWould you ride in a car if you wrote the software that controlled its brakes?\u201d</p>\n<p>That\u2019s a question\u00a0<strong><a href=\"http://www.ics.uci.edu/~klefstad/\" target=\"_blank\" rel=\"noopener\">Ray Klefstad</a></strong>\u00a0sometimes asks his students to emphasize the implications of their work. Klefstad, who recently became the associate professor of teaching in the Department of Computer Science, further explains: \u201cWhat they\u2019re doing is important. People\u2019s lives could be at stake.\u201d</p>\n<p> <a href=\"https://www.cs.uci.edu/faculty-spotlight-ray-klefstad-embraces-new-role-as-professor-of-teaching/#more-1189\" class=\"more-link\">[Read more&#8230;]</a></p>\n</div><footer class=\"entry-footer\"></footer></article><article class=\"post-1180 post type-post status-publish format-standard category-feature entry\" itemscope itemtype=\"http://schema.org/CreativeWork\"><header class=\"entry-header\"><h1 class=\"entry-title\" itemprop=\"headline\"><a href=\"https://www.cs.uci.edu/levorato-and-deepedge-tackle-darpa-sdr-hackfest/\" rel=\"bookmark\">Levorato and DeepEdge Tackle DARPA SDR Hackfest</a></h1> \n<p class=\"entry-meta\"><time class=\"entry-time\" itemprop=\"datePublished\" datetime=\"2017-12-13T15:39:27-07:00\">December 13, 2017</time> </p></header><div class=\"entry-content\" itemprop=\"text\"><p>Assistant Professor of Computer Science <a href=\"http://www.ics.uci.edu/~mlevorat/index.html\"><b>Marco Levorato</b></a> participated in the five-day DARPA <a href=\"https://darpahackfest.com/\">Software-Defined Radio Hackfest</a> that took place Nov. 13-17, 2017, at the <a href=\"https://www.nasa.gov/researchpark\">NASA Research Park</a> in Moffett Field, Calif. <a href=\"https://darpahackfest.com/introduction#DARPA-SDR-Hackfests\">DARPA</a> initiated the SDR Hackfest this year to \u201cexplore <a href=\"https://en.wikipedia.org/wiki/Software-defined_radio\">software radio technology</a> in new and interesting ways that are likely to become consequential in both civilian and national security contexts.\u201d</p>\n<p> <a href=\"https://www.cs.uci.edu/levorato-and-deepedge-tackle-darpa-sdr-hackfest/#more-1180\" class=\"more-link\">[Read more&#8230;]</a></p>\n</div><footer class=\"entry-footer\"></footer></article><article class=\"post-1178 post type-post status-publish format-standard category-noteworthy-achievement entry\" itemscope itemtype=\"http://schema.org/CreativeWork\"><header class=\"entry-header\"><h1 class=\"entry-title\" itemprop=\"headline\"><a href=\"https://www.cs.uci.edu/eppstein-shares-research-at-conferences-in-australia-canada-and-tokyo/\" rel=\"bookmark\">Eppstein Shares Research at Conferences in Australia, Canada and Tokyo</a></h1> \n<p class=\"entry-meta\"><time class=\"entry-time\" itemprop=\"datePublished\" datetime=\"2017-12-12T21:52:02-07:00\">December 12, 2017</time> </p></header><div class=\"entry-content\" itemprop=\"text\"><p>Chancellor\u2019s Professor of Computer Science\u00a0<strong><a href=\"http://www.ics.uci.edu/~eppstein/\" target=\"_blank\" rel=\"noopener\" >David Eppstein</a></strong>\u00a0presented material from his forthcoming book,\u00a0<a href=\"https://www.cambridge.org/core/books/forbidden-configurations-in-discrete-geometry/0A90D6B522B1DFF59641F086F149EA45\" target=\"_blank\" rel=\"noopener\" ><i>Forbidden</i><i>\u00a0Configurations in Discrete Geometry</i></a>, in an invited plenary talk at the\u00a05th International Combinatorics Conference (<a href=\"http://www.monash.edu/5icc/\" target=\"_blank\" rel=\"noopener\" >5ICC</a>) in Melbourne,\u00a0Australia, on Dec. 7. The International Combinatorics Conference\u00a0is a mathematics conference held approximately every 10 years. The previous conference was in 2008 in Auckland, New Zealand.<br />\n <a href=\"https://www.cs.uci.edu/eppstein-shares-research-at-conferences-in-australia-canada-and-tokyo/#more-1178\" class=\"more-link\">[Read more&#8230;]</a></p>\n</div><footer class=\"entry-footer\"></footer></article><div class=\"archive-pagination pagination\"><ul><li class=\"pagination-previous\"><a href=\"https://www.cs.uci.edu/news/page/12/\" >&#x000AB; Previous Page</a></li>\n<li><a href=\"https://www.cs.uci.edu/news/\">1</a></li>\n<li class=\"pagination-omission\">&#x02026;</li>\n<li><a href=\"https://www.cs.uci.edu/news/page/11/\">11</a></li>\n<li><a href=\"https://www.cs.uci.edu/news/page/12/\">12</a></li>\n<li class=\"active\"  aria-label=\"Current page\"><a href=\"https://www.cs.uci.edu/news/page/13/\">13</a></li>\n<li><a href=\"https://www.cs.uci.edu/news/page/14/\">14</a></li>\n<li><a href=\"https://www.cs.uci.edu/news/page/15/\">15</a></li>\n<li class=\"pagination-omission\">&#x02026;</li>\n<li><a href=\"https://www.cs.uci.edu/news/page/22/\">22</a></li>\n<li class=\"pagination-next\"><a href=\"https://www.cs.uci.edu/news/page/14/\" >Next Page &#x000BB;</a></li>\n</ul></div>\n</main></div></div><footer class=\"site-footer\" itemscope itemtype=\"http://schema.org/WPFooter\"><div class=\"wrap\">\t\t\t<div class=\"group\">\n\n\t\t\t\t<div id=\"bren\">\n\t\t\t\t\t\t<a href=\"http://www.ics.uci.edu/\"><img src=\"//www.cs.uci.edu//wp-content/cs/uploads/DBren_InfoCompSc_logo-UPDATED.png\"></a>\n\t\t\t\t</div>\n\n\t\t\t\t<div class=\"footer-info\">\n\t\t\t\t\t<UL>\n\t\t\t\t\t   <LI>&copy; 2019 UC Regents</LI>\n\t\t\t\t\t   <LI><A HREF=\"mailto:communications@ics.uci.edu\">Feedback</A></LI>\n\t\t\t\t\t   <LI><A HREF=\"http://uci.edu/privacy/\">Privacy Policy</A></LI>\n\t\t\t\t\t</UL>\n\t\t\t\t</div><!-- .footer-info -->\n\n\t\t\t</div>\n\t</div></footer></div><script type='text/javascript'>\nvar colomatduration = 'fast';\nvar colomatslideEffect = 'slideFade';\n</script>\t\t<script>\n\t\t( function ( body ) {\n\t\t\t'use strict';\n\t\t\tbody.className = body.className.replace( /\\btribe-no-js\\b/, 'tribe-js' );\n\t\t} )( document.body );\n\t\t</script>\n\t\t<script>\n  (function(i,s,o,g,r,a,m){i['GoogleAnalyticsObject']=r;i[r]=i[r]||function(){\n  (i[r].q=i[r].q||[]).push(arguments)},i[r].l=1*new Date();a=s.createElement(o),\n  m=s.getElementsByTagName(o)[0];a.async=1;a.src=g;m.parentNode.insertBefore(a,m)\n  })(window,document,'script','https://www.google-analytics.com/analytics.js','ga');\n\n  ga('create', 'UA-605898-2', 'auto');\n  ga('send', 'pageview');\n\n</script>\n<script type='text/javascript'>jQuery(document).ready(function($) {$(\".flexslider\").flexslider({controlsContainer: \"#genesis-responsive-slider\",animation: \"fade\",directionNav: 0,controlNav: 1,animationDuration: 1000,slideshowSpeed: 10000    });  });</script><script> /* <![CDATA[ */var tribe_l10n_datatables = {\"aria\":{\"sort_ascending\":\": activate to sort column ascending\",\"sort_descending\":\": activate to sort column descending\"},\"length_menu\":\"Show _MENU_ entries\",\"empty_table\":\"No data available in table\",\"info\":\"Showing _START_ to _END_ of _TOTAL_ entries\",\"info_empty\":\"Showing 0 to 0 of 0 entries\",\"info_filtered\":\"(filtered from _MAX_ total entries)\",\"zero_records\":\"No matching records found\",\"search\":\"Search:\",\"all_selected_text\":\"All items on this page were selected. \",\"select_all_link\":\"Select all pages\",\"clear_selection\":\"Clear Selection.\",\"pagination\":{\"all\":\"All\",\"next\":\"Next\",\"previous\":\"Previous\"},\"select\":{\"rows\":{\"0\":\"\",\"_\":\": Selected %d rows\",\"1\":\": Selected 1 row\"}},\"datepicker\":{\"dayNames\":[\"Sunday\",\"Monday\",\"Tuesday\",\"Wednesday\",\"Thursday\",\"Friday\",\"Saturday\"],\"dayNamesShort\":[\"Sun\",\"Mon\",\"Tue\",\"Wed\",\"Thu\",\"Fri\",\"Sat\"],\"dayNamesMin\":[\"S\",\"M\",\"T\",\"W\",\"T\",\"F\",\"S\"],\"monthNames\":[\"January\",\"February\",\"March\",\"April\",\"May\",\"June\",\"July\",\"August\",\"September\",\"October\",\"November\",\"December\"],\"monthNamesShort\":[\"January\",\"February\",\"March\",\"April\",\"May\",\"June\",\"July\",\"August\",\"September\",\"October\",\"November\",\"December\"],\"nextText\":\"Next\",\"prevText\":\"Prev\",\"currentText\":\"Today\",\"closeText\":\"Done\"}};/* ]]> */ </script><script type='text/javascript' src='https://www.cs.uci.edu/wp-content/cs/plugins/jquery-collapse-o-matic/js/collapse.js?ver=1.6.5'></script>\n<script type='text/javascript' src='https://www.cs.uci.edu/wp-content/cs/plugins/genesis-responsive-slider/js/jquery.flexslider.js?ver=0.9.5'></script>\n<script type='text/javascript' src='https://www.cs.uci.edu/wp-includes/js/wp-embed.min.js?ver=5.2.3'></script>\n</body></html>\r\n", "encoding": "utf-8"}