{"url": "https://www.cs.uci.edu/ics-alumnus-nithin-jillas-nonprofit-inspires-students-to-love-stem/", "content": "<!DOCTYPE html>\n<html lang=\"en-US\">\n<head >\n<meta charset=\"UTF-8\" />\n<title>ICS Alumnus Nithin Jilla\u2019s Nonprofit Inspires Students to Love STEM</title>\t\t<meta name=\"robots\" content=\"noodp,noydir\" />\n\t\t<meta name=\"viewport\" content=\"width=device-width, initial-scale=1\" />\n\n\t\t<style type=\"text/css\">\n\t\t\t.slide-excerpt { width: 50%; }\n\t\t\t.slide-excerpt { bottom: 0; }\n\t\t\t.slide-excerpt { left: 0; }\n\t\t\t.flexslider { max-width: 1180px; max-height: 340px; }\n\t\t\t.slide-image { max-height: 340px; }\n\t\t</style>\n\t\t<style type=\"text/css\">\n\t\t\t@media only screen\n\t\t\tand (min-device-width : 320px)\n\t\t\tand (max-device-width : 480px) {\n\t\t\t\t.slide-excerpt { display: none !important; }\n\t\t\t}\n\t\t</style> <link rel='dns-prefetch' href='//fonts.googleapis.com' />\n<link rel='dns-prefetch' href='//s.w.org' />\n<link rel=\"alternate\" type=\"application/rss+xml\" title=\"Department of Computer Science - Donald Bren School of Information &amp; Computer Sciences &raquo; Feed\" href=\"https://www.cs.uci.edu/feed/\" />\n<link rel=\"alternate\" type=\"application/rss+xml\" title=\"Department of Computer Science - Donald Bren School of Information &amp; Computer Sciences &raquo; Comments Feed\" href=\"https://www.cs.uci.edu/comments/feed/\" />\n<link rel=\"alternate\" type=\"text/calendar\" title=\"Department of Computer Science - Donald Bren School of Information &amp; Computer Sciences &raquo; iCal Feed\" href=\"https://www.cs.uci.edu/events/?ical=1\" />\n<link rel=\"canonical\" href=\"https://www.cs.uci.edu/ics-alumnus-nithin-jillas-nonprofit-inspires-students-to-love-stem/\" />\n\t\t<script type=\"text/javascript\">\n\t\t\twindow._wpemojiSettings = {\"baseUrl\":\"https:\\/\\/s.w.org\\/images\\/core\\/emoji\\/12.0.0-1\\/72x72\\/\",\"ext\":\".png\",\"svgUrl\":\"https:\\/\\/s.w.org\\/images\\/core\\/emoji\\/12.0.0-1\\/svg\\/\",\"svgExt\":\".svg\",\"source\":{\"concatemoji\":\"https:\\/\\/www.cs.uci.edu\\/wp-includes\\/js\\/wp-emoji-release.min.js?ver=5.2.3\"}};\n\t\t\t!function(a,b,c){function d(a,b){var c=String.fromCharCode;l.clearRect(0,0,k.width,k.height),l.fillText(c.apply(this,a),0,0);var d=k.toDataURL();l.clearRect(0,0,k.width,k.height),l.fillText(c.apply(this,b),0,0);var e=k.toDataURL();return d===e}function e(a){var b;if(!l||!l.fillText)return!1;switch(l.textBaseline=\"top\",l.font=\"600 32px Arial\",a){case\"flag\":return!(b=d([55356,56826,55356,56819],[55356,56826,8203,55356,56819]))&&(b=d([55356,57332,56128,56423,56128,56418,56128,56421,56128,56430,56128,56423,56128,56447],[55356,57332,8203,56128,56423,8203,56128,56418,8203,56128,56421,8203,56128,56430,8203,56128,56423,8203,56128,56447]),!b);case\"emoji\":return b=d([55357,56424,55356,57342,8205,55358,56605,8205,55357,56424,55356,57340],[55357,56424,55356,57342,8203,55358,56605,8203,55357,56424,55356,57340]),!b}return!1}function f(a){var c=b.createElement(\"script\");c.src=a,c.defer=c.type=\"text/javascript\",b.getElementsByTagName(\"head\")[0].appendChild(c)}var g,h,i,j,k=b.createElement(\"canvas\"),l=k.getContext&&k.getContext(\"2d\");for(j=Array(\"flag\",\"emoji\"),c.supports={everything:!0,everythingExceptFlag:!0},i=0;i<j.length;i++)c.supports[j[i]]=e(j[i]),c.supports.everything=c.supports.everything&&c.supports[j[i]],\"flag\"!==j[i]&&(c.supports.everythingExceptFlag=c.supports.everythingExceptFlag&&c.supports[j[i]]);c.supports.everythingExceptFlag=c.supports.everythingExceptFlag&&!c.supports.flag,c.DOMReady=!1,c.readyCallback=function(){c.DOMReady=!0},c.supports.everything||(h=function(){c.readyCallback()},b.addEventListener?(b.addEventListener(\"DOMContentLoaded\",h,!1),a.addEventListener(\"load\",h,!1)):(a.attachEvent(\"onload\",h),b.attachEvent(\"onreadystatechange\",function(){\"complete\"===b.readyState&&c.readyCallback()})),g=c.source||{},g.concatemoji?f(g.concatemoji):g.wpemoji&&g.twemoji&&(f(g.twemoji),f(g.wpemoji)))}(window,document,window._wpemojiSettings);\n\t\t</script>\n\t\t<style type=\"text/css\">\nimg.wp-smiley,\nimg.emoji {\n\tdisplay: inline !important;\n\tborder: none !important;\n\tbox-shadow: none !important;\n\theight: 1em !important;\n\twidth: 1em !important;\n\tmargin: 0 .07em !important;\n\tvertical-align: -0.1em !important;\n\tbackground: none !important;\n\tpadding: 0 !important;\n}\n</style>\n\t<link rel='stylesheet' id='genesis-sample-theme-css'  href='https://www.cs.uci.edu/wp-content/cs/themes/genesis-cs-retry/style.css?ver=2.1.2' type='text/css' media='all' />\n<link rel='stylesheet' id='wp-block-library-css'  href='https://www.cs.uci.edu/wp-includes/css/dist/block-library/style.min.css?ver=5.2.3' type='text/css' media='all' />\n<link rel='stylesheet' id='feedzy-rss-feeds-css'  href='https://www.cs.uci.edu/wp-content/cs/plugins/feedzy-rss-feeds/css/feedzy-rss-feeds.css?ver=3.3.2' type='text/css' media='all' />\n<link rel='stylesheet' id='collapseomatic-css-css'  href='https://www.cs.uci.edu/wp-content/cs/plugins/jquery-collapse-o-matic/light_style.css?ver=1.6' type='text/css' media='all' />\n<link rel='stylesheet' id='google-fonts-css'  href='//fonts.googleapis.com/css?family=Lato%3A300%2C400%2C700&#038;ver=2.1.2' type='text/css' media='all' />\n<link rel='stylesheet' id='slider_styles-css'  href='https://www.cs.uci.edu/wp-content/cs/plugins/genesis-responsive-slider/style.css?ver=0.9.5' type='text/css' media='all' />\n<script type='text/javascript' src='https://www.cs.uci.edu/wp-includes/js/jquery/jquery.js?ver=1.12.4-wp'></script>\n<script type='text/javascript' src='https://www.cs.uci.edu/wp-includes/js/jquery/jquery-migrate.min.js?ver=1.4.1'></script>\n<!--[if lt IE 9]>\n<script type='text/javascript' src='https://www.cs.uci.edu/wp-content/cs/themes/genesis/lib/js/html5shiv.min.js?ver=3.7.3'></script>\n<![endif]-->\n<script type='text/javascript' src='https://www.cs.uci.edu/wp-content/cs/themes/genesis-cs-retry/js/jquery.collapse.js?ver=5.2.3'></script>\n<link rel='https://api.w.org/' href='https://www.cs.uci.edu/wp-json/' />\n<link rel=\"EditURI\" type=\"application/rsd+xml\" title=\"RSD\" href=\"https://www.cs.uci.edu/xmlrpc.php?rsd\" />\n<link rel=\"alternate\" type=\"application/json+oembed\" href=\"https://www.cs.uci.edu/wp-json/oembed/1.0/embed?url=https%3A%2F%2Fwww.cs.uci.edu%2Fics-alumnus-nithin-jillas-nonprofit-inspires-students-to-love-stem%2F\" />\n<link rel=\"alternate\" type=\"text/xml+oembed\" href=\"https://www.cs.uci.edu/wp-json/oembed/1.0/embed?url=https%3A%2F%2Fwww.cs.uci.edu%2Fics-alumnus-nithin-jillas-nonprofit-inspires-students-to-love-stem%2F&#038;format=xml\" />\n<meta name=\"tec-api-version\" content=\"v1\"><meta name=\"tec-api-origin\" content=\"https://www.cs.uci.edu\"><link rel=\"https://theeventscalendar.com/\" href=\"https://www.cs.uci.edu/wp-json/tribe/events/v1/\" /><link rel=\"icon\" href=\"https://www.cs.uci.edu/wp-content/cs/themes/genesis-cs-retry/images/favicon.ico\" />\n<link rel=\"pingback\" href=\"https://www.cs.uci.edu/xmlrpc.php\" />\n\t\t<style type=\"text/css\" id=\"wp-custom-css\">\n\t\t\t.job-ops .name{\n\twidth:53% !important;\n\tfont-size:.95em !important;\n\tline-height:1.5em !important;\n}\n.job-ops .job-number{\n\twidth:23% !important;\n\tfont-size:.75em !important;\n}\n.job-ops .submission-dates{\n\twidth:53% !important;\n\tfont-size:.95em !important;\n\tline-height:1.5em !important;\n}\n\n.people_table img{\n\twidth:150px;\n}\n\n.apply-now-btn{\n\tborder:1px solid #ffffff;\n\tborder-radius:3px;\n\tpadding:7px 15px 7px 15px;\n}\n.undergrad-tbl td{padding:10px;}\n.staffcsl-tbl td{padding:10px;}\n\n\n.rss_header { display: none;}\t\t</style>\n\t\t</head>\n<body class=\"post-template-default single single-post postid-2258 single-format-standard tribe-no-js header-image content-sidebar elementor-default\" itemscope itemtype=\"http://schema.org/WebPage\"><div class=\"site-container\"><header class=\"site-header\" itemscope itemtype=\"http://schema.org/WPHeader\"><div class=\"wrap\"><div class=\"title-area\"><h1 class=\"site-title\">\n\n      <div id='dept_header'>\n\n         <a id='dept_link' href='http://www.cs.uci.edu/' TITLE='Department of Computer Science in the Donald Bren School of Information and Computer Sciences @ UC Irvine'></a>\n\n         <a id='uci_link' href='http://www.uci.edu/' TITLE='University of California, Irvine'></a>\n\n         <a id='school_link' href='http://www.ics.uci.edu/' TITLE='Donald Bren School of Information and Computer Sciences'></a>\n\n      </div>\n\n   </h1></div><div class=\"widget-area header-widget-area\"><section id=\"search-4\" class=\"widget widget_search\"><div class=\"widget-wrap\"><form class=\"search-form\" itemprop=\"potentialAction\" itemscope itemtype=\"http://schema.org/SearchAction\" method=\"get\" action=\"https://www.cs.uci.edu/\" role=\"search\"><meta itemprop=\"target\" content=\"https://www.cs.uci.edu/?s={s}\"/><input itemprop=\"query-input\" type=\"search\" name=\"s\" placeholder=\"Search this site...\" /><input type=\"submit\" value=\"Search\"  /></form></div></section>\n</div></div></header><nav class=\"nav-primary\" itemscope itemtype=\"http://schema.org/SiteNavigationElement\"><div class=\"wrap\"><ul id=\"menu-header-menu\" class=\"menu genesis-nav-menu menu-primary\"><li id=\"menu-item-17\" class=\"menu-item menu-item-type-post_type menu-item-object-page menu-item-has-children menu-item-17\"><a href=\"https://www.cs.uci.edu/about-the-department/\" itemprop=\"url\"><span itemprop=\"name\">Explore</span></a>\n<ul class=\"sub-menu\">\n\t<li id=\"menu-item-58\" class=\"menu-item menu-item-type-post_type menu-item-object-page menu-item-58\"><a href=\"https://www.cs.uci.edu/contact/\" itemprop=\"url\"><span itemprop=\"name\">Contact Us</span></a></li>\n</ul>\n</li>\n<li id=\"menu-item-16\" class=\"menu-item menu-item-type-post_type menu-item-object-page menu-item-16\"><a href=\"https://www.cs.uci.edu/faculty/\" itemprop=\"url\"><span itemprop=\"name\">Faculty</span></a></li>\n<li id=\"menu-item-18\" class=\"menu-item menu-item-type-custom menu-item-object-custom menu-item-has-children menu-item-18\"><a href=\"#\" itemprop=\"url\"><span itemprop=\"name\">Research</span></a>\n<ul class=\"sub-menu\">\n\t<li id=\"menu-item-2407\" class=\"menu-item menu-item-type-post_type menu-item-object-page menu-item-2407\"><a href=\"https://www.cs.uci.edu/cs-research-areas/\" itemprop=\"url\"><span itemprop=\"name\">Research Areas</span></a></li>\n\t<li id=\"menu-item-50\" class=\"menu-item menu-item-type-post_type menu-item-object-page menu-item-50\"><a href=\"https://www.cs.uci.edu/research-centers/\" itemprop=\"url\"><span itemprop=\"name\">Research Centers</span></a></li>\n</ul>\n</li>\n<li id=\"menu-item-370\" class=\"menu-item menu-item-type-custom menu-item-object-custom menu-item-has-children menu-item-370\"><a href=\"#\" itemprop=\"url\"><span itemprop=\"name\">Graduate Degrees</span></a>\n<ul class=\"sub-menu\">\n\t<li id=\"menu-item-372\" class=\"menu-item menu-item-type-post_type menu-item-object-page menu-item-372\"><a href=\"https://www.cs.uci.edu/graduate-computer-science-programs/\" itemprop=\"url\"><span itemprop=\"name\">Computer Science Programs</span></a></li>\n\t<li id=\"menu-item-371\" class=\"menu-item menu-item-type-post_type menu-item-object-page menu-item-371\"><a href=\"https://www.cs.uci.edu/current-graduate-students/\" itemprop=\"url\"><span itemprop=\"name\">Current Graduate Students</span></a></li>\n</ul>\n</li>\n<li id=\"menu-item-1915\" class=\"menu-item menu-item-type-post_type menu-item-object-page menu-item-1915\"><a href=\"https://www.cs.uci.edu/undergraduate-programs/\" itemprop=\"url\"><span itemprop=\"name\">Undergraduate Degrees</span></a></li>\n<li id=\"menu-item-1382\" class=\"menu-item menu-item-type-custom menu-item-object-custom menu-item-has-children menu-item-1382\"><a href=\"#\" itemprop=\"url\"><span itemprop=\"name\">News  &#038; Events</span></a>\n<ul class=\"sub-menu\">\n\t<li id=\"menu-item-1688\" class=\"menu-item menu-item-type-custom menu-item-object-custom menu-item-1688\"><a href=\"/news\" itemprop=\"url\"><span itemprop=\"name\">News</span></a></li>\n\t<li id=\"menu-item-1423\" class=\"menu-item menu-item-type-custom menu-item-object-custom menu-item-1423\"><a href=\"/events/computer-science-seminar-series/\" itemprop=\"url\"><span itemprop=\"name\">Seminar Series</span></a></li>\n\t<li id=\"menu-item-1655\" class=\"menu-item menu-item-type-custom menu-item-object-custom menu-item-1655\"><a href=\"/events/distinguished-lecture-series/\" itemprop=\"url\"><span itemprop=\"name\">Distinguished Lecture Series</span></a></li>\n\t<li id=\"menu-item-1442\" class=\"menu-item menu-item-type-custom menu-item-object-custom menu-item-1442\"><a href=\"/event/2017-computer-science-research-showcase/\" itemprop=\"url\"><span itemprop=\"name\">Research Showcase</span></a></li>\n</ul>\n</li>\n<li id=\"menu-item-1873\" class=\"menu-item menu-item-type-custom menu-item-object-custom menu-item-has-children menu-item-1873\"><a href=\"#\" itemprop=\"url\"><span itemprop=\"name\"><span class=\"apply-now-btn\">Apply Now</span></span></a>\n<ul class=\"sub-menu\">\n\t<li id=\"menu-item-1875\" class=\"menu-item menu-item-type-custom menu-item-object-custom menu-item-1875\"><a target=\"_blank\" rel=\"noopener noreferrer\" href=\"https://www.admissions.uci.edu/apply/index.php\" itemprop=\"url\"><span itemprop=\"name\">Undergraduate Admissions</span></a></li>\n\t<li id=\"menu-item-1874\" class=\"menu-item menu-item-type-custom menu-item-object-custom menu-item-1874\"><a target=\"_blank\" rel=\"noopener noreferrer\" href=\"https://apply.grad.uci.edu/apply/\" itemprop=\"url\"><span itemprop=\"name\">Graduate Admissions</span></a></li>\n\t<li id=\"menu-item-1927\" class=\"menu-item menu-item-type-post_type menu-item-object-page menu-item-1927\"><a href=\"https://www.cs.uci.edu/job-opportunities/\" itemprop=\"url\"><span itemprop=\"name\">Faculty Candidates</span></a></li>\n</ul>\n</li>\n</ul></div></nav><div class=\"site-inner\"><div class=\"content-sidebar-wrap\"><main class=\"content\"><article class=\"post-2258 post type-post status-publish format-standard has-post-thumbnail category-feature category-noteworthy-achievement category-slider entry\" itemscope itemtype=\"http://schema.org/CreativeWork\"><header class=\"entry-header\"><h1 class=\"entry-title\" itemprop=\"headline\">ICS Alumnus Nithin Jilla\u2019s Nonprofit Inspires Students to Love STEM</h1> \n<p class=\"entry-meta\"><time class=\"entry-time\" itemprop=\"datePublished\" datetime=\"2019-05-15T14:37:34-07:00\">May 15, 2019</time> </p></header><div class=\"entry-content\" itemprop=\"text\">\n<p>Middle school students found ways\nto escape ghosts in The Silent Forest, battle monsters in Pyramid Escape, and avoid\nballoon-popping birds in Piggy Pop \u2014 the top three mobile app games at a <a href=\"https://www.appjamplus.org/2018/12/12/fall-2018-pylusd-showcase-finale-recap/\">2018\nAppJam+ showcase</a>.\nBut the students weren\u2019t merely playing the games \u2014 they had developed them through\n<a href=\"https://www.dreamsforschools.org/appjam/\">the AppJam+\nprogram</a>, part of the <a href=\"https://www.dreamsforschools.org/\">Dreams for Schools</a> organization founded by UCI alumnus <a href=\"https://www.linkedin.com/in/nithinjilla/\">Nithin Jilla</a> \u201913. \u201cThe whole experience is a crash course\nin mobile app development and computer coding, designed to get kids excited\nabout STEM, specifically computer science,\u201d says Jilla. \u201cIn creating their own\nmobile app video games, students are able to create something they see in their\neveryday lives and relate it back to how versatile knowledge in STEM can be.\u201d</p>\n\n\n\n<span id=\"more-2258\"></span>\n\n\n\n<p>Jilla and his team (also UCI alumni) are now preparing for the Spring 2019 <a href=\"https://www.dreamsforschools.org/showcase/\">AppJamboree events</a>, a series of four showcases highlighting student work from the latest 10-week program. Teams of up to five middle school students will be presenting their apps, which they built after learning the basics of coding from college mentors. With a total of 111 college students mentoring more than 500 students from 22 schools, this 2019 Spring cohort will be the largest one yet.</p>\n\n\n\n<p><strong>Making STEM Approachable and Accessible</strong><br>\nIt all started back in 2012 with just 43 students. At the time, Jilla was a\nthird-year computer science major in the Donald Bren School of Information and\nComputer Sciences (<a href=\"https://www.ics.uci.edu/\">ICS</a>). Through his work on the <a href=\"https://studentcouncil.ics.uci.edu/mission.html\">ICS\nStudent Council</a>,\nhe had helped develop events like UCI\u2019s <a href=\"https://www.medappjam.com/\">Med AppJam</a> to expose fellow students to mobile app\ndevelopment. So when the council was challenged with addressing\ngaps in STEM education in the K-12 space, Jilla was prepared. Working with\nAssistant Professor of Computer Science <a href=\"https://www.linkedin.com/in/shannonalfaro/\">Shannon Alfaro</a> and\nwith support from the <a href=\"https://www.samueli.org/\">Samueli Foundation</a>, he and his team\ndeveloped the first iteration of the <a href=\"https://www.appjamplus.org/\">AppJam+</a> middle school outreach\nprogram.</p>\n\n\n\n<p>\u201cDuring the first year, I was not only involved in developing it,\nbut I also played the role of a mentor and taught at the Tiger Woods Learning\nCenter in Anaheim,\u201d says Jilla. \u201cI enjoyed seeing the students be inspired and\nexcited about computer science.\u201d</p>\n\n\n\n<p>For the first few years, AppJam+ was a project incubated under the\n<a href=\"http://www.oc.ca.gov/supervisors/agenda/prop10/4a-12052012.pdf\">OC STEM\ninitiative</a> and UCI, but as it grew, \u201cwe began to forge our own\nvision with Dreams for Schools,\u201d explains Jilla. In 2016, Dreams for Schools\nbecame a 501c3 nonprofit organization focused on making STEM \u201capproachable and accessible for all,\u201d with AppJam+\nas its main outreach program.</p>\n\n\n\n<p><strong>Mentoring from ICS Students</strong><br>\nThe focus on mobile app development captures student interest, but another\ncritical element is the college-age instructors. \u201cOur mentorship model and ultimately the mentors are the\nlifeblood of the AppJam+ program,\u201d says Jilla. Working with local universities,\nincluding UCI, the program <a href=\"https://www.appjamplus.org/mentor/\">recruits\nstudents</a> from majors such as ICS and engineering to serve as AppJam+\nmentors. \u201cBy sharing their expertise and experiences they\u2019ve garnered through\ntheir time at UCI, they are giving the students they mentor a better picture of\npossible paths they can take in the future.\u201d</p>\n\n\n\n<figure class=\"wp-block-image\"><img src=\"http://www.cs.uci.edu/wp-content/cs/uploads/Jasmine-Kraemer-1024x683.jpg\" alt=\"\" class=\"wp-image-2259\" srcset=\"https://www.cs.uci.edu/wp-content/cs/uploads/Jasmine-Kraemer-1024x683.jpg 1024w, https://www.cs.uci.edu/wp-content/cs/uploads/Jasmine-Kraemer-300x200.jpg 300w, https://www.cs.uci.edu/wp-content/cs/uploads/Jasmine-Kraemer-768x512.jpg 768w\" sizes=\"(max-width: 1024px) 100vw, 1024px\" /><figcaption>UCI computer science major <a href=\"https://www.linkedin.com/in/jasdelgado/\" target=\"_blank\" rel=\"noopener noreferrer\">Jasmine Delgado</a> works with students at Kraemer Middle&nbsp;School during the\nFall 2018 AppJam+ program.</figcaption></figure>\n\n\n\n<p>One such mentor is second-year computer science\nmajor <a href=\"https://www.linkedin.com/in/chasecarnaroli/\">Chase Carnaroli</a>, who started coding in middle school after seeing a \u201cLearn to\nCode\u201d campaign, which inspired him to take the free Khan Academy <a href=\"https://www.khanacademy.org/computing/computer-science\">computer\nscience</a> course. After completing the online training, he was\nhooked on programing. Years later, when he learned about AppJam+ during his\nfreshman year of college, he thought it was a fantastic opportunity.</p>\n\n\n\n<p>\u201cWhen I was in middle school, there weren\u2019t any\nprograms like AppJam+. I had to learn everything on my own through various\nonline tutorials,\u201d he says. Now, as an AppJam+ mentor, he\u2019s helping to make\ncomputer science more accessible to middle school students. \u201cThe best part about AppJam+ is\nthat moment of excitement on the students\u2019 faces whenever they finally get a\nnew piece of code to work,\u201d he says. \u201cAs a mentor, it\u2019s such a great feeling to\nsee your students succeed and feel empowered by their new programming\nabilities.\u201d</p>\n\n\n\n<p>He adds that the experience has taught him how to be a\nmore effective communicator. \u201cBeing able to break down a topic into a simple\nand easy-to-understand manner is a skill that directly translates to working\nwith other groups \u2014 whether it be for class projects or with co-workers,\u201d he\nexplains. \u201cIt\u2019s amazing what you can learn while teaching others!\u201d</p>\n\n\n\n<p>Jilla agrees that AppJam+\nlearning is a two-way street. \u201cBoth our college mentors and our enrolled middle\nschool students gain technical experience creating apps and develop 21st\ncentury life skills such as creativity, critical thinking, technical literacy,\ncommunication and collaboration.\u201d</p>\n\n\n\n<p>In fact, Carnaroli credits the\nexperience with helping him earn a summer internship as a software engineer at\nKhan Academy. \u201cI am thrilled for the opportunity to work at the company that\noriginally inspired me to pursue a career in computer science,\u201d he says. \u201cThere\u2019s\nno doubt in my mind that the experience I gained from working with AppJam+\nhelped me land an internship with one of the most impactful education\nnonprofits in the world.\u201d</p>\n\n\n\n<p>Another student who has mentored for the program\nis <a href=\"https://www.linkedin.com/in/srivarsha-nandula/\">Srivarsha Nandula</a>, an ICS major graduating this spring. \u201cThe best part about\nmentoring the students is watching their excitement at the showcase when all of\ntheir hard work comes to life,\u201d she says. Based on feedback from at least one\nstudent, it seems Nandula\u2019s instruction ignited an interest that will continue well\nbeyond the 10-week program. \u201cOne of my students [told] me how she saw herself in the future\ncombining her interest in fashion with her newfound knowledge of CS to launch\nan app that would help people in fashion,\u201d says Nandula, who recently accepted\na full-time job as a program manager at Microsoft. \u201cShe thanked me for\ninspiring her, and it made me so proud to hear that I was able to make such a\nstrong and positive influence in her life.\u201d</p>\n\n\n\n<p>As Jilla stresses, these mentors\nserve as the \u201cfoundation\u201d for their teams. \u201cUltimately, they are the champions\nwho give these kids the confidence to rise up to the seemingly daunting task of\ndeveloping a mobile app.\u201d</p>\n\n\n\n<p><strong>Programming the Future<br>\n</strong>AppJam+ is now a regional program in both Orange County and Riverside, with\nplans to further expand across Southern California. In February, Dreams\nfor Schools received a <a href=\"https://www.meaf.org/images/uploads/documents/pr_03072019_MEAF_New_Grants.pdf\">M&gt;PWR\nInitiative</a> grant from the Mitsubishi Electric America Foundation, which\nsupports innovative approaches to help youth\nwith disabilities gain exposure to STEAM careers through hands-on experiences. Through\nthis partnership, Dreams for Schools is currently piloting an AppJam+ program\nspecifically for youth with disabilities and learning differences at two schools.\nThis is just part of the Dreams for Schools vision of \u201cprogramming the future\u201d\nby empowering students and educators with hands-on learning opportunities.</p>\n\n\n\n<p>\u201cWith technology where it\u2019s at\ntoday, virtually all jobs require some sort of STEM knowledge, specifically\ntechnical knowledge,\u201d says Jilla. According to <a href=\"https://www.usnews.com/news/best-countries/articles/2018-08-23/americans-think-they-have-a-shortage-of-stem-workers\">a\nsurvey conducted</a> last year, there is a serious shortage of STEM workers in\nthe U.S., creating a growing demand for engaging programs like AppJam+.</p>\n\n\n\n<p>\u201cEven if students ultimately\ndon\u2019t decide to enter into a STEM-focused career, STEM engagement provides the\nopportunity for kids to develop important soft skills like creativity,\nintellectual curiosity and problem solving.\u201d It was through his own study of\ncomputer science at UCI that Jilla says he learned \u201cthe importance of problem\nsolving and iterative processes, which have played a key role in how we approach\nthis program \u2014 evolving it every season \u2014 and focusing on helping solve the\nlarger challenge of integrating computer science education into STEM education\nearly.\u201d</p>\n\n\n\n<p>\u2014 <em>Shani Murray</em></p>\n<!--<rdf:RDF xmlns:rdf=\"http://www.w3.org/1999/02/22-rdf-syntax-ns#\"\n\t\t\txmlns:dc=\"http://purl.org/dc/elements/1.1/\"\n\t\t\txmlns:trackback=\"http://madskills.com/public/xml/rss/module/trackback/\">\n\t\t<rdf:Description rdf:about=\"https://www.cs.uci.edu/ics-alumnus-nithin-jillas-nonprofit-inspires-students-to-love-stem/\"\n    dc:identifier=\"https://www.cs.uci.edu/ics-alumnus-nithin-jillas-nonprofit-inspires-students-to-love-stem/\"\n    dc:title=\"ICS Alumnus Nithin Jilla\u2019s Nonprofit Inspires Students to Love STEM\"\n    trackback:ping=\"https://www.cs.uci.edu/ics-alumnus-nithin-jillas-nonprofit-inspires-students-to-love-stem/trackback/\" />\n</rdf:RDF>-->\n</div><footer class=\"entry-footer\"></footer></article><div class=\"adjacent-entry-pagination pagination\"><div class=\"pagination-previous alignleft\"><a href=\"https://www.cs.uci.edu/upcoming-symposium-on-cutting-edge-ai-biomedicine-research/\" rel=\"prev\">&#x000AB; Upcoming Symposium on Cutting-Edge AI &#038; Biomedicine Research</a></div><div class=\"pagination-next alignright\"><a href=\"https://www.cs.uci.edu/ics-students-win-best-web-app-at-hacksc/\" rel=\"next\">ICS Students Win Best Web App at HackSC &#x000BB;</a></div></div></main><aside class=\"sidebar sidebar-primary widget-area\" role=\"complementary\" aria-label=\"Primary Sidebar\" itemscope itemtype=\"http://schema.org/WPSideBar\">\t\t<section id=\"recent-posts-3\" class=\"widget widget_recent_entries\"><div class=\"widget-wrap\">\t\t<h4 class=\"widget-title widgettitle\">Latest news</h4>\n\t\t<ul>\n\t\t\t\t\t\t\t\t\t\t\t<li>\n\t\t\t\t\t<a href=\"https://www.cs.uci.edu/sangeetha-abdu-jyothi-attends-the-heidelberg-laureate-forum/\">Sangeetha Abdu Jyothi Attends the Heidelberg Laureate Forum</a>\n\t\t\t\t\t\t\t\t\t\t\t<span class=\"post-date\">October 8, 2019</span>\n\t\t\t\t\t\t\t\t\t</li>\n\t\t\t\t\t\t\t\t\t\t\t<li>\n\t\t\t\t\t<a href=\"https://www.cs.uci.edu/senior-spotlight-taneisha-arora-pursues-her-passions-from-working-in-industry-to-running-a-bakery/\">Senior Spotlight: Taneisha Arora Pursues Her Passions, From Working in Industry to Running a Bakery</a>\n\t\t\t\t\t\t\t\t\t\t\t<span class=\"post-date\">October 7, 2019</span>\n\t\t\t\t\t\t\t\t\t</li>\n\t\t\t\t\t\t\t\t\t\t\t<li>\n\t\t\t\t\t<a href=\"https://www.cs.uci.edu/ramesh-jain-wins-inaugural-ieee-tcmc-impact-award/\">Ramesh Jain Wins Inaugural IEEE TCMC Impact Award</a>\n\t\t\t\t\t\t\t\t\t\t\t<span class=\"post-date\">October 3, 2019</span>\n\t\t\t\t\t\t\t\t\t</li>\n\t\t\t\t\t\t\t\t\t\t\t<li>\n\t\t\t\t\t<a href=\"https://www.cs.uci.edu/uci-other-researchers-develop-deep-learning-technique-to-id-at-risk-anatomy-in-ct-scans/\">UCI, other researchers develop deep-learning technique to ID at-risk anatomy in CT scans</a>\n\t\t\t\t\t\t\t\t\t\t\t<span class=\"post-date\">October 2, 2019</span>\n\t\t\t\t\t\t\t\t\t</li>\n\t\t\t\t\t\t\t\t\t\t\t<li>\n\t\t\t\t\t<a href=\"https://www.cs.uci.edu/science-101-ai-solves-a-rubiks-cube-without-human-help-pierre-baldi-research-mentioned/\">Science 101: &#8220;AI solves a Rubik\u2019s cube without human help&#8221; (Pierre Baldi research mentioned)</a>\n\t\t\t\t\t\t\t\t\t\t\t<span class=\"post-date\">September 27, 2019</span>\n\t\t\t\t\t\t\t\t\t</li>\n\t\t\t\t\t</ul>\n\t\t</div></section>\n</aside></div></div><footer class=\"site-footer\" itemscope itemtype=\"http://schema.org/WPFooter\"><div class=\"wrap\">\t\t\t<div class=\"group\">\n\n\t\t\t\t<div id=\"bren\">\n\t\t\t\t\t\t<a href=\"http://www.ics.uci.edu/\"><img src=\"//www.cs.uci.edu//wp-content/cs/uploads/DBren_InfoCompSc_logo-UPDATED.png\"></a>\n\t\t\t\t</div>\n\n\t\t\t\t<div class=\"footer-info\">\n\t\t\t\t\t<UL>\n\t\t\t\t\t   <LI>&copy; 2019 UC Regents</LI>\n\t\t\t\t\t   <LI><A HREF=\"mailto:communications@ics.uci.edu\">Feedback</A></LI>\n\t\t\t\t\t   <LI><A HREF=\"http://uci.edu/privacy/\">Privacy Policy</A></LI>\n\t\t\t\t\t</UL>\n\t\t\t\t</div><!-- .footer-info -->\n\n\t\t\t</div>\n\t</div></footer></div><script type='text/javascript'>\nvar colomatduration = 'fast';\nvar colomatslideEffect = 'slideFade';\n</script>\t\t<script>\n\t\t( function ( body ) {\n\t\t\t'use strict';\n\t\t\tbody.className = body.className.replace( /\\btribe-no-js\\b/, 'tribe-js' );\n\t\t} )( document.body );\n\t\t</script>\n\t\t<script>\n  (function(i,s,o,g,r,a,m){i['GoogleAnalyticsObject']=r;i[r]=i[r]||function(){\n  (i[r].q=i[r].q||[]).push(arguments)},i[r].l=1*new Date();a=s.createElement(o),\n  m=s.getElementsByTagName(o)[0];a.async=1;a.src=g;m.parentNode.insertBefore(a,m)\n  })(window,document,'script','https://www.google-analytics.com/analytics.js','ga');\n\n  ga('create', 'UA-605898-2', 'auto');\n  ga('send', 'pageview');\n\n</script>\n<script type='text/javascript'>jQuery(document).ready(function($) {$(\".flexslider\").flexslider({controlsContainer: \"#genesis-responsive-slider\",animation: \"fade\",directionNav: 0,controlNav: 1,animationDuration: 1000,slideshowSpeed: 10000    });  });</script><script> /* <![CDATA[ */var tribe_l10n_datatables = {\"aria\":{\"sort_ascending\":\": activate to sort column ascending\",\"sort_descending\":\": activate to sort column descending\"},\"length_menu\":\"Show _MENU_ entries\",\"empty_table\":\"No data available in table\",\"info\":\"Showing _START_ to _END_ of _TOTAL_ entries\",\"info_empty\":\"Showing 0 to 0 of 0 entries\",\"info_filtered\":\"(filtered from _MAX_ total entries)\",\"zero_records\":\"No matching records found\",\"search\":\"Search:\",\"all_selected_text\":\"All items on this page were selected. \",\"select_all_link\":\"Select all pages\",\"clear_selection\":\"Clear Selection.\",\"pagination\":{\"all\":\"All\",\"next\":\"Next\",\"previous\":\"Previous\"},\"select\":{\"rows\":{\"0\":\"\",\"_\":\": Selected %d rows\",\"1\":\": Selected 1 row\"}},\"datepicker\":{\"dayNames\":[\"Sunday\",\"Monday\",\"Tuesday\",\"Wednesday\",\"Thursday\",\"Friday\",\"Saturday\"],\"dayNamesShort\":[\"Sun\",\"Mon\",\"Tue\",\"Wed\",\"Thu\",\"Fri\",\"Sat\"],\"dayNamesMin\":[\"S\",\"M\",\"T\",\"W\",\"T\",\"F\",\"S\"],\"monthNames\":[\"January\",\"February\",\"March\",\"April\",\"May\",\"June\",\"July\",\"August\",\"September\",\"October\",\"November\",\"December\"],\"monthNamesShort\":[\"January\",\"February\",\"March\",\"April\",\"May\",\"June\",\"July\",\"August\",\"September\",\"October\",\"November\",\"December\"],\"nextText\":\"Next\",\"prevText\":\"Prev\",\"currentText\":\"Today\",\"closeText\":\"Done\"}};/* ]]> */ </script><script type='text/javascript' src='https://www.cs.uci.edu/wp-content/cs/plugins/jquery-collapse-o-matic/js/collapse.js?ver=1.6.5'></script>\n<script type='text/javascript' src='https://www.cs.uci.edu/wp-content/cs/plugins/genesis-responsive-slider/js/jquery.flexslider.js?ver=0.9.5'></script>\n<script type='text/javascript' src='https://www.cs.uci.edu/wp-includes/js/wp-embed.min.js?ver=5.2.3'></script>\n</body></html>\r\n", "encoding": "utf-8"}