{"url": "https://www.cs.uci.edu/events-page/computer-science-seminar-series/", "content": "<!DOCTYPE html>\n<html lang=\"en-US\">\n<head >\n<meta charset=\"UTF-8\" />\n<title>Computer Science Seminar Series</title>\t\t<meta name=\"robots\" content=\"noodp,noydir\" />\n\t\t<meta name=\"viewport\" content=\"width=device-width, initial-scale=1\" />\n\n\t\t<style type=\"text/css\">\n\t\t\t.slide-excerpt { width: 50%; }\n\t\t\t.slide-excerpt { bottom: 0; }\n\t\t\t.slide-excerpt { left: 0; }\n\t\t\t.flexslider { max-width: 1180px; max-height: 340px; }\n\t\t\t.slide-image { max-height: 340px; }\n\t\t</style>\n\t\t<style type=\"text/css\">\n\t\t\t@media only screen\n\t\t\tand (min-device-width : 320px)\n\t\t\tand (max-device-width : 480px) {\n\t\t\t\t.slide-excerpt { display: none !important; }\n\t\t\t}\n\t\t</style> <link rel='dns-prefetch' href='//fonts.googleapis.com' />\n<link rel='dns-prefetch' href='//s.w.org' />\n<link rel=\"alternate\" type=\"application/rss+xml\" title=\"Department of Computer Science - Donald Bren School of Information &amp; Computer Sciences &raquo; Feed\" href=\"https://www.cs.uci.edu/feed/\" />\n<link rel=\"alternate\" type=\"application/rss+xml\" title=\"Department of Computer Science - Donald Bren School of Information &amp; Computer Sciences &raquo; Comments Feed\" href=\"https://www.cs.uci.edu/comments/feed/\" />\n<link rel=\"alternate\" type=\"text/calendar\" title=\"Department of Computer Science - Donald Bren School of Information &amp; Computer Sciences &raquo; iCal Feed\" href=\"https://www.cs.uci.edu/events/?ical=1\" />\n<link rel=\"canonical\" href=\"https://www.cs.uci.edu/events-page/computer-science-seminar-series/\" />\n\t\t<script type=\"text/javascript\">\n\t\t\twindow._wpemojiSettings = {\"baseUrl\":\"https:\\/\\/s.w.org\\/images\\/core\\/emoji\\/12.0.0-1\\/72x72\\/\",\"ext\":\".png\",\"svgUrl\":\"https:\\/\\/s.w.org\\/images\\/core\\/emoji\\/12.0.0-1\\/svg\\/\",\"svgExt\":\".svg\",\"source\":{\"concatemoji\":\"https:\\/\\/www.cs.uci.edu\\/wp-includes\\/js\\/wp-emoji-release.min.js?ver=5.2.3\"}};\n\t\t\t!function(a,b,c){function d(a,b){var c=String.fromCharCode;l.clearRect(0,0,k.width,k.height),l.fillText(c.apply(this,a),0,0);var d=k.toDataURL();l.clearRect(0,0,k.width,k.height),l.fillText(c.apply(this,b),0,0);var e=k.toDataURL();return d===e}function e(a){var b;if(!l||!l.fillText)return!1;switch(l.textBaseline=\"top\",l.font=\"600 32px Arial\",a){case\"flag\":return!(b=d([55356,56826,55356,56819],[55356,56826,8203,55356,56819]))&&(b=d([55356,57332,56128,56423,56128,56418,56128,56421,56128,56430,56128,56423,56128,56447],[55356,57332,8203,56128,56423,8203,56128,56418,8203,56128,56421,8203,56128,56430,8203,56128,56423,8203,56128,56447]),!b);case\"emoji\":return b=d([55357,56424,55356,57342,8205,55358,56605,8205,55357,56424,55356,57340],[55357,56424,55356,57342,8203,55358,56605,8203,55357,56424,55356,57340]),!b}return!1}function f(a){var c=b.createElement(\"script\");c.src=a,c.defer=c.type=\"text/javascript\",b.getElementsByTagName(\"head\")[0].appendChild(c)}var g,h,i,j,k=b.createElement(\"canvas\"),l=k.getContext&&k.getContext(\"2d\");for(j=Array(\"flag\",\"emoji\"),c.supports={everything:!0,everythingExceptFlag:!0},i=0;i<j.length;i++)c.supports[j[i]]=e(j[i]),c.supports.everything=c.supports.everything&&c.supports[j[i]],\"flag\"!==j[i]&&(c.supports.everythingExceptFlag=c.supports.everythingExceptFlag&&c.supports[j[i]]);c.supports.everythingExceptFlag=c.supports.everythingExceptFlag&&!c.supports.flag,c.DOMReady=!1,c.readyCallback=function(){c.DOMReady=!0},c.supports.everything||(h=function(){c.readyCallback()},b.addEventListener?(b.addEventListener(\"DOMContentLoaded\",h,!1),a.addEventListener(\"load\",h,!1)):(a.attachEvent(\"onload\",h),b.attachEvent(\"onreadystatechange\",function(){\"complete\"===b.readyState&&c.readyCallback()})),g=c.source||{},g.concatemoji?f(g.concatemoji):g.wpemoji&&g.twemoji&&(f(g.twemoji),f(g.wpemoji)))}(window,document,window._wpemojiSettings);\n\t\t</script>\n\t\t<style type=\"text/css\">\nimg.wp-smiley,\nimg.emoji {\n\tdisplay: inline !important;\n\tborder: none !important;\n\tbox-shadow: none !important;\n\theight: 1em !important;\n\twidth: 1em !important;\n\tmargin: 0 .07em !important;\n\tvertical-align: -0.1em !important;\n\tbackground: none !important;\n\tpadding: 0 !important;\n}\n</style>\n\t<link rel='stylesheet' id='genesis-sample-theme-css'  href='https://www.cs.uci.edu/wp-content/cs/themes/genesis-cs-retry/style.css?ver=2.1.2' type='text/css' media='all' />\n<link rel='stylesheet' id='wp-block-library-css'  href='https://www.cs.uci.edu/wp-includes/css/dist/block-library/style.min.css?ver=5.2.3' type='text/css' media='all' />\n<link rel='stylesheet' id='feedzy-rss-feeds-css'  href='https://www.cs.uci.edu/wp-content/cs/plugins/feedzy-rss-feeds/css/feedzy-rss-feeds.css?ver=3.3.2' type='text/css' media='all' />\n<link rel='stylesheet' id='collapseomatic-css-css'  href='https://www.cs.uci.edu/wp-content/cs/plugins/jquery-collapse-o-matic/light_style.css?ver=1.6' type='text/css' media='all' />\n<link rel='stylesheet' id='google-fonts-css'  href='//fonts.googleapis.com/css?family=Lato%3A300%2C400%2C700&#038;ver=2.1.2' type='text/css' media='all' />\n<link rel='stylesheet' id='slider_styles-css'  href='https://www.cs.uci.edu/wp-content/cs/plugins/genesis-responsive-slider/style.css?ver=0.9.5' type='text/css' media='all' />\n<script type='text/javascript' src='https://www.cs.uci.edu/wp-includes/js/jquery/jquery.js?ver=1.12.4-wp'></script>\n<script type='text/javascript' src='https://www.cs.uci.edu/wp-includes/js/jquery/jquery-migrate.min.js?ver=1.4.1'></script>\n<!--[if lt IE 9]>\n<script type='text/javascript' src='https://www.cs.uci.edu/wp-content/cs/themes/genesis/lib/js/html5shiv.min.js?ver=3.7.3'></script>\n<![endif]-->\n<script type='text/javascript' src='https://www.cs.uci.edu/wp-content/cs/themes/genesis-cs-retry/js/jquery.collapse.js?ver=5.2.3'></script>\n<link rel='https://api.w.org/' href='https://www.cs.uci.edu/wp-json/' />\n<link rel=\"EditURI\" type=\"application/rsd+xml\" title=\"RSD\" href=\"https://www.cs.uci.edu/xmlrpc.php?rsd\" />\n<link rel=\"alternate\" type=\"application/json+oembed\" href=\"https://www.cs.uci.edu/wp-json/oembed/1.0/embed?url=https%3A%2F%2Fwww.cs.uci.edu%2Fevents-page%2Fcomputer-science-seminar-series%2F\" />\n<link rel=\"alternate\" type=\"text/xml+oembed\" href=\"https://www.cs.uci.edu/wp-json/oembed/1.0/embed?url=https%3A%2F%2Fwww.cs.uci.edu%2Fevents-page%2Fcomputer-science-seminar-series%2F&#038;format=xml\" />\n<meta name=\"tec-api-version\" content=\"v1\"><meta name=\"tec-api-origin\" content=\"https://www.cs.uci.edu\"><link rel=\"https://theeventscalendar.com/\" href=\"https://www.cs.uci.edu/wp-json/tribe/events/v1/\" /><link rel=\"icon\" href=\"https://www.cs.uci.edu/wp-content/cs/themes/genesis-cs-retry/images/favicon.ico\" />\n<link rel=\"pingback\" href=\"https://www.cs.uci.edu/xmlrpc.php\" />\n\t\t<style type=\"text/css\" id=\"wp-custom-css\">\n\t\t\t.job-ops .name{\n\twidth:53% !important;\n\tfont-size:.95em !important;\n\tline-height:1.5em !important;\n}\n.job-ops .job-number{\n\twidth:23% !important;\n\tfont-size:.75em !important;\n}\n.job-ops .submission-dates{\n\twidth:53% !important;\n\tfont-size:.95em !important;\n\tline-height:1.5em !important;\n}\n\n.people_table img{\n\twidth:150px;\n}\n\n.apply-now-btn{\n\tborder:1px solid #ffffff;\n\tborder-radius:3px;\n\tpadding:7px 15px 7px 15px;\n}\n.undergrad-tbl td{padding:10px;}\n.staffcsl-tbl td{padding:10px;}\n\n\n.rss_header { display: none;}\t\t</style>\n\t\t</head>\n<body class=\"page-template-default page page-id-1631 page-child parent-pageid-1383 tribe-no-js header-image content-sidebar elementor-default\" itemscope itemtype=\"http://schema.org/WebPage\"><div class=\"site-container\"><header class=\"site-header\" itemscope itemtype=\"http://schema.org/WPHeader\"><div class=\"wrap\"><div class=\"title-area\"><h1 class=\"site-title\">\n\n      <div id='dept_header'>\n\n         <a id='dept_link' href='http://www.cs.uci.edu/' TITLE='Department of Computer Science in the Donald Bren School of Information and Computer Sciences @ UC Irvine'></a>\n\n         <a id='uci_link' href='http://www.uci.edu/' TITLE='University of California, Irvine'></a>\n\n         <a id='school_link' href='http://www.ics.uci.edu/' TITLE='Donald Bren School of Information and Computer Sciences'></a>\n\n      </div>\n\n   </h1></div><div class=\"widget-area header-widget-area\"><section id=\"search-4\" class=\"widget widget_search\"><div class=\"widget-wrap\"><form class=\"search-form\" itemprop=\"potentialAction\" itemscope itemtype=\"http://schema.org/SearchAction\" method=\"get\" action=\"https://www.cs.uci.edu/\" role=\"search\"><meta itemprop=\"target\" content=\"https://www.cs.uci.edu/?s={s}\"/><input itemprop=\"query-input\" type=\"search\" name=\"s\" placeholder=\"Search this site...\" /><input type=\"submit\" value=\"Search\"  /></form></div></section>\n</div></div></header><nav class=\"nav-primary\" itemscope itemtype=\"http://schema.org/SiteNavigationElement\"><div class=\"wrap\"><ul id=\"menu-header-menu\" class=\"menu genesis-nav-menu menu-primary\"><li id=\"menu-item-17\" class=\"menu-item menu-item-type-post_type menu-item-object-page menu-item-has-children menu-item-17\"><a href=\"https://www.cs.uci.edu/about-the-department/\" itemprop=\"url\"><span itemprop=\"name\">Explore</span></a>\n<ul class=\"sub-menu\">\n\t<li id=\"menu-item-58\" class=\"menu-item menu-item-type-post_type menu-item-object-page menu-item-58\"><a href=\"https://www.cs.uci.edu/contact/\" itemprop=\"url\"><span itemprop=\"name\">Contact Us</span></a></li>\n</ul>\n</li>\n<li id=\"menu-item-16\" class=\"menu-item menu-item-type-post_type menu-item-object-page menu-item-16\"><a href=\"https://www.cs.uci.edu/faculty/\" itemprop=\"url\"><span itemprop=\"name\">Faculty</span></a></li>\n<li id=\"menu-item-18\" class=\"menu-item menu-item-type-custom menu-item-object-custom menu-item-has-children menu-item-18\"><a href=\"#\" itemprop=\"url\"><span itemprop=\"name\">Research</span></a>\n<ul class=\"sub-menu\">\n\t<li id=\"menu-item-2407\" class=\"menu-item menu-item-type-post_type menu-item-object-page menu-item-2407\"><a href=\"https://www.cs.uci.edu/cs-research-areas/\" itemprop=\"url\"><span itemprop=\"name\">Research Areas</span></a></li>\n\t<li id=\"menu-item-50\" class=\"menu-item menu-item-type-post_type menu-item-object-page menu-item-50\"><a href=\"https://www.cs.uci.edu/research-centers/\" itemprop=\"url\"><span itemprop=\"name\">Research Centers</span></a></li>\n</ul>\n</li>\n<li id=\"menu-item-370\" class=\"menu-item menu-item-type-custom menu-item-object-custom menu-item-has-children menu-item-370\"><a href=\"#\" itemprop=\"url\"><span itemprop=\"name\">Graduate Degrees</span></a>\n<ul class=\"sub-menu\">\n\t<li id=\"menu-item-372\" class=\"menu-item menu-item-type-post_type menu-item-object-page menu-item-372\"><a href=\"https://www.cs.uci.edu/graduate-computer-science-programs/\" itemprop=\"url\"><span itemprop=\"name\">Computer Science Programs</span></a></li>\n\t<li id=\"menu-item-371\" class=\"menu-item menu-item-type-post_type menu-item-object-page menu-item-371\"><a href=\"https://www.cs.uci.edu/current-graduate-students/\" itemprop=\"url\"><span itemprop=\"name\">Current Graduate Students</span></a></li>\n</ul>\n</li>\n<li id=\"menu-item-1915\" class=\"menu-item menu-item-type-post_type menu-item-object-page menu-item-1915\"><a href=\"https://www.cs.uci.edu/undergraduate-programs/\" itemprop=\"url\"><span itemprop=\"name\">Undergraduate Degrees</span></a></li>\n<li id=\"menu-item-1382\" class=\"menu-item menu-item-type-custom menu-item-object-custom menu-item-has-children menu-item-1382\"><a href=\"#\" itemprop=\"url\"><span itemprop=\"name\">News  &#038; Events</span></a>\n<ul class=\"sub-menu\">\n\t<li id=\"menu-item-1688\" class=\"menu-item menu-item-type-custom menu-item-object-custom menu-item-1688\"><a href=\"/news\" itemprop=\"url\"><span itemprop=\"name\">News</span></a></li>\n\t<li id=\"menu-item-1423\" class=\"menu-item menu-item-type-custom menu-item-object-custom menu-item-1423\"><a href=\"/events/computer-science-seminar-series/\" itemprop=\"url\"><span itemprop=\"name\">Seminar Series</span></a></li>\n\t<li id=\"menu-item-1655\" class=\"menu-item menu-item-type-custom menu-item-object-custom menu-item-1655\"><a href=\"/events/distinguished-lecture-series/\" itemprop=\"url\"><span itemprop=\"name\">Distinguished Lecture Series</span></a></li>\n\t<li id=\"menu-item-1442\" class=\"menu-item menu-item-type-custom menu-item-object-custom menu-item-1442\"><a href=\"/event/2017-computer-science-research-showcase/\" itemprop=\"url\"><span itemprop=\"name\">Research Showcase</span></a></li>\n</ul>\n</li>\n<li id=\"menu-item-1873\" class=\"menu-item menu-item-type-custom menu-item-object-custom menu-item-has-children menu-item-1873\"><a href=\"#\" itemprop=\"url\"><span itemprop=\"name\"><span class=\"apply-now-btn\">Apply Now</span></span></a>\n<ul class=\"sub-menu\">\n\t<li id=\"menu-item-1875\" class=\"menu-item menu-item-type-custom menu-item-object-custom menu-item-1875\"><a target=\"_blank\" rel=\"noopener noreferrer\" href=\"https://www.admissions.uci.edu/apply/index.php\" itemprop=\"url\"><span itemprop=\"name\">Undergraduate Admissions</span></a></li>\n\t<li id=\"menu-item-1874\" class=\"menu-item menu-item-type-custom menu-item-object-custom menu-item-1874\"><a target=\"_blank\" rel=\"noopener noreferrer\" href=\"https://apply.grad.uci.edu/apply/\" itemprop=\"url\"><span itemprop=\"name\">Graduate Admissions</span></a></li>\n\t<li id=\"menu-item-1927\" class=\"menu-item menu-item-type-post_type menu-item-object-page menu-item-1927\"><a href=\"https://www.cs.uci.edu/job-opportunities/\" itemprop=\"url\"><span itemprop=\"name\">Faculty Candidates</span></a></li>\n</ul>\n</li>\n</ul></div></nav><div class=\"site-inner\"><div class=\"content-sidebar-wrap\"><main class=\"content\"><article class=\"post-1631 page type-page status-publish entry\" itemscope itemtype=\"http://schema.org/CreativeWork\"><header class=\"entry-header\"><h1 class=\"entry-title\" itemprop=\"headline\">Computer Science Seminar Series</h1> \n</header><div class=\"entry-content\" itemprop=\"text\"><p>Unless otherwise noted, all seminars will take place in the 6th floor conference room of Donald Bren Hall (DBH 6011). Refreshments will be served at 10:50am, and the seminar talks will run from 11:00am until noon.</p>\n<p>For additional information, please contact CS Seminar Administrative Coordinator, Mare Stasik, at <a href=\"mailto:mstasik@ics.uci.edu\">mstasik@ics.uci.edu</a> or (949) 824-7651.</p>\n<div class=\"collapseomatic \" id=\"id7257\"  tabindex=\"\" title=\"</p>\n<h3>Fall 2018 Seminars</h3>\n<p>\"    ></p>\n<h3>Fall 2018 Seminars</h3>\n<p></div><div id=\"target-id7257\" class=\"collapseomatic_content \">\n<p>September 28, 2018<br />\n<strong>Alfred Chen</strong><br />\n<em>Assistant Professor, Computer Science, UC Irvine</em><br />\n<a href=\"http://www.cs.uci.edu/cs-seminar-series-prof-qi-alfred-chen-uc-irvine-ghost-cars-and-fake-obstacles-automated-security-analysis-of-self-driving-car-and-smart-traffic-light-systems/\">&#8220;Ghost Cars and Fake Obstacles: Automated Security Analysis of Self-driving Car and Smart Traffic Light Systems&#8221;</a><br />\nHost:\u00a0Ardalan Amiri Sani</p>\n<p>October 5, 2018<br />\n<strong>Sang-Woo Jun<br />\n</strong><em>Assistant Professor, Computer Science, UC Irvine</em><strong><br />\n</strong><a href=\"https://www.cs.uci.edu/events/seminar-series/?seminar_id=157\">&#8220;Cheaper, faster computers: Affordable Big Data analytics using hardware accelerators and NVM storage&#8221;</a><br />\nHost:\u00a0Ardalan Amiri Sani</p>\n<p>October 12, 2018<br />\n<strong>Maliheh Shirvanian</strong><br />\n<em>Visa Research</em><br />\n<a href=\"https://www.cs.uci.edu/events/seminar-series/?seminar_id=158\">Device Enhanced Authentication: Passwords and Second Factors Abstract/Bio</a><br />\nHost: Qi Alfred Chen</p>\n<p>October 19,2018<br />\n<strong>Distinguished Speaker: Bill Gropp<br />\n</strong>University of Illinois, Urbana-Champaign<strong><br />\n</strong><a href=\"https://www.cs.uci.edu/events/seminar-series/?seminar_id=159\">&#8220;Challenges in Programming Extreme Scale Systems&#8221;</a><br />\nHosts:\u00a0Alex Veidenbaum &amp; Eric Mjolsness</p>\n<p>October 26, 2018<br />\n<strong>Daniel Marino<br />\n</strong>Symantec Research Labs<br />\n<a href=\"https://www.cs.uci.edu/events/seminar-series/?seminar_id=160\">&#8220;Observing Cyber Threats in New Habitats&#8221;</a><br />\nHost: NetSys/Prof. Athina Markopoulou</p>\n<p>November 2, 2018<br />\n<strong>Sushant Jain<br />\n</strong>Google Inc.<br />\n<a href=\"http://www.cs.uci.edu/cs-seminar-series-sushant-jain-google-large-scale-and-low-latency-data-distribution-from-database-to-servers/\">&#8220;Large scale and low latency data distribution from database to servers&#8221;</a><br />\nHost: Sharad Mehrotra<br />\n<em>Joint talk with ISG</em></p>\n<p>November 9, 2018<br />\n<strong>Tara Javidi<br />\n</strong><a href=\"https://www.cs.uci.edu/events/seminar-series/?seminar_id=161\">&#8220;Fundamental Limits of Active Learning and Optimization for Next Generation Wireless&#8221;</a><strong><br />\n</strong>University of California San Diego<br />\nHost: NetSys/Ender</p>\n<p>November 16, 2018<br />\n<strong>Distinguished speaker series: Les Valiant &#8211; ACO</strong><br />\n<a href=\"#\"><em>What Needs to be Added to Machine Learning?</em></a><br />\nHost:\u00a0Vijay Vazirani</p>\n<p>November 30. 2018<br />\n<strong>Atilla Eryilmaz</strong><br />\nOregon State University<br />\nHost:\u00a0NetSys/Ender</p>\n<p>December 7, 2018<br />\n<strong>Chenghsin Hsu</strong><br />\nHost:\u00a0NetSys/Nalini</p>\n</div>\n<div class=\"collapseomatic \" id=\"id6375\"  tabindex=\"\" title=\"</p>\n<h3>Spring 2018 Seminars</h3>\n<p>\"    ></p>\n<h3>Spring 2018 Seminars</h3>\n<p></div><div id=\"target-id6375\" class=\"collapseomatic_content \">\n<p>April 6, 2018<br />\n<b>Ayfer Ozgur</b><br />\nStanford University<i><br />\n</i><em><a href=\"/events/seminar-series/?seminar_id=147\">A Communication-Theoretic Perspective on the IoT</a></em><a href=\"/events/seminar-series/?seminar_id=147\"><br />\n</a>Host: Ender Ayanoglu</p>\n<p>April 13, 2018<br />\n<b>Jeannette Wing</b><br />\n<i>Columbia University<br />\n</i><a href=\"/events/seminar-series/?seminar_id=148\"><em>Data For Good</em></a><br />\nHost: Nalini Venkatasubramanian</p>\n<p>April 20, 2018<br />\n<b>Smita Bakshi</b><br />\nzyBooks<i><br />\n</i><a href=\"/events/seminar-series/?seminar_id=149\"><em>Improving CS education using web-based interactive technology</em></a><br />\nHost: Sandy Irani</p>\n<p>April 27, 2018<br />\n<b>Vivek Tiwari</b><br />\nIntel Corporation<br />\n<em><a href=\"/events/seminar-series/?seminar_id=155\">Power Challenges in the Smart, Connected World</a> (aka Why haven&#8217;t we have solved the Power problem yet!)</em><br />\nHost: Nikil Dutt</p>\n<p>May 4, 2018<br />\n<b>Trevor Mudge</b><br />\nUniversity of Michigan<i><br />\n</i><em><a href=\"/events/seminar-series/?seminar_id=150\">The Explosion in Neural Network Chips</a><a href=\"/events/seminar-series/?seminar_id=150\"><br />\n</a></em>Hosts: Alex Veidenbaum, Alex Nicolau, and Marios Papaefthymiou</p>\n<p>May 11, 2018<br />\n<b>Tom Anderson</b><br />\nUniversity of Washington<br />\n<em>High Performance Operating Systems in the Data Center\u00a0</em><br />\nHost: Ardalan Amiri Sani</p>\n<p>June 1, 2018<br />\n<b>C. Mohan</b><br />\nIBM Almaden Research Center<i><br />\n</i><a href=\"/events/seminar-series/?seminar_id=153\"><em>Blockchains Untangled: Public, Private, Smart Contracts, Applications, Issues</em></a><br />\nHost: Mike Carey</p>\n<p>June 8, 2018<br />\n<strong>Scott Jordan<br />\n</strong>UC Irvine<br />\n<em>Intersections between Information Technology and Public Policy</em></p>\n<p><b> <em>(Cancelled for June 8)\u00a0</em>Elizabeth Belding</b><br />\n<i>University of California, Santa Barbara<br />\n</i>Expanding Internet Access through Opportunistic Networking<br />\nHost: Ender Ayanoglu</p>\n</div>\n<div class=\"collapseomatic \" id=\"id3302\"  tabindex=\"\" title=\"</p>\n<h3>Winter 2018 Seminars</h3>\n<p>\"    ></p>\n<h3>Winter 2018 Seminars</h3>\n<p></div><div id=\"target-id3302\" class=\"collapseomatic_content \">\n<p>January 12, 2018<br />\n<b>Juan Colmenares</b><br />\n<i>Samsung Research<br />\n</i>Ingestion, Indexing and Retrieval of High-Velocity Multidimensional Sensor Data on a Single Node<br />\n<a href=\"/events/seminar-series/?seminar_id=135\"> Abstract/Bio </a><br />\nHost: Ardalan Amiri Sani</p>\n<p>January 26, 2018<br />\n<b>Eytan Modiano</b><br />\nMassachusetts Institute of TechnologyOptimal Stochastic Control for Generalized Network Flow Problems<br />\n<a href=\"/events/seminar-series/?seminar_id=136\"> Abstract/Bio </a><br />\nHost: Ender Ayanoglu</p>\n<p>February 2, 2018<br />\n<b>Xu Liu</b><br />\nCollege of William and Mary<br />\nSqueezing Software Performance via Eliminating Wasteful Memory Operations<br />\n<a href=\"/events/seminar-series/?seminar_id=137\"> Abstract/Bio </a><br />\nHost: Harry Xu</p>\n<p>February 8, 2018<br />\n<b>Divesh Srivastava<br />\n</b><i>AT&amp;T Labs-Research<br />\n</i>Repairing noisy graphs<br />\n<a href=\"/events/seminar-series/?seminar_id=145\"> Abstract/Bio </a></p>\n<p>February 9, 2018<br />\n<b>Ender Ayanoglu</b><br />\nUniversity of California, Irvine<br />\nFifth Generation Cellular Wireless: What to Expect<br />\n<a href=\"/events/seminar-series/?seminar_id=138\"> Abstract/Bio </a></p>\n<p>February 16, 2018<br />\n<b>Miryung Kim</b><br />\nUniversity of California, Los Angeles<br />\nInteractive and Automated Debugging for Big Data Analytics<br />\n<a href=\"/events/seminar-series/?seminar_id=139\"> Abstract/Bio </a><br />\nHost: Cristina Videira Lopes</p>\n<p>February 23, 2018<br />\n<b>Manuel Blum</b><br />\nCarnegie Mellon University<br />\nA Computer Architecture Inspired by Neuroscience, with suggestions for the design of a Conscious AI<br />\n<a href=\"/events/seminar-series/?seminar_id=146\"> Abstract/Bio </a><br />\nHost: Vijay Vazirani</p>\n<p>March 2, 2018<br />\n<b>Xin Liu</b><br />\nUniversity of California, Davis<br />\nData-Driven Approach in Networking<br />\n<a href=\"/events/seminar-series/?seminar_id=140\"> Abstract/Bio </a><br />\nHost: Scott Jordan</p>\n<p>March 2, 2018<br />\n<b>Xiangyu Zhang</b><br />\nPurdue University<br />\nHost: Harry Xu</p>\n<p>March 16, 2018<br />\n<b>Atanas Rountev</b><br />\nOhio State University<br />\nStatic Analysis for Android: GUIs, Callbacks, and Beyond<br />\n<a href=\"/events/seminar-series/?seminar_id=142\"> Abstract/Bio </a><br />\nHost: Sam Malek</p>\n</div>\n<div class=\"collapseomatic \" id=\"id4890\"  tabindex=\"\" title=\"</p>\n<h3>Fall 2017 Seminars</h3>\n<p>\"    ></p>\n<h3>Fall 2017 Seminars</h3>\n<p></div><div id=\"target-id4890\" class=\"collapseomatic_content \">\n<p>October 13, 2017<br />\n<b>Shaolei Ren</b><br />\nUniversity of California, Riverside<br />\n<em>Power Attacks in Multi-Tenant Data Centers: Threat and Defense</em><br />\n<a href=\"/events/seminar-series/?seminar_id=128\"> Abstract/Bio </a><br />\nHost: Ender Ayanoglu</p>\n<p>October 20, 2017<br />\n<b>Erik Sudderth</b><br />\nUniversity of California, Irvine<br />\n<em>Diverse Particle Selection for High-Dimensional Inference in Graphical Models</em><br />\n<a href=\"/events/seminar-series/?seminar_id=129\"> Abstract/Bio </a><br />\nHost: Ardalan Amiri Sani</p>\n<p>October 27, 2017<br />\n<b>Adnan Darwiche</b><br />\nUniversity of California, Los Angeles<br />\n<em>What Just Happened in AI</em><a href=\"/events/seminar-series/?seminar_id=130\"><br />\nAbstract/Bio </a><br />\nHosts: Padhraic Smyth &amp; Rina Dechter</p>\n<p>November 2, 2017<br />\n<b>Scott Mahlke</b><br />\nUniversity of Michigan<br />\n<em>Approximate Computing is Easy if You Don&#8217;t Care about Output Quality</em><br />\n<a href=\"/events/seminar-series/?seminar_id=131\"> Abstract/Bio </a><br />\nHost: Alex Nicolau</p>\n<p>November 17, 2017<br />\n<b>Mathias Payer</b><br />\nPurdue University<br />\n<em>Memory Corruption: Why Protection is Hard</em><a href=\"/events/seminar-series/?seminar_id=132\"><br />\nAbstract/Bio </a><br />\nHost: Michael Franz</p>\n<p>November 21, 2017<br />\n<b>Yiying Zhang</b><br />\nPurdue University<br />\n<em>Remote and Distributed Memory in the Age of Modern Datacenters</em><br />\n<a href=\"/events/seminar-series/?seminar_id=143\"> Abstract/Bio </a></p>\n<p>December 1, 2017<br />\n<b>Lixia Zhang</b><br />\nUniversity of California, Los Angeles<br />\n<em>Developing a new Internet architecture: Named Data Networking</em><br />\n<a href=\"/events/seminar-series/?seminar_id=133\"> Abstract/Bio </a><br />\nHost: Ender Ayanoglu</p>\n<p>December 8, 2017<br />\n<b>Jacob Chakareski</b><br />\n<em>University of AlabamaDrone IoT Networks for Virtual Human Teleportation</em><br />\n<a href=\"/events/seminar-series/?seminar_id=134\"> Abstract/Bio </a><br />\nHost: Marco Levorato</p>\n<p>December 11, 2017<br />\n<b>I-Ting Angelina Lee</b><br />\nWashington University in St. Louis<br />\n<em>Efficient Parallel Race Detection for Two-Dimensional Dags<br />\n<a href=\"/events/seminar-series/?seminar_id=144\"> Abstract/Bio<br />\n</a></em>Host: Brian Demsky</p>\n</div>\n</div></article></main><aside class=\"sidebar sidebar-primary widget-area\" role=\"complementary\" aria-label=\"Primary Sidebar\" itemscope itemtype=\"http://schema.org/WPSideBar\">\t\t<section id=\"recent-posts-3\" class=\"widget widget_recent_entries\"><div class=\"widget-wrap\">\t\t<h4 class=\"widget-title widgettitle\">Latest news</h4>\n\t\t<ul>\n\t\t\t\t\t\t\t\t\t\t\t<li>\n\t\t\t\t\t<a href=\"https://www.cs.uci.edu/sangeetha-abdu-jyothi-attends-the-heidelberg-laureate-forum/\">Sangeetha Abdu Jyothi Attends the Heidelberg Laureate Forum</a>\n\t\t\t\t\t\t\t\t\t\t\t<span class=\"post-date\">October 8, 2019</span>\n\t\t\t\t\t\t\t\t\t</li>\n\t\t\t\t\t\t\t\t\t\t\t<li>\n\t\t\t\t\t<a href=\"https://www.cs.uci.edu/senior-spotlight-taneisha-arora-pursues-her-passions-from-working-in-industry-to-running-a-bakery/\">Senior Spotlight: Taneisha Arora Pursues Her Passions, From Working in Industry to Running a Bakery</a>\n\t\t\t\t\t\t\t\t\t\t\t<span class=\"post-date\">October 7, 2019</span>\n\t\t\t\t\t\t\t\t\t</li>\n\t\t\t\t\t\t\t\t\t\t\t<li>\n\t\t\t\t\t<a href=\"https://www.cs.uci.edu/ramesh-jain-wins-inaugural-ieee-tcmc-impact-award/\">Ramesh Jain Wins Inaugural IEEE TCMC Impact Award</a>\n\t\t\t\t\t\t\t\t\t\t\t<span class=\"post-date\">October 3, 2019</span>\n\t\t\t\t\t\t\t\t\t</li>\n\t\t\t\t\t\t\t\t\t\t\t<li>\n\t\t\t\t\t<a href=\"https://www.cs.uci.edu/uci-other-researchers-develop-deep-learning-technique-to-id-at-risk-anatomy-in-ct-scans/\">UCI, other researchers develop deep-learning technique to ID at-risk anatomy in CT scans</a>\n\t\t\t\t\t\t\t\t\t\t\t<span class=\"post-date\">October 2, 2019</span>\n\t\t\t\t\t\t\t\t\t</li>\n\t\t\t\t\t\t\t\t\t\t\t<li>\n\t\t\t\t\t<a href=\"https://www.cs.uci.edu/science-101-ai-solves-a-rubiks-cube-without-human-help-pierre-baldi-research-mentioned/\">Science 101: &#8220;AI solves a Rubik\u2019s cube without human help&#8221; (Pierre Baldi research mentioned)</a>\n\t\t\t\t\t\t\t\t\t\t\t<span class=\"post-date\">September 27, 2019</span>\n\t\t\t\t\t\t\t\t\t</li>\n\t\t\t\t\t</ul>\n\t\t</div></section>\n</aside></div></div><footer class=\"site-footer\" itemscope itemtype=\"http://schema.org/WPFooter\"><div class=\"wrap\">\t\t\t<div class=\"group\">\n\n\t\t\t\t<div id=\"bren\">\n\t\t\t\t\t\t<a href=\"http://www.ics.uci.edu/\"><img src=\"//www.cs.uci.edu//wp-content/cs/uploads/DBren_InfoCompSc_logo-UPDATED.png\"></a>\n\t\t\t\t</div>\n\n\t\t\t\t<div class=\"footer-info\">\n\t\t\t\t\t<UL>\n\t\t\t\t\t   <LI>&copy; 2019 UC Regents</LI>\n\t\t\t\t\t   <LI><A HREF=\"mailto:communications@ics.uci.edu\">Feedback</A></LI>\n\t\t\t\t\t   <LI><A HREF=\"http://uci.edu/privacy/\">Privacy Policy</A></LI>\n\t\t\t\t\t</UL>\n\t\t\t\t</div><!-- .footer-info -->\n\n\t\t\t</div>\n\t</div></footer></div><script type='text/javascript'>\nvar colomatduration = 'fast';\nvar colomatslideEffect = 'slideFade';\n</script>\t\t<script>\n\t\t( function ( body ) {\n\t\t\t'use strict';\n\t\t\tbody.className = body.className.replace( /\\btribe-no-js\\b/, 'tribe-js' );\n\t\t} )( document.body );\n\t\t</script>\n\t\t<script>\n  (function(i,s,o,g,r,a,m){i['GoogleAnalyticsObject']=r;i[r]=i[r]||function(){\n  (i[r].q=i[r].q||[]).push(arguments)},i[r].l=1*new Date();a=s.createElement(o),\n  m=s.getElementsByTagName(o)[0];a.async=1;a.src=g;m.parentNode.insertBefore(a,m)\n  })(window,document,'script','https://www.google-analytics.com/analytics.js','ga');\n\n  ga('create', 'UA-605898-2', 'auto');\n  ga('send', 'pageview');\n\n</script>\n<script type='text/javascript'>jQuery(document).ready(function($) {$(\".flexslider\").flexslider({controlsContainer: \"#genesis-responsive-slider\",animation: \"fade\",directionNav: 0,controlNav: 1,animationDuration: 1000,slideshowSpeed: 10000    });  });</script><script> /* <![CDATA[ */var tribe_l10n_datatables = {\"aria\":{\"sort_ascending\":\": activate to sort column ascending\",\"sort_descending\":\": activate to sort column descending\"},\"length_menu\":\"Show _MENU_ entries\",\"empty_table\":\"No data available in table\",\"info\":\"Showing _START_ to _END_ of _TOTAL_ entries\",\"info_empty\":\"Showing 0 to 0 of 0 entries\",\"info_filtered\":\"(filtered from _MAX_ total entries)\",\"zero_records\":\"No matching records found\",\"search\":\"Search:\",\"all_selected_text\":\"All items on this page were selected. \",\"select_all_link\":\"Select all pages\",\"clear_selection\":\"Clear Selection.\",\"pagination\":{\"all\":\"All\",\"next\":\"Next\",\"previous\":\"Previous\"},\"select\":{\"rows\":{\"0\":\"\",\"_\":\": Selected %d rows\",\"1\":\": Selected 1 row\"}},\"datepicker\":{\"dayNames\":[\"Sunday\",\"Monday\",\"Tuesday\",\"Wednesday\",\"Thursday\",\"Friday\",\"Saturday\"],\"dayNamesShort\":[\"Sun\",\"Mon\",\"Tue\",\"Wed\",\"Thu\",\"Fri\",\"Sat\"],\"dayNamesMin\":[\"S\",\"M\",\"T\",\"W\",\"T\",\"F\",\"S\"],\"monthNames\":[\"January\",\"February\",\"March\",\"April\",\"May\",\"June\",\"July\",\"August\",\"September\",\"October\",\"November\",\"December\"],\"monthNamesShort\":[\"January\",\"February\",\"March\",\"April\",\"May\",\"June\",\"July\",\"August\",\"September\",\"October\",\"November\",\"December\"],\"nextText\":\"Next\",\"prevText\":\"Prev\",\"currentText\":\"Today\",\"closeText\":\"Done\"}};/* ]]> */ </script><script type='text/javascript' src='https://www.cs.uci.edu/wp-content/cs/plugins/jquery-collapse-o-matic/js/collapse.js?ver=1.6.5'></script>\n<script type='text/javascript' src='https://www.cs.uci.edu/wp-content/cs/plugins/genesis-responsive-slider/js/jquery.flexslider.js?ver=0.9.5'></script>\n<script type='text/javascript' src='https://www.cs.uci.edu/wp-includes/js/wp-embed.min.js?ver=5.2.3'></script>\n</body></html>\r\n", "encoding": "utf-8"}