{"url": "https://www.cs.uci.edu/news/page/17/", "content": "<!DOCTYPE html>\n<html lang=\"en-US\">\n<head >\n<meta charset=\"UTF-8\" />\n<title>News</title><meta name=\"description\" content=\"View the latest news from UC Irvine&#039;s Department of Computer Science, including faculty research highlights and alumni success stories.\" />\n\t\t<meta name=\"robots\" content=\"noodp,noydir\" />\n\t\t<meta name=\"viewport\" content=\"width=device-width, initial-scale=1\" />\n\n\t\t<style type=\"text/css\">\n\t\t\t.slide-excerpt { width: 50%; }\n\t\t\t.slide-excerpt { bottom: 0; }\n\t\t\t.slide-excerpt { left: 0; }\n\t\t\t.flexslider { max-width: 1180px; max-height: 340px; }\n\t\t\t.slide-image { max-height: 340px; }\n\t\t</style>\n\t\t<style type=\"text/css\">\n\t\t\t@media only screen\n\t\t\tand (min-device-width : 320px)\n\t\t\tand (max-device-width : 480px) {\n\t\t\t\t.slide-excerpt { display: none !important; }\n\t\t\t}\n\t\t</style> <link rel='dns-prefetch' href='//fonts.googleapis.com' />\n<link rel='dns-prefetch' href='//s.w.org' />\n<link rel=\"alternate\" type=\"application/rss+xml\" title=\"Department of Computer Science - Donald Bren School of Information &amp; Computer Sciences &raquo; Feed\" href=\"https://www.cs.uci.edu/feed/\" />\n<link rel=\"alternate\" type=\"application/rss+xml\" title=\"Department of Computer Science - Donald Bren School of Information &amp; Computer Sciences &raquo; Comments Feed\" href=\"https://www.cs.uci.edu/comments/feed/\" />\n<link rel=\"alternate\" type=\"text/calendar\" title=\"Department of Computer Science - Donald Bren School of Information &amp; Computer Sciences &raquo; iCal Feed\" href=\"https://www.cs.uci.edu/events/?ical=1\" />\n\t\t<script type=\"text/javascript\">\n\t\t\twindow._wpemojiSettings = {\"baseUrl\":\"https:\\/\\/s.w.org\\/images\\/core\\/emoji\\/12.0.0-1\\/72x72\\/\",\"ext\":\".png\",\"svgUrl\":\"https:\\/\\/s.w.org\\/images\\/core\\/emoji\\/12.0.0-1\\/svg\\/\",\"svgExt\":\".svg\",\"source\":{\"concatemoji\":\"https:\\/\\/www.cs.uci.edu\\/wp-includes\\/js\\/wp-emoji-release.min.js?ver=5.2.3\"}};\n\t\t\t!function(a,b,c){function d(a,b){var c=String.fromCharCode;l.clearRect(0,0,k.width,k.height),l.fillText(c.apply(this,a),0,0);var d=k.toDataURL();l.clearRect(0,0,k.width,k.height),l.fillText(c.apply(this,b),0,0);var e=k.toDataURL();return d===e}function e(a){var b;if(!l||!l.fillText)return!1;switch(l.textBaseline=\"top\",l.font=\"600 32px Arial\",a){case\"flag\":return!(b=d([55356,56826,55356,56819],[55356,56826,8203,55356,56819]))&&(b=d([55356,57332,56128,56423,56128,56418,56128,56421,56128,56430,56128,56423,56128,56447],[55356,57332,8203,56128,56423,8203,56128,56418,8203,56128,56421,8203,56128,56430,8203,56128,56423,8203,56128,56447]),!b);case\"emoji\":return b=d([55357,56424,55356,57342,8205,55358,56605,8205,55357,56424,55356,57340],[55357,56424,55356,57342,8203,55358,56605,8203,55357,56424,55356,57340]),!b}return!1}function f(a){var c=b.createElement(\"script\");c.src=a,c.defer=c.type=\"text/javascript\",b.getElementsByTagName(\"head\")[0].appendChild(c)}var g,h,i,j,k=b.createElement(\"canvas\"),l=k.getContext&&k.getContext(\"2d\");for(j=Array(\"flag\",\"emoji\"),c.supports={everything:!0,everythingExceptFlag:!0},i=0;i<j.length;i++)c.supports[j[i]]=e(j[i]),c.supports.everything=c.supports.everything&&c.supports[j[i]],\"flag\"!==j[i]&&(c.supports.everythingExceptFlag=c.supports.everythingExceptFlag&&c.supports[j[i]]);c.supports.everythingExceptFlag=c.supports.everythingExceptFlag&&!c.supports.flag,c.DOMReady=!1,c.readyCallback=function(){c.DOMReady=!0},c.supports.everything||(h=function(){c.readyCallback()},b.addEventListener?(b.addEventListener(\"DOMContentLoaded\",h,!1),a.addEventListener(\"load\",h,!1)):(a.attachEvent(\"onload\",h),b.attachEvent(\"onreadystatechange\",function(){\"complete\"===b.readyState&&c.readyCallback()})),g=c.source||{},g.concatemoji?f(g.concatemoji):g.wpemoji&&g.twemoji&&(f(g.twemoji),f(g.wpemoji)))}(window,document,window._wpemojiSettings);\n\t\t</script>\n\t\t<style type=\"text/css\">\nimg.wp-smiley,\nimg.emoji {\n\tdisplay: inline !important;\n\tborder: none !important;\n\tbox-shadow: none !important;\n\theight: 1em !important;\n\twidth: 1em !important;\n\tmargin: 0 .07em !important;\n\tvertical-align: -0.1em !important;\n\tbackground: none !important;\n\tpadding: 0 !important;\n}\n</style>\n\t<link rel='stylesheet' id='genesis-sample-theme-css'  href='https://www.cs.uci.edu/wp-content/cs/themes/genesis-cs-retry/style.css?ver=2.1.2' type='text/css' media='all' />\n<link rel='stylesheet' id='wp-block-library-css'  href='https://www.cs.uci.edu/wp-includes/css/dist/block-library/style.min.css?ver=5.2.3' type='text/css' media='all' />\n<link rel='stylesheet' id='feedzy-rss-feeds-css'  href='https://www.cs.uci.edu/wp-content/cs/plugins/feedzy-rss-feeds/css/feedzy-rss-feeds.css?ver=3.3.2' type='text/css' media='all' />\n<link rel='stylesheet' id='collapseomatic-css-css'  href='https://www.cs.uci.edu/wp-content/cs/plugins/jquery-collapse-o-matic/light_style.css?ver=1.6' type='text/css' media='all' />\n<link rel='stylesheet' id='google-fonts-css'  href='//fonts.googleapis.com/css?family=Lato%3A300%2C400%2C700&#038;ver=2.1.2' type='text/css' media='all' />\n<link rel='stylesheet' id='slider_styles-css'  href='https://www.cs.uci.edu/wp-content/cs/plugins/genesis-responsive-slider/style.css?ver=0.9.5' type='text/css' media='all' />\n<script type='text/javascript' src='https://www.cs.uci.edu/wp-includes/js/jquery/jquery.js?ver=1.12.4-wp'></script>\n<script type='text/javascript' src='https://www.cs.uci.edu/wp-includes/js/jquery/jquery-migrate.min.js?ver=1.4.1'></script>\n<!--[if lt IE 9]>\n<script type='text/javascript' src='https://www.cs.uci.edu/wp-content/cs/themes/genesis/lib/js/html5shiv.min.js?ver=3.7.3'></script>\n<![endif]-->\n<script type='text/javascript' src='https://www.cs.uci.edu/wp-content/cs/themes/genesis-cs-retry/js/jquery.collapse.js?ver=5.2.3'></script>\n<link rel='https://api.w.org/' href='https://www.cs.uci.edu/wp-json/' />\n<link rel=\"EditURI\" type=\"application/rsd+xml\" title=\"RSD\" href=\"https://www.cs.uci.edu/xmlrpc.php?rsd\" />\n<meta name=\"tec-api-version\" content=\"v1\"><meta name=\"tec-api-origin\" content=\"https://www.cs.uci.edu\"><link rel=\"https://theeventscalendar.com/\" href=\"https://www.cs.uci.edu/wp-json/tribe/events/v1/\" /><link rel=\"icon\" href=\"https://www.cs.uci.edu/wp-content/cs/themes/genesis-cs-retry/images/favicon.ico\" />\n<link rel=\"pingback\" href=\"https://www.cs.uci.edu/xmlrpc.php\" />\n<link rel=\"prev\" href=\"https://www.cs.uci.edu/news/page/16/\" />\n<link rel=\"next\" href=\"https://www.cs.uci.edu/news/page/18/\" />\n\t\t<style type=\"text/css\" id=\"wp-custom-css\">\n\t\t\t.job-ops .name{\n\twidth:53% !important;\n\tfont-size:.95em !important;\n\tline-height:1.5em !important;\n}\n.job-ops .job-number{\n\twidth:23% !important;\n\tfont-size:.75em !important;\n}\n.job-ops .submission-dates{\n\twidth:53% !important;\n\tfont-size:.95em !important;\n\tline-height:1.5em !important;\n}\n\n.people_table img{\n\twidth:150px;\n}\n\n.apply-now-btn{\n\tborder:1px solid #ffffff;\n\tborder-radius:3px;\n\tpadding:7px 15px 7px 15px;\n}\n.undergrad-tbl td{padding:10px;}\n.staffcsl-tbl td{padding:10px;}\n\n\n.rss_header { display: none;}\t\t</style>\n\t\t</head>\n<body class=\"blog paged paged-17 tribe-no-js header-image full-width-content elementor-default\" itemscope itemtype=\"http://schema.org/WebPage\"><div class=\"site-container\"><header class=\"site-header\" itemscope itemtype=\"http://schema.org/WPHeader\"><div class=\"wrap\"><div class=\"title-area\"><h1 class=\"site-title\">\n\n      <div id='dept_header'>\n\n         <a id='dept_link' href='http://www.cs.uci.edu/' TITLE='Department of Computer Science in the Donald Bren School of Information and Computer Sciences @ UC Irvine'></a>\n\n         <a id='uci_link' href='http://www.uci.edu/' TITLE='University of California, Irvine'></a>\n\n         <a id='school_link' href='http://www.ics.uci.edu/' TITLE='Donald Bren School of Information and Computer Sciences'></a>\n\n      </div>\n\n   </h1></div><div class=\"widget-area header-widget-area\"><section id=\"search-4\" class=\"widget widget_search\"><div class=\"widget-wrap\"><form class=\"search-form\" itemprop=\"potentialAction\" itemscope itemtype=\"http://schema.org/SearchAction\" method=\"get\" action=\"https://www.cs.uci.edu/\" role=\"search\"><meta itemprop=\"target\" content=\"https://www.cs.uci.edu/?s={s}\"/><input itemprop=\"query-input\" type=\"search\" name=\"s\" placeholder=\"Search this site...\" /><input type=\"submit\" value=\"Search\"  /></form></div></section>\n</div></div></header><nav class=\"nav-primary\" itemscope itemtype=\"http://schema.org/SiteNavigationElement\"><div class=\"wrap\"><ul id=\"menu-header-menu\" class=\"menu genesis-nav-menu menu-primary\"><li id=\"menu-item-17\" class=\"menu-item menu-item-type-post_type menu-item-object-page menu-item-has-children menu-item-17\"><a href=\"https://www.cs.uci.edu/about-the-department/\" itemprop=\"url\"><span itemprop=\"name\">Explore</span></a>\n<ul class=\"sub-menu\">\n\t<li id=\"menu-item-58\" class=\"menu-item menu-item-type-post_type menu-item-object-page menu-item-58\"><a href=\"https://www.cs.uci.edu/contact/\" itemprop=\"url\"><span itemprop=\"name\">Contact Us</span></a></li>\n</ul>\n</li>\n<li id=\"menu-item-16\" class=\"menu-item menu-item-type-post_type menu-item-object-page menu-item-16\"><a href=\"https://www.cs.uci.edu/faculty/\" itemprop=\"url\"><span itemprop=\"name\">Faculty</span></a></li>\n<li id=\"menu-item-18\" class=\"menu-item menu-item-type-custom menu-item-object-custom menu-item-has-children menu-item-18\"><a href=\"#\" itemprop=\"url\"><span itemprop=\"name\">Research</span></a>\n<ul class=\"sub-menu\">\n\t<li id=\"menu-item-2407\" class=\"menu-item menu-item-type-post_type menu-item-object-page menu-item-2407\"><a href=\"https://www.cs.uci.edu/cs-research-areas/\" itemprop=\"url\"><span itemprop=\"name\">Research Areas</span></a></li>\n\t<li id=\"menu-item-50\" class=\"menu-item menu-item-type-post_type menu-item-object-page menu-item-50\"><a href=\"https://www.cs.uci.edu/research-centers/\" itemprop=\"url\"><span itemprop=\"name\">Research Centers</span></a></li>\n</ul>\n</li>\n<li id=\"menu-item-370\" class=\"menu-item menu-item-type-custom menu-item-object-custom menu-item-has-children menu-item-370\"><a href=\"#\" itemprop=\"url\"><span itemprop=\"name\">Graduate Degrees</span></a>\n<ul class=\"sub-menu\">\n\t<li id=\"menu-item-372\" class=\"menu-item menu-item-type-post_type menu-item-object-page menu-item-372\"><a href=\"https://www.cs.uci.edu/graduate-computer-science-programs/\" itemprop=\"url\"><span itemprop=\"name\">Computer Science Programs</span></a></li>\n\t<li id=\"menu-item-371\" class=\"menu-item menu-item-type-post_type menu-item-object-page menu-item-371\"><a href=\"https://www.cs.uci.edu/current-graduate-students/\" itemprop=\"url\"><span itemprop=\"name\">Current Graduate Students</span></a></li>\n</ul>\n</li>\n<li id=\"menu-item-1915\" class=\"menu-item menu-item-type-post_type menu-item-object-page menu-item-1915\"><a href=\"https://www.cs.uci.edu/undergraduate-programs/\" itemprop=\"url\"><span itemprop=\"name\">Undergraduate Degrees</span></a></li>\n<li id=\"menu-item-1382\" class=\"menu-item menu-item-type-custom menu-item-object-custom menu-item-has-children menu-item-1382\"><a href=\"#\" itemprop=\"url\"><span itemprop=\"name\">News  &#038; Events</span></a>\n<ul class=\"sub-menu\">\n\t<li id=\"menu-item-1688\" class=\"menu-item menu-item-type-custom menu-item-object-custom menu-item-1688\"><a href=\"/news\" itemprop=\"url\"><span itemprop=\"name\">News</span></a></li>\n\t<li id=\"menu-item-1423\" class=\"menu-item menu-item-type-custom menu-item-object-custom menu-item-1423\"><a href=\"/events/computer-science-seminar-series/\" itemprop=\"url\"><span itemprop=\"name\">Seminar Series</span></a></li>\n\t<li id=\"menu-item-1655\" class=\"menu-item menu-item-type-custom menu-item-object-custom menu-item-1655\"><a href=\"/events/distinguished-lecture-series/\" itemprop=\"url\"><span itemprop=\"name\">Distinguished Lecture Series</span></a></li>\n\t<li id=\"menu-item-1442\" class=\"menu-item menu-item-type-custom menu-item-object-custom menu-item-1442\"><a href=\"/event/2017-computer-science-research-showcase/\" itemprop=\"url\"><span itemprop=\"name\">Research Showcase</span></a></li>\n</ul>\n</li>\n<li id=\"menu-item-1873\" class=\"menu-item menu-item-type-custom menu-item-object-custom menu-item-has-children menu-item-1873\"><a href=\"#\" itemprop=\"url\"><span itemprop=\"name\"><span class=\"apply-now-btn\">Apply Now</span></span></a>\n<ul class=\"sub-menu\">\n\t<li id=\"menu-item-1875\" class=\"menu-item menu-item-type-custom menu-item-object-custom menu-item-1875\"><a target=\"_blank\" rel=\"noopener noreferrer\" href=\"https://www.admissions.uci.edu/apply/index.php\" itemprop=\"url\"><span itemprop=\"name\">Undergraduate Admissions</span></a></li>\n\t<li id=\"menu-item-1874\" class=\"menu-item menu-item-type-custom menu-item-object-custom menu-item-1874\"><a target=\"_blank\" rel=\"noopener noreferrer\" href=\"https://apply.grad.uci.edu/apply/\" itemprop=\"url\"><span itemprop=\"name\">Graduate Admissions</span></a></li>\n\t<li id=\"menu-item-1927\" class=\"menu-item menu-item-type-post_type menu-item-object-page menu-item-1927\"><a href=\"https://www.cs.uci.edu/job-opportunities/\" itemprop=\"url\"><span itemprop=\"name\">Faculty Candidates</span></a></li>\n</ul>\n</li>\n</ul></div></nav><div class=\"site-inner\"><div class=\"content-sidebar-wrap\"><main class=\"content\"><article class=\"post-978 post type-post status-publish format-standard category-article entry\" itemscope itemtype=\"http://schema.org/CreativeWork\"><header class=\"entry-header\"><h1 class=\"entry-title\" itemprop=\"headline\"><a href=\"https://www.cs.uci.edu/science-ai-is-changing-how-we-do-science-get-a-glimpse-xie-quoted/\" rel=\"bookmark\">Science: &#8220;AI is changing how we do science. Get a glimpse&#8221; (Xie quoted)</a></h1> \n<p class=\"entry-meta\"><time class=\"entry-time\" itemprop=\"datePublished\" datetime=\"2017-07-05T19:27:08-07:00\">July 5, 2017</time> </p></header><div class=\"entry-content\" itemprop=\"text\"><p><strong>Xiaohui Xie</strong>, a computer scientist at the University of California, Irvine, is also applying AI to the genome, though with a broader focus than autism. He, too, hopes to classify any mutations by the odds they are harmful. But he cautions that in genomics, deep learning systems are only as good as the data sets on which they are trained. \u201cRight now I think people are skeptical\u201d that such systems can reliably parse the genome, he says. \u201cBut I think down the road more and more people will embrace deep learning.\u201d</p>\n<p><em>Read the full story at the <a href=\"http://www.sciencemag.org/news/2017/07/ai-changing-how-we-do-science-get-glimpse\" target=\"_blank\">Science website</a>.</em></p>\n</div><footer class=\"entry-footer\"></footer></article><article class=\"post-974 post type-post status-publish format-standard category-uncategorized entry\" itemscope itemtype=\"http://schema.org/CreativeWork\"><header class=\"entry-header\"><h1 class=\"entry-title\" itemprop=\"headline\"><a href=\"https://www.cs.uci.edu/ctv-news-explainable-ai-the-push-to-make-sure-machines-dont-learn-to-be-racist-singh-quoted/\" rel=\"bookmark\">CTV News: &#8220;Explainable AI: The push to make sure machines don&#8217;t learn to be racist&#8221; (Singh quoted)</a></h1> \n<p class=\"entry-meta\"><time class=\"entry-time\" itemprop=\"datePublished\" datetime=\"2017-07-05T16:01:10-07:00\">July 5, 2017</time> </p></header><div class=\"entry-content\" itemprop=\"text\"><p>\u201cComputers are going to become increasingly important parts of our lives, if they aren\u2019t already, and the automation is just going to improve over time, so it\u2019s increasingly important to know why these complicated systems are making the decisions that they are,\u201d assistant professor of computer science at the University of California Irvine, <strong>Sameer Singh</strong>, told CTV\u2019s Your Morning on Tuesday.</p>\n<p><em>Read the full story at <a href=\"http://www.ctvnews.ca/sci-tech/explainable-ai-the-push-to-make-sure-machines-don-t-learn-to-be-racist-1.3488349\" target=\"_blank\">CTV News</a>.</em></p>\n</div><footer class=\"entry-footer\"></footer></article><article class=\"post-971 post type-post status-publish format-standard category-article entry\" itemscope itemtype=\"http://schema.org/CreativeWork\"><header class=\"entry-header\"><h1 class=\"entry-title\" itemprop=\"headline\"><a href=\"https://www.cs.uci.edu/uci-applied-innovation-saving-power-in-the-data-center/\" rel=\"bookmark\">UCI Applied Innovation: &#8220;Saving Power in the Data Center&#8221;</a></h1> \n<p class=\"entry-meta\"><time class=\"entry-time\" itemprop=\"datePublished\" datetime=\"2017-06-28T03:24:02-07:00\">June 28, 2017</time> </p></header><div class=\"entry-content\" itemprop=\"text\"><p>In the May 10 Association for Computing Machinery (ACM) meeting \u201cSaving Power in the Data Center\u201d, <strong>Marios Papaefthymiou</strong>, professor of computer science and dean of the UCI Donald Bren School of Information and Computer Sciences (ICS) showed how redesigning the internal architectures of high performance computer chips can increase their energy efficiency, which can translate to saving significant amounts of power in data centers that rely on myriads of such chips. Papaefthymiou\u2019s research is in energy-efficient architectures for high performance computing.He co-founded Cyclos Semiconductor, a developer of energy-efficient resonant clocking technologies that enable high-performance computing with drastically reduced power consumption.</p>\n<p><em>Read the full story at the <a href=\"http://innovation.uci.edu/2017/06/saving-power-in-the-data-center/\" target=\"_blank\">UCI Applied Innovation</a> website.</em></p>\n</div><footer class=\"entry-footer\"></footer></article><article class=\"post-969 post type-post status-publish format-standard category-article entry\" itemscope itemtype=\"http://schema.org/CreativeWork\"><header class=\"entry-header\"><h1 class=\"entry-title\" itemprop=\"headline\"><a href=\"https://www.cs.uci.edu/fast-company-why-the-military-and-corporate-america-want-to-make-ai-explain-itself-singh-quoted/\" rel=\"bookmark\">Fast Company: &#8220;Why The Military And Corporate America Want To Make AI Explain Itself&#8221; (Singh quoted)</a></h1> \n<p class=\"entry-meta\"><time class=\"entry-time\" itemprop=\"datePublished\" datetime=\"2017-06-23T18:02:47-07:00\">June 23, 2017</time> </p></header><div class=\"entry-content\" itemprop=\"text\"><p>\u201cIf you go to a doctor and the doctor says, \u2018Hey, you have six months to live,\u2019 and offers absolutely no explanation as to why the doctor is saying that, that would be a pretty poor doctor,\u201d says <strong>Sameer Singh</strong>, an assistant professor of computer science at the University of California at Irvine.</p>\n<p><em>Read the full story at <a href=\"https://www.fastcompany.com/40433959/why-the-military-and-corporate-america-want-to-make-ai-explain-itself\" target=\"_blank\">Fast Company</a>.</em></p>\n</div><footer class=\"entry-footer\"></footer></article><article class=\"post-967 post type-post status-publish format-standard category-uncategorized entry\" itemscope itemtype=\"http://schema.org/CreativeWork\"><header class=\"entry-header\"><h1 class=\"entry-title\" itemprop=\"headline\"><a href=\"https://www.cs.uci.edu/sacramento-bee-trump-took-away-your-internet-privacy-a-california-legislator-wants-to-give-it-back-jordan-mentioned/\" rel=\"bookmark\">Sacramento Bee: &#8220;Trump took away your internet privacy. A California legislator wants to give it back&#8221; (Jordan mentioned)</a></h1> \n<p class=\"entry-meta\"><time class=\"entry-time\" itemprop=\"datePublished\" datetime=\"2017-06-20T20:24:23-07:00\">June 20, 2017</time> </p></header><div class=\"entry-content\" itemprop=\"text\"><p>The ACLU, Electronic Frontier Foundation, Common Sense Kids Action and Consumer Federation of California are among the bill\u2019s supporters, for good reason. Joining Chau at a Capitol press conference Monday was <strong>Scott Jordan</strong>, a UC Irvine computer science professor and former Federal Communications Commission official, who listed some of the information internet service providers could glean:</p>\n<p>The sites you visit; whether those sites are related to your finances or health; what videos you watch; how often you visit certain sites; what time of day you visit them; how long you linger; what devices you use; what apps you download; where you are located.</p>\n<p><em>Read the full story at <a href=\"http://www.sacbee.com/opinion/editorials/article157072024.html\">The Sacramento Bee</A>.</em></p>\n</div><footer class=\"entry-footer\"></footer></article><article class=\"post-960 post type-post status-publish format-standard category-noteworthy-achievement entry\" itemscope itemtype=\"http://schema.org/CreativeWork\"><header class=\"entry-header\"><h1 class=\"entry-title\" itemprop=\"headline\"><a href=\"https://www.cs.uci.edu/cs-research-showcase-continues-to-provide-a-platform-for-students-to-showcase-their-work/\" rel=\"bookmark\">CS Research Showcase continues to provide a platform for students to showcase their work</a></h1> \n<p class=\"entry-meta\"><time class=\"entry-time\" itemprop=\"datePublished\" datetime=\"2017-06-09T14:38:51-07:00\">June 9, 2017</time> </p></header><div class=\"entry-content\" itemprop=\"text\"><p>The second annual\u00a0<a href=\"http://www.cs.uci.edu/events/research-showcase/\" >Computer Science Research Showcase</a>\u00a0brought together the most talented graduate students to demonstrate their research activity in UCI\u2019s Department of Computer Science. This year\u2019s showcase, which was held on May 10 in Donald Bren Hall, featured a morning of presentations from computer science faculty, including Gene Tsudik and Chen Li, followed by an afternoon of posters, demos and an awards reception.</p>\n<p>\u201cThe students were highly engaged during the event and did a great job with their presentations,\u201d said\u00a0Ardalan Amiri Sani, who hosted the event with fellow computer science assistant professor\u00a0Shuang Zhao.\u00a0\u201cI believe that the research showcase event provides a great opportunity for our students to advertise their research and to interact with their peers and other visitors.\u201d<br />\n <a href=\"https://www.cs.uci.edu/cs-research-showcase-continues-to-provide-a-platform-for-students-to-showcase-their-work/#more-960\" class=\"more-link\">[Read more&#8230;]</a></p>\n</div><footer class=\"entry-footer\"></footer></article><article class=\"post-943 post type-post status-publish format-standard category-noteworthy-achievement entry\" itemscope itemtype=\"http://schema.org/CreativeWork\"><header class=\"entry-header\"><h1 class=\"entry-title\" itemprop=\"headline\"><a href=\"https://www.cs.uci.edu/smyth-listed-as-one-of-20-data-science-professors-to-know/\" rel=\"bookmark\">Smyth listed as one of \u201820 Data Science Professors To Know\u2019</a></h1> \n<p class=\"entry-meta\"><time class=\"entry-time\" itemprop=\"datePublished\" datetime=\"2017-05-19T22:57:29-07:00\">May 19, 2017</time> </p></header><div class=\"entry-content\" itemprop=\"text\"><p><img src='//www.ics.uci.edu/~smyth/padhraic.jpg' style='float: right; margin: 0 0 1em 1em; '><strong>Padhraic Smyth</strong>, computer science professor and director of the UCI Data Science Initiative, was recently named as one of \u201c20 Data Science Professors To Know\u201d by Online Engineering Programs, an online information site that addresses educational questions and provides career content for engineering and computer science professionals. The 20  data science professors selected were chosen according to their employment at a respected university, doctoral degree, contributions to impactful publications and commitment to organizations and causes outside of their academic institution.</p>\n<p>Smyth\u2019s research specializes in artificial intelligence, machine learning databases and data mining. He was noted for his previous paper on \u201cContent Coding of Psychotherapy Transcripts Using Labeled Topic Models\u201d in the IEEE Journal of Biomedical and Health Informatics (2015) and for his teaching of projects in AI, probabilistic learning and data science.</p>\n</div><footer class=\"entry-footer\"></footer></article><article class=\"post-901 post type-post status-publish format-standard category-noteworthy-achievement entry\" itemscope itemtype=\"http://schema.org/CreativeWork\"><header class=\"entry-header\"><h1 class=\"entry-title\" itemprop=\"headline\"><a href=\"https://www.cs.uci.edu/tsudik-awarded-nsf-grant-for-iot-research/\" rel=\"bookmark\">Tsudik awarded NSF grant for IoT research</a></h1> \n<p class=\"entry-meta\"><time class=\"entry-time\" itemprop=\"datePublished\" datetime=\"2017-04-27T15:26:19-07:00\">April 27, 2017</time> </p></header><div class=\"entry-content\" itemprop=\"text\"><p><IMG SRC='http://www.ics.uci.edu/bin/img/frontpage/GeneTsudik-Skypestory-thumb.jpg' STYLE='float: right; margin: 0 0 1em 1em; width: 150px; '>The National Science Foundation (NSF) has awarded Chancellor\u2019s Professor of Computer Science <strong><a href=\"http://www.ics.uci.edu/~gts/\">Gene Tsudik</a></strong> a grant to conduct research in security of the emerging Internet of Things (<a href=\"https://en.wikipedia.org/wiki/Internet_of_things\">IoTs</a>).</p>\n<p>Tsudik is the principal investigator of &#8220;<a href=\"https://www.nsf.gov/awardsearch/showAward?AWD_ID=1702911&#038;HistoricalAwards=false\">SELIOT: Securing Lifecycle of IoT</a>&#8221; &#8212; a research project funded by the NSF\u2019s Wireless Innovation between Finland and US (<a href=\"https://www.nsf.gov/funding/pgm_summ.jsp?pims_id=505037\">WiFiUS</a>) program, which supports collaborations between US and Finnish researchers in the area of wireless and mobile networks. SELIOT involves UC Irvine, University of Florida and Aalto University of Helsinki, Finland.</p>\n<p>The total grant amount is approximately $600,000 ($300,000, in addition to \u20ac300,000) with $150,000 a warded to UCI and $150,000 to the University of Florida. The Finnish potion of the project is funded separately, by the Academy of Finland.</p>\n</div><footer class=\"entry-footer\"></footer></article><article class=\"post-881 post type-post status-publish format-standard category-noteworthy-achievement entry\" itemscope itemtype=\"http://schema.org/CreativeWork\"><header class=\"entry-header\"><h1 class=\"entry-title\" itemprop=\"headline\"><a href=\"https://www.cs.uci.edu/two-cs-grad-students-named-facebook-fellowship-finalists/\" rel=\"bookmark\">Two CS grad students named Facebook Fellowship finalists</a></h1> \n<p class=\"entry-meta\"><time class=\"entry-time\" itemprop=\"datePublished\" datetime=\"2017-04-18T20:04:52-07:00\">April 18, 2017</time> </p></header><div class=\"entry-content\" itemprop=\"text\"><p><strong>Laleh Aghababaie Beni</strong> and <strong>Khanh Nguyen</strong>, both Ph.D. students in the Department of Computer Science, were announced 2017 <a href=\"https://research.fb.com/announcing-the-2017-facebook-phd-fellows/\" target=\"_blank\" >Facebook Fellowship</a> Finalists this month.</p>\n<p>The Facebook Fellowship Program is designed to encourage and support promising doctoral students in research related to computer science and engineering. Of the more than 800 applicants who apply worldwide, only 13 were selected as fellows.</p>\n<p> <a href=\"https://www.cs.uci.edu/two-cs-grad-students-named-facebook-fellowship-finalists/#more-881\" class=\"more-link\">[Read more&#8230;]</a></p>\n</div><footer class=\"entry-footer\"></footer></article><article class=\"post-877 post type-post status-publish format-standard category-noteworthy-achievement entry\" itemscope itemtype=\"http://schema.org/CreativeWork\"><header class=\"entry-header\"><h1 class=\"entry-title\" itemprop=\"headline\"><a href=\"https://www.cs.uci.edu/ph-d-student-wins-2017-google-fellowship-in-systems-and-networking/\" rel=\"bookmark\">Ph.D. student wins 2017 Google Fellowship in systems and networking</a></h1> \n<p class=\"entry-meta\"><time class=\"entry-time\" itemprop=\"datePublished\" datetime=\"2017-04-17T22:32:35-07:00\">April 17, 2017</time> </p></header><div class=\"entry-content\" itemprop=\"text\"><p><a href=\"http://www.ics.uci.edu/~khanhtn1/\" target=\"_blank\">Khanh Nguyen</a>, a Ph.D. candidate in UCI\u2019s Department of Computer Science, has been selected as a 2017 Google Ph.D. Fellow for North America in the systems and networking category. The <a href=\"https://research.googleblog.com/2017/04/announcing-2017-google-phd-fellows-for.html\" target=\"_blank\">Google Ph.D. Fellowship program</a> recognizes and supports outstanding graduate students doing exceptional research in computer science and related disciplines. The fellowship includes being matched with a Google Research Mentor and a monetary award that will directly support student expenses, as well as a stipend.<br />\n <a href=\"https://www.cs.uci.edu/ph-d-student-wins-2017-google-fellowship-in-systems-and-networking/#more-877\" class=\"more-link\">[Read more&#8230;]</a></p>\n</div><footer class=\"entry-footer\"></footer></article><div class=\"archive-pagination pagination\"><ul><li class=\"pagination-previous\"><a href=\"https://www.cs.uci.edu/news/page/16/\" >&#x000AB; Previous Page</a></li>\n<li><a href=\"https://www.cs.uci.edu/news/\">1</a></li>\n<li class=\"pagination-omission\">&#x02026;</li>\n<li><a href=\"https://www.cs.uci.edu/news/page/15/\">15</a></li>\n<li><a href=\"https://www.cs.uci.edu/news/page/16/\">16</a></li>\n<li class=\"active\"  aria-label=\"Current page\"><a href=\"https://www.cs.uci.edu/news/page/17/\">17</a></li>\n<li><a href=\"https://www.cs.uci.edu/news/page/18/\">18</a></li>\n<li><a href=\"https://www.cs.uci.edu/news/page/19/\">19</a></li>\n<li class=\"pagination-omission\">&#x02026;</li>\n<li><a href=\"https://www.cs.uci.edu/news/page/22/\">22</a></li>\n<li class=\"pagination-next\"><a href=\"https://www.cs.uci.edu/news/page/18/\" >Next Page &#x000BB;</a></li>\n</ul></div>\n</main></div></div><footer class=\"site-footer\" itemscope itemtype=\"http://schema.org/WPFooter\"><div class=\"wrap\">\t\t\t<div class=\"group\">\n\n\t\t\t\t<div id=\"bren\">\n\t\t\t\t\t\t<a href=\"http://www.ics.uci.edu/\"><img src=\"//www.cs.uci.edu//wp-content/cs/uploads/DBren_InfoCompSc_logo-UPDATED.png\"></a>\n\t\t\t\t</div>\n\n\t\t\t\t<div class=\"footer-info\">\n\t\t\t\t\t<UL>\n\t\t\t\t\t   <LI>&copy; 2019 UC Regents</LI>\n\t\t\t\t\t   <LI><A HREF=\"mailto:communications@ics.uci.edu\">Feedback</A></LI>\n\t\t\t\t\t   <LI><A HREF=\"http://uci.edu/privacy/\">Privacy Policy</A></LI>\n\t\t\t\t\t</UL>\n\t\t\t\t</div><!-- .footer-info -->\n\n\t\t\t</div>\n\t</div></footer></div><script type='text/javascript'>\nvar colomatduration = 'fast';\nvar colomatslideEffect = 'slideFade';\n</script>\t\t<script>\n\t\t( function ( body ) {\n\t\t\t'use strict';\n\t\t\tbody.className = body.className.replace( /\\btribe-no-js\\b/, 'tribe-js' );\n\t\t} )( document.body );\n\t\t</script>\n\t\t<script>\n  (function(i,s,o,g,r,a,m){i['GoogleAnalyticsObject']=r;i[r]=i[r]||function(){\n  (i[r].q=i[r].q||[]).push(arguments)},i[r].l=1*new Date();a=s.createElement(o),\n  m=s.getElementsByTagName(o)[0];a.async=1;a.src=g;m.parentNode.insertBefore(a,m)\n  })(window,document,'script','https://www.google-analytics.com/analytics.js','ga');\n\n  ga('create', 'UA-605898-2', 'auto');\n  ga('send', 'pageview');\n\n</script>\n<script type='text/javascript'>jQuery(document).ready(function($) {$(\".flexslider\").flexslider({controlsContainer: \"#genesis-responsive-slider\",animation: \"fade\",directionNav: 0,controlNav: 1,animationDuration: 1000,slideshowSpeed: 10000    });  });</script><script> /* <![CDATA[ */var tribe_l10n_datatables = {\"aria\":{\"sort_ascending\":\": activate to sort column ascending\",\"sort_descending\":\": activate to sort column descending\"},\"length_menu\":\"Show _MENU_ entries\",\"empty_table\":\"No data available in table\",\"info\":\"Showing _START_ to _END_ of _TOTAL_ entries\",\"info_empty\":\"Showing 0 to 0 of 0 entries\",\"info_filtered\":\"(filtered from _MAX_ total entries)\",\"zero_records\":\"No matching records found\",\"search\":\"Search:\",\"all_selected_text\":\"All items on this page were selected. \",\"select_all_link\":\"Select all pages\",\"clear_selection\":\"Clear Selection.\",\"pagination\":{\"all\":\"All\",\"next\":\"Next\",\"previous\":\"Previous\"},\"select\":{\"rows\":{\"0\":\"\",\"_\":\": Selected %d rows\",\"1\":\": Selected 1 row\"}},\"datepicker\":{\"dayNames\":[\"Sunday\",\"Monday\",\"Tuesday\",\"Wednesday\",\"Thursday\",\"Friday\",\"Saturday\"],\"dayNamesShort\":[\"Sun\",\"Mon\",\"Tue\",\"Wed\",\"Thu\",\"Fri\",\"Sat\"],\"dayNamesMin\":[\"S\",\"M\",\"T\",\"W\",\"T\",\"F\",\"S\"],\"monthNames\":[\"January\",\"February\",\"March\",\"April\",\"May\",\"June\",\"July\",\"August\",\"September\",\"October\",\"November\",\"December\"],\"monthNamesShort\":[\"January\",\"February\",\"March\",\"April\",\"May\",\"June\",\"July\",\"August\",\"September\",\"October\",\"November\",\"December\"],\"nextText\":\"Next\",\"prevText\":\"Prev\",\"currentText\":\"Today\",\"closeText\":\"Done\"}};/* ]]> */ </script><script type='text/javascript' src='https://www.cs.uci.edu/wp-content/cs/plugins/jquery-collapse-o-matic/js/collapse.js?ver=1.6.5'></script>\n<script type='text/javascript' src='https://www.cs.uci.edu/wp-content/cs/plugins/genesis-responsive-slider/js/jquery.flexslider.js?ver=0.9.5'></script>\n<script type='text/javascript' src='https://www.cs.uci.edu/wp-includes/js/wp-embed.min.js?ver=5.2.3'></script>\n</body></html>\r\n", "encoding": "utf-8"}