{"url": "https://www.cs.uci.edu/faculty/", "content": "<!DOCTYPE html>\n<html lang=\"en-US\">\n<head >\n<meta charset=\"UTF-8\" />\n<title>Faculty</title>\t\t<meta name=\"robots\" content=\"noodp,noydir\" />\n\t\t<meta name=\"viewport\" content=\"width=device-width, initial-scale=1\" />\n\n\t\t<style type=\"text/css\">\n\t\t\t.slide-excerpt { width: 50%; }\n\t\t\t.slide-excerpt { bottom: 0; }\n\t\t\t.slide-excerpt { left: 0; }\n\t\t\t.flexslider { max-width: 1180px; max-height: 340px; }\n\t\t\t.slide-image { max-height: 340px; }\n\t\t</style>\n\t\t<style type=\"text/css\">\n\t\t\t@media only screen\n\t\t\tand (min-device-width : 320px)\n\t\t\tand (max-device-width : 480px) {\n\t\t\t\t.slide-excerpt { display: none !important; }\n\t\t\t}\n\t\t</style> <link rel='dns-prefetch' href='//fonts.googleapis.com' />\n<link rel='dns-prefetch' href='//s.w.org' />\n<link rel=\"alternate\" type=\"application/rss+xml\" title=\"Department of Computer Science - Donald Bren School of Information &amp; Computer Sciences &raquo; Feed\" href=\"https://www.cs.uci.edu/feed/\" />\n<link rel=\"alternate\" type=\"application/rss+xml\" title=\"Department of Computer Science - Donald Bren School of Information &amp; Computer Sciences &raquo; Comments Feed\" href=\"https://www.cs.uci.edu/comments/feed/\" />\n<link rel=\"alternate\" type=\"text/calendar\" title=\"Department of Computer Science - Donald Bren School of Information &amp; Computer Sciences &raquo; iCal Feed\" href=\"https://www.cs.uci.edu/events/?ical=1\" />\n<link rel=\"canonical\" href=\"https://www.cs.uci.edu/faculty/\" />\n\t\t<script type=\"text/javascript\">\n\t\t\twindow._wpemojiSettings = {\"baseUrl\":\"https:\\/\\/s.w.org\\/images\\/core\\/emoji\\/12.0.0-1\\/72x72\\/\",\"ext\":\".png\",\"svgUrl\":\"https:\\/\\/s.w.org\\/images\\/core\\/emoji\\/12.0.0-1\\/svg\\/\",\"svgExt\":\".svg\",\"source\":{\"concatemoji\":\"https:\\/\\/www.cs.uci.edu\\/wp-includes\\/js\\/wp-emoji-release.min.js?ver=5.2.3\"}};\n\t\t\t!function(a,b,c){function d(a,b){var c=String.fromCharCode;l.clearRect(0,0,k.width,k.height),l.fillText(c.apply(this,a),0,0);var d=k.toDataURL();l.clearRect(0,0,k.width,k.height),l.fillText(c.apply(this,b),0,0);var e=k.toDataURL();return d===e}function e(a){var b;if(!l||!l.fillText)return!1;switch(l.textBaseline=\"top\",l.font=\"600 32px Arial\",a){case\"flag\":return!(b=d([55356,56826,55356,56819],[55356,56826,8203,55356,56819]))&&(b=d([55356,57332,56128,56423,56128,56418,56128,56421,56128,56430,56128,56423,56128,56447],[55356,57332,8203,56128,56423,8203,56128,56418,8203,56128,56421,8203,56128,56430,8203,56128,56423,8203,56128,56447]),!b);case\"emoji\":return b=d([55357,56424,55356,57342,8205,55358,56605,8205,55357,56424,55356,57340],[55357,56424,55356,57342,8203,55358,56605,8203,55357,56424,55356,57340]),!b}return!1}function f(a){var c=b.createElement(\"script\");c.src=a,c.defer=c.type=\"text/javascript\",b.getElementsByTagName(\"head\")[0].appendChild(c)}var g,h,i,j,k=b.createElement(\"canvas\"),l=k.getContext&&k.getContext(\"2d\");for(j=Array(\"flag\",\"emoji\"),c.supports={everything:!0,everythingExceptFlag:!0},i=0;i<j.length;i++)c.supports[j[i]]=e(j[i]),c.supports.everything=c.supports.everything&&c.supports[j[i]],\"flag\"!==j[i]&&(c.supports.everythingExceptFlag=c.supports.everythingExceptFlag&&c.supports[j[i]]);c.supports.everythingExceptFlag=c.supports.everythingExceptFlag&&!c.supports.flag,c.DOMReady=!1,c.readyCallback=function(){c.DOMReady=!0},c.supports.everything||(h=function(){c.readyCallback()},b.addEventListener?(b.addEventListener(\"DOMContentLoaded\",h,!1),a.addEventListener(\"load\",h,!1)):(a.attachEvent(\"onload\",h),b.attachEvent(\"onreadystatechange\",function(){\"complete\"===b.readyState&&c.readyCallback()})),g=c.source||{},g.concatemoji?f(g.concatemoji):g.wpemoji&&g.twemoji&&(f(g.twemoji),f(g.wpemoji)))}(window,document,window._wpemojiSettings);\n\t\t</script>\n\t\t<style type=\"text/css\">\nimg.wp-smiley,\nimg.emoji {\n\tdisplay: inline !important;\n\tborder: none !important;\n\tbox-shadow: none !important;\n\theight: 1em !important;\n\twidth: 1em !important;\n\tmargin: 0 .07em !important;\n\tvertical-align: -0.1em !important;\n\tbackground: none !important;\n\tpadding: 0 !important;\n}\n</style>\n\t<link rel='stylesheet' id='genesis-sample-theme-css'  href='https://www.cs.uci.edu/wp-content/cs/themes/genesis-cs-retry/style.css?ver=2.1.2' type='text/css' media='all' />\n<link rel='stylesheet' id='wp-block-library-css'  href='https://www.cs.uci.edu/wp-includes/css/dist/block-library/style.min.css?ver=5.2.3' type='text/css' media='all' />\n<link rel='stylesheet' id='feedzy-rss-feeds-css'  href='https://www.cs.uci.edu/wp-content/cs/plugins/feedzy-rss-feeds/css/feedzy-rss-feeds.css?ver=3.3.2' type='text/css' media='all' />\n<link rel='stylesheet' id='collapseomatic-css-css'  href='https://www.cs.uci.edu/wp-content/cs/plugins/jquery-collapse-o-matic/light_style.css?ver=1.6' type='text/css' media='all' />\n<link rel='stylesheet' id='google-fonts-css'  href='//fonts.googleapis.com/css?family=Lato%3A300%2C400%2C700&#038;ver=2.1.2' type='text/css' media='all' />\n<link rel='stylesheet' id='slider_styles-css'  href='https://www.cs.uci.edu/wp-content/cs/plugins/genesis-responsive-slider/style.css?ver=0.9.5' type='text/css' media='all' />\n<script type='text/javascript' src='https://www.cs.uci.edu/wp-includes/js/jquery/jquery.js?ver=1.12.4-wp'></script>\n<script type='text/javascript' src='https://www.cs.uci.edu/wp-includes/js/jquery/jquery-migrate.min.js?ver=1.4.1'></script>\n<!--[if lt IE 9]>\n<script type='text/javascript' src='https://www.cs.uci.edu/wp-content/cs/themes/genesis/lib/js/html5shiv.min.js?ver=3.7.3'></script>\n<![endif]-->\n<script type='text/javascript' src='https://www.cs.uci.edu/wp-content/cs/themes/genesis-cs-retry/js/jquery.collapse.js?ver=5.2.3'></script>\n<link rel='https://api.w.org/' href='https://www.cs.uci.edu/wp-json/' />\n<link rel=\"EditURI\" type=\"application/rsd+xml\" title=\"RSD\" href=\"https://www.cs.uci.edu/xmlrpc.php?rsd\" />\n<link rel=\"alternate\" type=\"application/json+oembed\" href=\"https://www.cs.uci.edu/wp-json/oembed/1.0/embed?url=https%3A%2F%2Fwww.cs.uci.edu%2Ffaculty%2F\" />\n<link rel=\"alternate\" type=\"text/xml+oembed\" href=\"https://www.cs.uci.edu/wp-json/oembed/1.0/embed?url=https%3A%2F%2Fwww.cs.uci.edu%2Ffaculty%2F&#038;format=xml\" />\n<meta name=\"tec-api-version\" content=\"v1\"><meta name=\"tec-api-origin\" content=\"https://www.cs.uci.edu\"><link rel=\"https://theeventscalendar.com/\" href=\"https://www.cs.uci.edu/wp-json/tribe/events/v1/\" /><link rel=\"icon\" href=\"https://www.cs.uci.edu/wp-content/cs/themes/genesis-cs-retry/images/favicon.ico\" />\n<link rel=\"pingback\" href=\"https://www.cs.uci.edu/xmlrpc.php\" />\n\t\t<style type=\"text/css\" id=\"wp-custom-css\">\n\t\t\t.job-ops .name{\n\twidth:53% !important;\n\tfont-size:.95em !important;\n\tline-height:1.5em !important;\n}\n.job-ops .job-number{\n\twidth:23% !important;\n\tfont-size:.75em !important;\n}\n.job-ops .submission-dates{\n\twidth:53% !important;\n\tfont-size:.95em !important;\n\tline-height:1.5em !important;\n}\n\n.people_table img{\n\twidth:150px;\n}\n\n.apply-now-btn{\n\tborder:1px solid #ffffff;\n\tborder-radius:3px;\n\tpadding:7px 15px 7px 15px;\n}\n.undergrad-tbl td{padding:10px;}\n.staffcsl-tbl td{padding:10px;}\n\n\n.rss_header { display: none;}\t\t</style>\n\t\t</head>\n<body class=\"page-template page-template-faculty-profiles-db-template page-template-faculty-profiles-db-template-php page page-id-8 tribe-no-js header-image content-sidebar elementor-default\" itemscope itemtype=\"http://schema.org/WebPage\"><div class=\"site-container\"><header class=\"site-header\" itemscope itemtype=\"http://schema.org/WPHeader\"><div class=\"wrap\"><div class=\"title-area\"><h1 class=\"site-title\">\n\n      <div id='dept_header'>\n\n         <a id='dept_link' href='http://www.cs.uci.edu/' TITLE='Department of Computer Science in the Donald Bren School of Information and Computer Sciences @ UC Irvine'></a>\n\n         <a id='uci_link' href='http://www.uci.edu/' TITLE='University of California, Irvine'></a>\n\n         <a id='school_link' href='http://www.ics.uci.edu/' TITLE='Donald Bren School of Information and Computer Sciences'></a>\n\n      </div>\n\n   </h1></div><div class=\"widget-area header-widget-area\"><section id=\"search-4\" class=\"widget widget_search\"><div class=\"widget-wrap\"><form class=\"search-form\" itemprop=\"potentialAction\" itemscope itemtype=\"http://schema.org/SearchAction\" method=\"get\" action=\"https://www.cs.uci.edu/\" role=\"search\"><meta itemprop=\"target\" content=\"https://www.cs.uci.edu/?s={s}\"/><input itemprop=\"query-input\" type=\"search\" name=\"s\" placeholder=\"Search this site...\" /><input type=\"submit\" value=\"Search\"  /></form></div></section>\n</div></div></header><nav class=\"nav-primary\" itemscope itemtype=\"http://schema.org/SiteNavigationElement\"><div class=\"wrap\"><ul id=\"menu-header-menu\" class=\"menu genesis-nav-menu menu-primary\"><li id=\"menu-item-17\" class=\"menu-item menu-item-type-post_type menu-item-object-page menu-item-has-children menu-item-17\"><a href=\"https://www.cs.uci.edu/about-the-department/\" itemprop=\"url\"><span itemprop=\"name\">Explore</span></a>\n<ul class=\"sub-menu\">\n\t<li id=\"menu-item-58\" class=\"menu-item menu-item-type-post_type menu-item-object-page menu-item-58\"><a href=\"https://www.cs.uci.edu/contact/\" itemprop=\"url\"><span itemprop=\"name\">Contact Us</span></a></li>\n</ul>\n</li>\n<li id=\"menu-item-16\" class=\"menu-item menu-item-type-post_type menu-item-object-page current-menu-item page_item page-item-8 current_page_item menu-item-16\"><a href=\"https://www.cs.uci.edu/faculty/\" aria-current=\"page\" itemprop=\"url\"><span itemprop=\"name\">Faculty</span></a></li>\n<li id=\"menu-item-18\" class=\"menu-item menu-item-type-custom menu-item-object-custom menu-item-has-children menu-item-18\"><a href=\"#\" itemprop=\"url\"><span itemprop=\"name\">Research</span></a>\n<ul class=\"sub-menu\">\n\t<li id=\"menu-item-2407\" class=\"menu-item menu-item-type-post_type menu-item-object-page menu-item-2407\"><a href=\"https://www.cs.uci.edu/cs-research-areas/\" itemprop=\"url\"><span itemprop=\"name\">Research Areas</span></a></li>\n\t<li id=\"menu-item-50\" class=\"menu-item menu-item-type-post_type menu-item-object-page menu-item-50\"><a href=\"https://www.cs.uci.edu/research-centers/\" itemprop=\"url\"><span itemprop=\"name\">Research Centers</span></a></li>\n</ul>\n</li>\n<li id=\"menu-item-370\" class=\"menu-item menu-item-type-custom menu-item-object-custom menu-item-has-children menu-item-370\"><a href=\"#\" itemprop=\"url\"><span itemprop=\"name\">Graduate Degrees</span></a>\n<ul class=\"sub-menu\">\n\t<li id=\"menu-item-372\" class=\"menu-item menu-item-type-post_type menu-item-object-page menu-item-372\"><a href=\"https://www.cs.uci.edu/graduate-computer-science-programs/\" itemprop=\"url\"><span itemprop=\"name\">Computer Science Programs</span></a></li>\n\t<li id=\"menu-item-371\" class=\"menu-item menu-item-type-post_type menu-item-object-page menu-item-371\"><a href=\"https://www.cs.uci.edu/current-graduate-students/\" itemprop=\"url\"><span itemprop=\"name\">Current Graduate Students</span></a></li>\n</ul>\n</li>\n<li id=\"menu-item-1915\" class=\"menu-item menu-item-type-post_type menu-item-object-page menu-item-1915\"><a href=\"https://www.cs.uci.edu/undergraduate-programs/\" itemprop=\"url\"><span itemprop=\"name\">Undergraduate Degrees</span></a></li>\n<li id=\"menu-item-1382\" class=\"menu-item menu-item-type-custom menu-item-object-custom menu-item-has-children menu-item-1382\"><a href=\"#\" itemprop=\"url\"><span itemprop=\"name\">News  &#038; Events</span></a>\n<ul class=\"sub-menu\">\n\t<li id=\"menu-item-1688\" class=\"menu-item menu-item-type-custom menu-item-object-custom menu-item-1688\"><a href=\"/news\" itemprop=\"url\"><span itemprop=\"name\">News</span></a></li>\n\t<li id=\"menu-item-1423\" class=\"menu-item menu-item-type-custom menu-item-object-custom menu-item-1423\"><a href=\"/events/computer-science-seminar-series/\" itemprop=\"url\"><span itemprop=\"name\">Seminar Series</span></a></li>\n\t<li id=\"menu-item-1655\" class=\"menu-item menu-item-type-custom menu-item-object-custom menu-item-1655\"><a href=\"/events/distinguished-lecture-series/\" itemprop=\"url\"><span itemprop=\"name\">Distinguished Lecture Series</span></a></li>\n\t<li id=\"menu-item-1442\" class=\"menu-item menu-item-type-custom menu-item-object-custom menu-item-1442\"><a href=\"/event/2017-computer-science-research-showcase/\" itemprop=\"url\"><span itemprop=\"name\">Research Showcase</span></a></li>\n</ul>\n</li>\n<li id=\"menu-item-1873\" class=\"menu-item menu-item-type-custom menu-item-object-custom menu-item-has-children menu-item-1873\"><a href=\"#\" itemprop=\"url\"><span itemprop=\"name\"><span class=\"apply-now-btn\">Apply Now</span></span></a>\n<ul class=\"sub-menu\">\n\t<li id=\"menu-item-1875\" class=\"menu-item menu-item-type-custom menu-item-object-custom menu-item-1875\"><a target=\"_blank\" rel=\"noopener noreferrer\" href=\"https://www.admissions.uci.edu/apply/index.php\" itemprop=\"url\"><span itemprop=\"name\">Undergraduate Admissions</span></a></li>\n\t<li id=\"menu-item-1874\" class=\"menu-item menu-item-type-custom menu-item-object-custom menu-item-1874\"><a target=\"_blank\" rel=\"noopener noreferrer\" href=\"https://apply.grad.uci.edu/apply/\" itemprop=\"url\"><span itemprop=\"name\">Graduate Admissions</span></a></li>\n\t<li id=\"menu-item-1927\" class=\"menu-item menu-item-type-post_type menu-item-object-page menu-item-1927\"><a href=\"https://www.cs.uci.edu/job-opportunities/\" itemprop=\"url\"><span itemprop=\"name\">Faculty Candidates</span></a></li>\n</ul>\n</li>\n</ul></div></nav><div class=\"site-inner\"><div class=\"content-sidebar-wrap\"><main class=\"content\"><article class=\"post-8 page type-page status-publish entry\" itemscope itemtype=\"http://schema.org/CreativeWork\"><header class=\"entry-header\"><h1 class=\"entry-title\" itemprop=\"headline\">Faculty</h1> \n</header><div class=\"entry-content\" itemprop=\"text\"><STYLE>\n            .people_table TR { vertical-align: top; }\n            .people_table TD { padding: 0.5em; padding-bottom: 1em; }\n            .people_table tr:nth-child(even) { background: #FDFDFE; }\n            .people_table tr:nth-child(odd) { background: #FAFAFB; }\n         </STYLE><TABLE CLASS='people_table'><TR>\n\n\n            <TD><IMG SRC='http://www.ics.uci.edu/bin/img/photos/faculty/alfaro.jpg' ALT='photo::Shannon Alfaro' WIDTH='70' HEIGHT='90'></TD><TD>\n\n                                <STRONG><A HREF='http://www.ics.uci.edu/~stauro/'>Shannon Alfaro</a></STRONG>\n                                                            <br>\n                                                                <strong>Continuing Lecturer</strong>\n                                                                <br><strong>E-mail:</strong> <A HREF='&#109;&#097;&#105;&#108;&#116;&#111;&#058;%20alfaro&#64;uci&#46;edu'>alfaro&#64;uci&#46;edu</A> <br>\n                              <strong>Phone:</strong> (949) 824-9544 <br>\n                              <strong>Office:</strong> DBH 4208 <br><strong><a href='http://www.ics.uci.edu/faculty/profiles/view_faculty.php?ucinetid=alfaro'>Learn more</a></strong>\n                                                                                    </td>\n                                                                                </tr><TR>\n\n\n            <TD><IMG SRC='http://www.ics.uci.edu/bin/img/photos/faculty/ardalan.jpg' ALT='photo::Ardalan Amiri Sani' WIDTH='70' HEIGHT='90'></TD><TD>\n\n                                <STRONG><A HREF='http://www.ics.uci.edu/~ardalan/'>Ardalan Amiri Sani</a></STRONG>\n                                                            <br>\n                                                                <strong>Assistant Professor</strong>\n                                                                <br><strong>Research Area:</strong> Embedded Systems<br>Networks and Distributed Systems<br><strong>E-mail:</strong> <A HREF='&#109;&#097;&#105;&#108;&#116;&#111;&#058;%20ardalan&#64;uci&#46;edu'>ardalan&#64;uci&#46;edu</A> <br>\n                              <strong>Phone:</strong> (949) 824-6753 <br>\n                              <strong>Office:</strong> DBH 3206 <br><strong><a href='http://www.ics.uci.edu/faculty/profiles/view_faculty.php?ucinetid=ardalan'>Learn more</a></strong>\n                                                                                    </td>\n                                                                                </tr><TR>\n\n\n            <TD><IMG SRC='http://www.ics.uci.edu/bin/img/photos/faculty/pfbaldi.jpg' ALT='photo::Pierre Baldi' WIDTH='70' HEIGHT='90'></TD><TD>\n\n                                <STRONG><A HREF='http://www.ics.uci.edu/~pfbaldi/'>Pierre Baldi</a></STRONG>\n                                                            <br>\n                                                                <strong>Distinguished Professor, Director Institute for Genomics and Bioinformatics</strong>\n                                                                <br><strong>Research Area:</strong> Artificial Intelligence and Machine Learning<br>Biomedical Informatics and Computational Biology<br>Databases and Data Mining<br>Environmental Informatics<br>Statistics and Statistical Theory<br><strong>E-mail:</strong> <A HREF='&#109;&#097;&#105;&#108;&#116;&#111;&#058;%20pfbaldi&#64;ics&#46;uci&#46;edu'>pfbaldi&#64;ics&#46;uci&#46;edu</A> <br>\n                              <strong>Phone:</strong> (949) 824-5809 <br>\n                              <strong>Office:</strong> DBH 4038 <br><strong><a href='http://www.ics.uci.edu/faculty/profiles/view_faculty.php?ucinetid=pfbaldi'>Learn more</a></strong>\n                                                                                    </td>\n                                                                                </tr><TR>\n\n\n            <TD><IMG SRC='http://www.ics.uci.edu/bin/img/photos/faculty/lbic.jpg' ALT='photo::Lubomir Bic' WIDTH='70' HEIGHT='90'></TD><TD>\n\n                                <STRONG><A HREF='http://www.ics.uci.edu/~bic/'>Lubomir Bic</a></STRONG>\n                                                            <br>\n                                                                <strong>Professor</strong>\n                                                                <br><strong>Research Area:</strong> Networks and Distributed Systems<br><strong>E-mail:</strong> <A HREF='&#109;&#097;&#105;&#108;&#116;&#111;&#058;%20bic&#64;ics&#46;uci&#46;edu'>bic&#64;ics&#46;uci&#46;edu</A> <br>\n                              <strong>Phone:</strong> (949) 824-5248 <br>\n                              <strong>Office:</strong> DBH 3224 <br><strong><a href='http://www.ics.uci.edu/faculty/profiles/view_faculty.php?ucinetid=lbic'>Learn more</a></strong>\n                                                                                    </td>\n                                                                                </tr><TR>\n\n\n            <TD><IMG SRC='http://www.ics.uci.edu/bin/img/photos/faculty/ebozorgz.jpg' ALT='photo::Elaheh (Eli) Bozorgzadeh' WIDTH='70' HEIGHT='90'></TD><TD>\n\n                                <STRONG><A HREF='http://www.ics.uci.edu/~eli/'>Elaheh (Eli) Bozorgzadeh</a></STRONG>\n                                                            <br>\n                                                                <strong>Professor</strong>\n                                                                <br><strong>Research Area:</strong> Computer Architecture and Design<br><strong>E-mail:</strong> <A HREF='&#109;&#097;&#105;&#108;&#116;&#111;&#058;%20eli&#64;ics&#46;uci&#46;edu'>eli&#64;ics&#46;uci&#46;edu</A> <br>\n                              <strong>Phone:</strong> (949) 824-8860 <br>\n                              <strong>Office:</strong> DBH 3092 <br><strong><a href='http://www.ics.uci.edu/faculty/profiles/view_faculty.php?ucinetid=ebozorgz'>Learn more</a></strong>\n                                                                                    </td>\n                                                                                </tr><TR>\n\n\n            <TD><IMG SRC='http://www.ics.uci.edu/bin/img/photos/faculty/aburtsev.jpg' ALT='photo::Anton Burtsev' WIDTH='70' HEIGHT='90'></TD><TD>\n\n                                <STRONG><A HREF='http://www.ics.uci.edu/~aburtsev/'>Anton Burtsev</a></STRONG>\n                                                            <br>\n                                                                <strong>Assistant Adjunct Professor</strong>\n                                                                <br><strong>Research Area:</strong> Operating Systems<br><strong>E-mail:</strong> <A HREF='&#109;&#097;&#105;&#108;&#116;&#111;&#058;%20aburtsev&#64;uci&#46;edu'>aburtsev&#64;uci&#46;edu</A> <br>\n                              <strong>Phone:</strong> (949) 824-6753 <br>\n                              <strong>Office:</strong> DBH 3066 <br><strong><a href='http://www.ics.uci.edu/faculty/profiles/view_faculty.php?ucinetid=aburtsev'>Learn more</a></strong>\n                                                                                    </td>\n                                                                                </tr><TR>\n\n\n            <TD><IMG SRC='http://www.ics.uci.edu/bin/img/photos/faculty/mjcarey.jpg' ALT='photo::Michael Carey' WIDTH='70' HEIGHT='90'></TD><TD>\n\n                                <STRONG><A HREF='http://www.ics.uci.edu/~mjcarey/'>Michael  J Carey</a></STRONG>\n                                                            <br>\n                                                                <strong>Distinguished Professor / Bren Professor of ICS</strong>\n                                                                <br><strong>Research Area:</strong> Databases and Data Mining<br><strong>E-mail:</strong> <A HREF='&#109;&#097;&#105;&#108;&#116;&#111;&#058;%20mjcarey&#64;ics&#46;uci&#46;edu'>mjcarey&#64;ics&#46;uci&#46;edu</A> <br>\n                              <strong>Phone:</strong> (949) 824-2302 <br>\n                              <strong>Office:</strong> DBH 2091 <br><strong><a href='http://www.ics.uci.edu/faculty/profiles/view_faculty.php?ucinetid=mjcarey'>Learn more</a></strong>\n                                                                                    </td>\n                                                                                </tr><TR>\n\n\n            <TD><IMG SRC='http://www.ics.uci.edu/bin/img/photos/faculty/alfchen.jpg' ALT='photo::Qi Alfred Chen' WIDTH='70' HEIGHT='90'></TD><TD>\n\n                                <STRONG><A HREF='https://www.ics.uci.edu/~alfchen/'>Qi Alfred Chen</a></STRONG>\n                                                            <br>\n                                                                <strong>Assistant Professor</strong>\n                                                                <br><strong>Research Area:</strong> Security and Privacy<br><strong>E-mail:</strong> <A HREF='&#109;&#097;&#105;&#108;&#116;&#111;&#058;%20alfchen&#64;uci&#46;edu'>alfchen&#64;uci&#46;edu</A> <br>\n                              <strong>Phone:</strong> (949)-824-7865 <br>\n                              <strong>Office:</strong> DBH 3204 <br><strong><a href='http://www.ics.uci.edu/faculty/profiles/view_faculty.php?ucinetid=alfchen'>Learn more</a></strong>\n                                                                                    </td>\n                                                                                </tr><TR>\n\n\n            <TD><IMG SRC='http://www.ics.uci.edu/bin/img/photos/faculty/dechter.jpg' ALT='photo::Rina Dechter' WIDTH='70' HEIGHT='90'></TD><TD>\n\n                                <STRONG><A HREF='http://www.ics.uci.edu/~dechter/'>Rina Dechter</a></STRONG>\n                                                            <br>\n                                                                <strong>Chancellor's Professor</strong>\n                                                                <br><strong>Research Area:</strong> Artificial Intelligence and Machine Learning<br><strong>E-mail:</strong> <A HREF='&#109;&#097;&#105;&#108;&#116;&#111;&#058;%20dechter&#64;ics&#46;uci&#46;edu'>dechter&#64;ics&#46;uci&#46;edu</A> <br>\n                              <strong>Phone:</strong> (949) 824-6556 <br>\n                              <strong>Office:</strong> DBH 4232 <br><strong><a href='http://www.ics.uci.edu/faculty/profiles/view_faculty.php?ucinetid=dechter'>Learn more</a></strong>\n                                                                                    </td>\n                                                                                </tr><TR>\n\n\n            <TD><IMG SRC='http://www.ics.uci.edu/bin/img/photos/faculty/mbdillen.jpg' ALT='photo::Michael Dillencourt' WIDTH='70' HEIGHT='90'></TD><TD>\n\n                                <STRONG><A HREF='http://www.ics.uci.edu/~dillenco/'>Michael Dillencourt</a></STRONG>\n                                                            <br>\n                                                                <strong>Professor</strong>\n                                                                <br><strong>Research Area:</strong> Algorithms and Complexity<br>Networks and Distributed Systems<br><strong>E-mail:</strong> <A HREF='&#109;&#097;&#105;&#108;&#116;&#111;&#058;%20dillenco&#64;ics&#46;uci&#46;edu'>dillenco&#64;ics&#46;uci&#46;edu</A> <br>\n                              <strong>Phone:</strong> (949) 824-7556 <br>\n                              <strong>Office:</strong> DBH 4086 <br><strong><a href='http://www.ics.uci.edu/faculty/profiles/view_faculty.php?ucinetid=mbdillen'>Learn more</a></strong>\n                                                                                    </td>\n                                                                                </tr><TR>\n\n\n            <TD><IMG SRC='http://www.ics.uci.edu/bin/img/photos/faculty/dutt.jpg' ALT='photo::Nikil Dutt' WIDTH='70' HEIGHT='90'></TD><TD>\n\n                                <STRONG><A HREF='http://www.ics.uci.edu/~dutt/'>Nikil Dutt</a></STRONG>\n                                                            <br>\n                                                                <strong>Distinguished Professor</strong>\n                                                                <br><strong>Research Area:</strong> Computer Architecture and Design<br>Embedded Systems<br><strong>E-mail:</strong> <A HREF='&#109;&#097;&#105;&#108;&#116;&#111;&#058;%20dutt&#64;ics&#46;uci&#46;edu'>dutt&#64;ics&#46;uci&#46;edu</A> <br>\n                              <strong>Phone:</strong> (949) 824-7219 <br>\n                              <strong>Office:</strong> DBH 3091 <br><strong><a href='http://www.ics.uci.edu/faculty/profiles/view_faculty.php?ucinetid=dutt'>Learn more</a></strong>\n                                                                                    </td>\n                                                                                </tr><TR>\n\n\n            <TD><IMG SRC='http://www.ics.uci.edu/bin/img/photos/faculty/elzarki.jpg' ALT='photo::Magda El Zarki' WIDTH='70' HEIGHT='90'></TD><TD>\n\n                                <STRONG><A HREF='http://www.ics.uci.edu/~magda/'>Magda El Zarki</a></STRONG>\n                                                            <br>\n                                                                <strong>Professor</strong>\n                                                                <br><strong>Research Area:</strong> Multimedia Computing<br>Networks and Distributed Systems<br><strong>E-mail:</strong> <A HREF='&#109;&#097;&#105;&#108;&#116;&#111;&#058;%20elzarki&#64;uci&#46;edu'>elzarki&#64;uci&#46;edu</A> <br>\n                              <strong>Phone:</strong> (949) 228-8584 <br>\n                              <strong>Office:</strong> DBH 3216 <br><strong><a href='http://www.ics.uci.edu/faculty/profiles/view_faculty.php?ucinetid=elzarki'>Learn more</a></strong>\n                                                                                    </td>\n                                                                                </tr><TR>\n\n\n            <TD><IMG SRC='http://www.ics.uci.edu/bin/img/photos/faculty/eppstein.jpg' ALT='photo::David Eppstein' WIDTH='70' HEIGHT='90'></TD><TD>\n\n                                <STRONG><A HREF='http://www.ics.uci.edu/~eppstein/'>David Eppstein</a></STRONG>\n                                                            <br>\n                                                                <strong>Chancellor's Professor</strong>\n                                                                <br><strong>Research Area:</strong> Algorithms and Complexity<br>Computer Graphics and Visualization<br><strong>E-mail:</strong> <A HREF='&#109;&#097;&#105;&#108;&#116;&#111;&#058;%20eppstein&#64;ics&#46;uci&#46;edu'>eppstein&#64;ics&#46;uci&#46;edu</A> <br>\n                              <strong>Phone:</strong> (949) 824-6384 <br>\n                              <strong>Office:</strong> DBH 4082 <br><strong><a href='http://www.ics.uci.edu/faculty/profiles/view_faculty.php?ucinetid=eppstein'>Learn more</a></strong>\n                                                                                    </td>\n                                                                                </tr><TR>\n\n\n            <TD><IMG SRC='http://www.ics.uci.edu/bin/img/photos/faculty/fowlkes.jpg' ALT='photo::Charless Fowlkes' WIDTH='70' HEIGHT='90'></TD><TD>\n\n                                <STRONG><A HREF='http://www.ics.uci.edu/~fowlkes'>Charless Fowlkes</a></STRONG>\n                                                            <br>\n                                                                <strong>Professor </strong>\n                                                                <br><strong>Research Area:</strong> Artificial Intelligence and Machine Learning<br>Biomedical Informatics and Computational Biology<br>Computer Vision<br><strong>E-mail:</strong> <A HREF='&#109;&#097;&#105;&#108;&#116;&#111;&#058;%20fowlkes&#64;ics&#46;uci&#46;edu'>fowlkes&#64;ics&#46;uci&#46;edu</A> <br>\n                              <strong>Phone:</strong> (949) 824-6945 <br>\n                              <strong>Office:</strong> DBH 4076 <br><strong><a href='http://www.ics.uci.edu/faculty/profiles/view_faculty.php?ucinetid=fowlkes'>Learn more</a></strong>\n                                                                                    </td>\n                                                                                </tr><TR>\n\n\n            <TD><IMG SRC='http://www.ics.uci.edu/bin/img/photos/faculty/royf.jpg' ALT='photo::Roy Fox' WIDTH='70' HEIGHT='90'></TD><TD>\n\n                                <STRONG><A HREF='https://roydfox.com/'>Roy Fox</a></STRONG>\n                                                            <br>\n                                                                <strong>Assistant Professor</strong>\n                                                                <br><strong>E-mail:</strong> <A HREF='&#109;&#097;&#105;&#108;&#116;&#111;&#058;%20royf&#64;uci&#46;edu'>royf&#64;uci&#46;edu</A> <br>\n                              <strong>Phone:</strong>  <br>\n                              <strong>Office:</strong> DBH 4064 <br><strong><a href='http://www.ics.uci.edu/faculty/profiles/view_faculty.php?ucinetid=royf'>Learn more</a></strong>\n                                                                                    </td>\n                                                                                </tr><TR>\n\n\n            <TD><IMG SRC='http://www.ics.uci.edu/bin/img/photos/faculty/franz.jpg' ALT='photo::Michael Franz' WIDTH='70' HEIGHT='90'></TD><TD>\n\n                                <STRONG><A HREF='http://www.ics.uci.edu/~franz/'>Michael Franz</a></STRONG>\n                                                            <br>\n                                                                <strong>Chancellor's Professor, Director: Secure Systems and Languages Laboratory</strong>\n                                                                <br><strong>Research Area:</strong> Programming Languages and Systems<br>Security and Privacy<br>Software Engineering<br><strong>E-mail:</strong> <A HREF='&#109;&#097;&#105;&#108;&#116;&#111;&#058;%20franz&#64;uci&#46;edu'>franz&#64;uci&#46;edu</A> <br>\n                              <strong>Phone:</strong> (949) 824-0016 <br>\n                              <strong>Office:</strong> ICS 444 <br><strong><a href='http://www.ics.uci.edu/faculty/profiles/view_faculty.php?ucinetid=franz'>Learn more</a></strong>\n                                                                                    </td>\n                                                                                </tr><TR>\n\n\n            <TD><IMG SRC='http://www.ics.uci.edu/bin/img/photos/faculty/sgagomas.jpg' ALT='photo::Sergio Gago-Masague' WIDTH='70' HEIGHT='90'></TD><TD>\n\n                                <STRONG><A HREF=''>Sergio Gago-Masague</a></STRONG>\n                                                            <br>\n                                                                <strong>Assistant Professor of Teaching</strong>\n                                                                <br><strong>Research Area:</strong> Pervasive Computing<br>User-centric Software Design<br>Human Computer Interaction<br>Serious Games\r\n<br><strong>E-mail:</strong> <A HREF='&#109;&#097;&#105;&#108;&#116;&#111;&#058;%20sergio&#46;gago&#64;uci&#46;edu'>sergio&#46;gago&#64;uci&#46;edu</A> <br>\n                              <strong>Phone:</strong> (949) 824-1925 <br>\n                              <strong>Office:</strong> DBH 3208 <br><strong><a href='http://www.ics.uci.edu/faculty/profiles/view_faculty.php?ucinetid=sgagomas'>Learn more</a></strong>\n                                                                                    </td>\n                                                                                </tr><TR>\n\n\n            <TD><IMG SRC='http://www.ics.uci.edu/bin/img/photos/faculty/igassko.jpg' ALT='photo::Irene Gassko' WIDTH='70' HEIGHT='90'></TD><TD>\n\n                                <STRONG><A HREF=' '>Irene Gassko</a></STRONG>\n                                                            <br>\n                                                                <strong>Lecturer</strong>\n                                                                <br><strong>E-mail:</strong> <A HREF='&#109;&#097;&#105;&#108;&#116;&#111;&#058;%20igassko&#64;uci&#46;edu'>igassko&#64;uci&#46;edu</A> <br>\n                              <strong>Phone:</strong>  <br>\n                              <strong>Office:</strong> ICS 424 <br><strong><a href='http://www.ics.uci.edu/faculty/profiles/view_faculty.php?ucinetid=igassko'>Learn more</a></strong>\n                                                                                    </td>\n                                                                                </tr><TR>\n\n\n            <TD><IMG SRC='http://www.ics.uci.edu/bin/img/photos/faculty/givargis.jpg' ALT='photo::Tony Givargis' WIDTH='70' HEIGHT='90'></TD><TD>\n\n                                <STRONG><A HREF='http://www.ics.uci.edu/~givargis/'>Tony Givargis</a></STRONG>\n                                                            <br>\n                                                                <strong>Professor; Vice Chair of Undergraduate Studies, Computer Science</strong>\n                                                                <br><strong>Research Area:</strong> Computer Architecture and Design<br>Embedded Systems<br><strong>E-mail:</strong> <A HREF='&#109;&#097;&#105;&#108;&#116;&#111;&#058;%20givargis&#64;uci&#46;edu'>givargis&#64;uci&#46;edu</A> <br>\n                              <strong>Phone:</strong> (949) 824-9357 <br>\n                              <strong>Office:</strong> DBH 3076 <br><strong><a href='http://www.ics.uci.edu/faculty/profiles/view_faculty.php?ucinetid=givargis'>Learn more</a></strong>\n                                                                                    </td>\n                                                                                </tr><TR>\n\n\n            <TD><IMG SRC='http://www.ics.uci.edu/bin/img/photos/faculty/goodrich.jpg' ALT='photo::Michael Goodrich' WIDTH='70' HEIGHT='90'></TD><TD>\n\n                                <STRONG><A HREF='http://www.ics.uci.edu/~goodrich/'>Michael T. Goodrich</a></STRONG>\n                                                            <br>\n                                                                <strong>Chancellor's Professor</strong>\n                                                                <br><strong>Research Area:</strong> Algorithms and Complexity<br>Computer Graphics and Visualization<br><strong>E-mail:</strong> <A HREF='&#109;&#097;&#105;&#108;&#116;&#111;&#058;%20goodrich&#64;ics&#46;uci&#46;edu'>goodrich&#64;ics&#46;uci&#46;edu</A> <br>\n                              <strong>Phone:</strong> (949) 824-9366 <br>\n                              <strong>Office:</strong> DBH 4091 <br><strong><a href='http://www.ics.uci.edu/faculty/profiles/view_faculty.php?ucinetid=goodrich'>Learn more</a></strong>\n                                                                                    </td>\n                                                                                </tr><TR>\n\n\n            <TD><IMG SRC='http://www.ics.uci.edu/bin/img/photos/faculty/iharris.jpg' ALT='photo::Ian Harris' WIDTH='70' HEIGHT='90'></TD><TD>\n\n                                <STRONG><A HREF='http://www.ics.uci.edu/~harris/'>Ian G. Harris</a></STRONG>\n                                                            <br>\n                                                                <strong>Professor</strong>\n                                                                <br><strong>Research Area:</strong> Computer Architecture and Design<br>Embedded Systems<br><strong>E-mail:</strong> <A HREF='&#109;&#097;&#105;&#108;&#116;&#111;&#058;%20harris&#64;ics&#46;uci&#46;edu'>harris&#64;ics&#46;uci&#46;edu</A> <br>\n                              <strong>Phone:</strong> (949) 824-8842 <br>\n                              <strong>Office:</strong> DBH 3088 <br><strong><a href='http://www.ics.uci.edu/faculty/profiles/view_faculty.php?ucinetid=iharris'>Learn more</a></strong>\n                                                                                    </td>\n                                                                                </tr><TR>\n\n\n            <TD><IMG SRC='http://www.ics.uci.edu/bin/img/photos/faculty/whayes.jpg' ALT='photo::Wayne Hayes' WIDTH='70' HEIGHT='90'></TD><TD>\n\n                                <STRONG><A HREF='http://www.ics.uci.edu/~wayne'>Wayne B Hayes</a></STRONG>\n                                                            <br>\n                                                                <strong>Associate Professor</strong>\n                                                                <br><strong>Research Area:</strong> Biomedical Informatics and Computational Biology<br>Computer Vision<br>Scientific and Numerical Computing<br><strong>E-mail:</strong> <A HREF='&#109;&#097;&#105;&#108;&#116;&#111;&#058;%20whayes&#64;uci&#46;edu'>whayes&#64;uci&#46;edu</A> <br>\n                              <strong>Phone:</strong> 9498241753 <br>\n                              <strong>Office:</strong> DBH 4092 <br><strong><a href='http://www.ics.uci.edu/faculty/profiles/view_faculty.php?ucinetid=whayes'>Learn more</a></strong>\n                                                                                    </td>\n                                                                                </tr><TR>\n\n\n            <TD><IMG SRC='http://www.ics.uci.edu/bin/img/photos/faculty/dhirschb.jpg' ALT='photo::Daniel Hirschberg' WIDTH='70' HEIGHT='90'></TD><TD>\n\n                                <STRONG><A HREF='http://www.ics.uci.edu/~dan/'>Daniel S. Hirschberg</a></STRONG>\n                                                            <br>\n                                                                <strong>Professor, Irvine Senate Parliamentarian</strong>\n                                                                <br><strong>Research Area:</strong> Algorithms and Complexity<br><strong>E-mail:</strong> <A HREF='&#109;&#097;&#105;&#108;&#116;&#111;&#058;%20dan&#64;ics&#46;uci&#46;edu'>dan&#64;ics&#46;uci&#46;edu</A> <br>\n                              <strong>Phone:</strong> (949) 824-6480 <br>\n                              <strong>Office:</strong> DBH 4226 <br><strong><a href='http://www.ics.uci.edu/faculty/profiles/view_faculty.php?ucinetid=dhirschb'>Learn more</a></strong>\n                                                                                    </td>\n                                                                                </tr><TR>\n\n\n            <TD><IMG SRC='http://www.ics.uci.edu/bin/img/photos/faculty/aihler.jpg' ALT='photo::Alexander Ihler' WIDTH='70' HEIGHT='90'></TD><TD>\n\n                                <STRONG><A HREF='http://www.ics.uci.edu/~ihler/'>Alexander Ihler</a></STRONG>\n                                                            <br>\n                                                                <strong> Associate Professor </strong>\n                                                                <br><strong>Research Area:</strong> Artificial Intelligence and Machine Learning<br><strong>E-mail:</strong> <A HREF='&#109;&#097;&#105;&#108;&#116;&#111;&#058;%20ihler&#64;ics&#46;uci&#46;edu'>ihler&#64;ics&#46;uci&#46;edu</A> <br>\n                              <strong>Phone:</strong> (949) 824-3645 <br>\n                              <strong>Office:</strong> DBH 4066 <br><strong><a href='http://www.ics.uci.edu/faculty/profiles/view_faculty.php?ucinetid=aihler'>Learn more</a></strong>\n                                                                                    </td>\n                                                                                </tr><TR>\n\n\n            <TD><IMG SRC='http://www.ics.uci.edu/bin/img/photos/faculty/ssirani.jpg' ALT='photo::Sandy Irani' WIDTH='70' HEIGHT='90'></TD><TD>\n\n                                <STRONG><A HREF='http://www.ics.uci.edu/~irani/'>Sandy Irani</a></STRONG>\n                                                            <br>\n                                                                <strong>Professor; Vice Chair Computing Division, Computer Science</strong>\n                                                                <br><strong>Research Area:</strong> Algorithms and Complexity<br><strong>E-mail:</strong> <A HREF='&#109;&#097;&#105;&#108;&#116;&#111;&#058;%20irani&#64;ics&#46;uci&#46;edu'>irani&#64;ics&#46;uci&#46;edu</A> <br>\n                              <strong>Phone:</strong> (949) 824-6346 <br>\n                              <strong>Office:</strong> DBH 4042 <br><strong><a href='http://www.ics.uci.edu/faculty/profiles/view_faculty.php?ucinetid=ssirani'>Learn more</a></strong>\n                                                                                    </td>\n                                                                                </tr><TR>\n\n\n            <TD><IMG SRC='http://www.ics.uci.edu/bin/img/photos/faculty/rcjain.jpg' ALT='photo::Ramesh Jain' WIDTH='70' HEIGHT='90'></TD><TD>\n\n                                <STRONG><A HREF='http://ngs.ics.uci.edu/'>Ramesh Jain</a></STRONG>\n                                                            <br>\n                                                                <strong>Distinguished Professor / Bren Professor of ICS</strong>\n                                                                <br><strong>Research Area:</strong> Computer Vision<br>Multimedia Computing<br><strong>E-mail:</strong> <A HREF='&#109;&#097;&#105;&#108;&#116;&#111;&#058;%20jain&#64;ics&#46;uci&#46;edu'>jain&#64;ics&#46;uci&#46;edu</A> <br>\n                              <strong>Phone:</strong> (949) 824-0133 <br>\n                              <strong>Office:</strong> DBH 3222 <br><strong><a href='http://www.ics.uci.edu/faculty/profiles/view_faculty.php?ucinetid=rcjain'>Learn more</a></strong>\n                                                                                    </td>\n                                                                                </tr><TR>\n\n\n            <TD><IMG SRC='http://www.ics.uci.edu/bin/img/photos/faculty/sjarecki.jpg' ALT='photo::Stanislaw Jarecki' WIDTH='70' HEIGHT='90'></TD><TD>\n\n                                <STRONG><A HREF='http://www.ics.uci.edu/~stasio'>Stanislaw Jarecki</a></STRONG>\n                                                            <br>\n                                                                <strong>Professor</strong>\n                                                                <br><strong>Research Area:</strong> Algorithms and Complexity<br><strong>E-mail:</strong> <A HREF='&#109;&#097;&#105;&#108;&#116;&#111;&#058;%20stasio&#64;ics&#46;uci&#46;edu'>stasio&#64;ics&#46;uci&#46;edu</A> <br>\n                              <strong>Phone:</strong> (949) 824-8878 <br>\n                              <strong>Office:</strong> DBH 4026 <br><strong><a href='http://www.ics.uci.edu/faculty/profiles/view_faculty.php?ucinetid=sjarecki'>Learn more</a></strong>\n                                                                                    </td>\n                                                                                </tr><TR>\n\n\n            <TD><IMG SRC='http://www.ics.uci.edu/bin/img/photos/faculty/sjordan.jpg' ALT='photo::Scott Jordan' WIDTH='70' HEIGHT='90'></TD><TD>\n\n                                <STRONG><A HREF='http://www.ics.uci.edu/~sjordan/'>Scott Jordan</a></STRONG>\n                                                            <br>\n                                                                <strong>Professor</strong>\n                                                                <br><strong>Research Area:</strong> Networks and Distributed Systems<br><strong>E-mail:</strong> <A HREF='&#109;&#097;&#105;&#108;&#116;&#111;&#058;%20sjordan&#64;uci&#46;edu'>sjordan&#64;uci&#46;edu</A> <br>\n                              <strong>Phone:</strong> (949) 824-2177 <br>\n                              <strong>Office:</strong> DBH 3214 <br><strong><a href='http://www.ics.uci.edu/faculty/profiles/view_faculty.php?ucinetid=sjordan'>Learn more</a></strong>\n                                                                                    </td>\n                                                                                </tr><TR>\n\n\n            <TD><IMG SRC='http://www.ics.uci.edu/bin/img/photos/faculty/swjun.jpg' ALT='photo::Sang-Woo Jun' WIDTH='70' HEIGHT='90'></TD><TD>\n\n                                <STRONG><A HREF='https://www.ics.uci.edu/~swjun/'>Sang-Woo Jun</a></STRONG>\n                                                            <br>\n                                                                <strong>Assistant Professor</strong>\n                                                                <br><strong>Research Area:</strong> Computer Systems Architecture<br>Hardware Acceleration<br>and Non-Volatile Memory<br><strong>E-mail:</strong> <A HREF='&#109;&#097;&#105;&#108;&#116;&#111;&#058;%20swjun&#64;uci&#46;edu'>swjun&#64;uci&#46;edu</A> <br>\n                              <strong>Phone:</strong>  <br>\n                              <strong>Office:</strong> DBH 3072 <br><strong><a href='http://www.ics.uci.edu/faculty/profiles/view_faculty.php?ucinetid=swjun'>Learn more</a></strong>\n                                                                                    </td>\n                                                                                </tr><TR>\n\n\n            <TD><IMG SRC='http://www.ics.uci.edu/bin/img/photos/faculty/kay.jpg' ALT='photo::David Kay' WIDTH='70' HEIGHT='90'></TD><TD>\n\n                                <STRONG><A HREF='http://www.ics.uci.edu/~kay/'>David G. Kay</a></STRONG>\n                                                            <br>\n                                                                <strong>Professor Emeritus of Teaching</strong>\n                                                                <br><strong>E-mail:</strong> <A HREF='&#109;&#097;&#105;&#108;&#116;&#111;&#058;%20kay&#64;uci&#46;edu'>kay&#64;uci&#46;edu</A> <br>\n                              <strong>Phone:</strong> (949) 824-5072 <br>\n                              <strong>Office:</strong> DBH 5056 <br><strong><a href='http://www.ics.uci.edu/faculty/profiles/view_faculty.php?ucinetid=kay'>Learn more</a></strong>\n                                                                                    </td>\n                                                                                </tr><TR>\n\n\n            <TD><IMG SRC='http://www.ics.uci.edu/bin/img/photos/faculty/dfkibler.jpg' ALT='photo::Dennis Kibler' WIDTH='70' HEIGHT='90'></TD><TD>\n\n                                <STRONG><A HREF='http://www.ics.uci.edu/~kibler/'>Dennis Kibler</a></STRONG>\n                                                            <br>\n                                                                <strong>Professor Emeritus</strong>\n                                                                <br><strong>E-mail:</strong> <A HREF='&#109;&#097;&#105;&#108;&#116;&#111;&#058;%20kibler&#64;ics&#46;uci&#46;edu'>kibler&#64;ics&#46;uci&#46;edu</A> <br>\n                              <strong>Phone:</strong> (949) 824-6753 <br>\n                              <strong>Office:</strong>  <br><strong><a href='http://www.ics.uci.edu/faculty/profiles/view_faculty.php?ucinetid=dfkibler'>Learn more</a></strong>\n                                                                                    </td>\n                                                                                </tr><TR>\n\n\n            <TD><IMG SRC='http://www.ics.uci.edu/bin/img/photos/faculty/klefstad.jpg' ALT='photo::Ray Klefstad' WIDTH='70' HEIGHT='90'></TD><TD>\n\n                                <STRONG><A HREF='http://www.ics.uci.edu/~klefstad/'>Ray Klefstad</a></STRONG>\n                                                            <br>\n                                                                <strong>Associate Professor of Teaching</strong>\n                                                                <br><strong>Research Area:</strong> Embedded Systems<br>Networks and Distributed Systems<br>Programming Languages and Systems<br><strong>E-mail:</strong> <A HREF='&#109;&#097;&#105;&#108;&#116;&#111;&#058;%20klefstad&#64;uci&#46;edu'>klefstad&#64;uci&#46;edu</A> <br>\n                              <strong>Phone:</strong> (949) 824-6753 <br>\n                              <strong>Office:</strong> ICS 424 <br><strong><a href='http://www.ics.uci.edu/faculty/profiles/view_faculty.php?ucinetid=klefstad'>Learn more</a></strong>\n                                                                                    </td>\n                                                                                </tr><TR>\n\n\n            <TD><IMG SRC='http://www.ics.uci.edu/bin/img/photos/faculty/rickl.jpg' ALT='photo::Richard Lathrop' WIDTH='70' HEIGHT='90'></TD><TD>\n\n                                <STRONG><A HREF='http://www.ics.uci.edu/~rickl/'>Richard Lathrop</a></STRONG>\n                                                            <br>\n                                                                <strong>Professor</strong>\n                                                                <br><strong>Research Area:</strong> Artificial Intelligence and Machine Learning<br>Biomedical Informatics and Computational Biology<br><strong>E-mail:</strong> <A HREF='&#109;&#097;&#105;&#108;&#116;&#111;&#058;%20rickl&#64;ics&#46;uci&#46;edu'>rickl&#64;ics&#46;uci&#46;edu</A> <br>\n                              <strong>Phone:</strong> (949) 824-4021 <br>\n                              <strong>Office:</strong> DBH 4224 <br><strong><a href='http://www.ics.uci.edu/faculty/profiles/view_faculty.php?ucinetid=rickl'>Learn more</a></strong>\n                                                                                    </td>\n                                                                                </tr><TR>\n\n\n            <TD><IMG SRC='http://www.ics.uci.edu/bin/img/photos/faculty/levorato.jpg' ALT='photo::Marco  Levorato' WIDTH='70' HEIGHT='90'></TD><TD>\n\n                                <STRONG><A HREF='http://www.ics.uci.edu/~mlevorat/ '>Marco  Levorato</a></STRONG>\n                                                            <br>\n                                                                <strong>Associate Professor</strong>\n                                                                <br><strong>Research Area:</strong> Artificial Intelligence and Machine Learning<br>Networks and Distributed Systems<br>Statistics and Statistical Theory<br><strong>E-mail:</strong> <A HREF='&#109;&#097;&#105;&#108;&#116;&#111;&#058;%20levorato&#64;uci&#46;edu'>levorato&#64;uci&#46;edu</A> <br>\n                              <strong>Phone:</strong> (949) 824-2175 <br>\n                              <strong>Office:</strong> DBH 3212 <br><strong><a href='http://www.ics.uci.edu/faculty/profiles/view_faculty.php?ucinetid=levorato'>Learn more</a></strong>\n                                                                                    </td>\n                                                                                </tr><TR>\n\n\n            <TD><IMG SRC='http://www.ics.uci.edu/bin/img/photos/faculty/chenli.jpg' ALT='photo::Chen Li' WIDTH='70' HEIGHT='90'></TD><TD>\n\n                                <STRONG><A HREF='http://www.ics.uci.edu/~chenli/'>Chen Li</a></STRONG>\n                                                            <br>\n                                                                <strong>Professor</strong>\n                                                                <br><strong>Research Area:</strong> Databases and Text Processing<br><strong>E-mail:</strong> <A HREF='&#109;&#097;&#105;&#108;&#116;&#111;&#058;%20chenli&#64;ics&#46;uci&#46;edu'>chenli&#64;ics&#46;uci&#46;edu</A> <br>\n                              <strong>Phone:</strong> (949) 824-9470 <br>\n                              <strong>Office:</strong> DBH 2092 <br><strong><a href='http://www.ics.uci.edu/faculty/profiles/view_faculty.php?ucinetid=chenli'>Learn more</a></strong>\n                                                                                    </td>\n                                                                                </tr><TR>\n\n\n            <TD><IMG SRC='http://www.ics.uci.edu/bin/img/photos/faculty/lueker.jpg' ALT='photo::George Lueker' WIDTH='70' HEIGHT='90'></TD><TD>\n\n                                <STRONG><A HREF='http://www.ics.uci.edu/~lueker/'>George S. Lueker</a></STRONG>\n                                                            <br>\n                                                                <strong>Professor Emeritus</strong>\n                                                                <br><strong>Research Area:</strong> Algorithms and Complexity<br><strong>E-mail:</strong> <A HREF='&#109;&#097;&#105;&#108;&#116;&#111;&#058;%20lueker&#64;ics&#46;uci&#46;edu'>lueker&#64;ics&#46;uci&#46;edu</A> <br>\n                              <strong>Phone:</strong> (949) 824-6753 <br>\n                              <strong>Office:</strong>  <br><strong><a href='http://www.ics.uci.edu/faculty/profiles/view_faculty.php?ucinetid=lueker'>Learn more</a></strong>\n                                                                                    </td>\n                                                                                </tr><TR>\n\n\n            <TD><IMG SRC='http://www.ics.uci.edu/bin/img/photos/faculty/majumder.jpg' ALT='photo::Aditi Majumder' WIDTH='70' HEIGHT='90'></TD><TD>\n\n                                <STRONG><A HREF='http://www.ics.uci.edu/~majumder'>Aditi Majumder</a></STRONG>\n                                                            <br>\n                                                                <strong>Professor</strong>\n                                                                <br><strong>Research Area:</strong> Computer Graphics and Visualization<br>Computer Vision<br><strong>E-mail:</strong> <A HREF='&#109;&#097;&#105;&#108;&#116;&#111;&#058;%20majumder&#64;ics&#46;uci&#46;edu'>majumder&#64;ics&#46;uci&#46;edu</A> <br>\n                              <strong>Phone:</strong> (949) 824-8877 <br>\n                              <strong>Office:</strong> DBH 4056 <br><strong><a href='http://www.ics.uci.edu/faculty/profiles/view_faculty.php?ucinetid=majumder'>Learn more</a></strong>\n                                                                                    </td>\n                                                                                </tr><TR>\n\n\n            <TD><IMG SRC='http://www.ics.uci.edu/bin/img/photos/faculty/mandt.jpg' ALT='photo::Stephan Mandt' WIDTH='70' HEIGHT='90'></TD><TD>\n\n                                <STRONG><A HREF='http://www.stephanmandt.com'>Stephan Mandt</a></STRONG>\n                                                            <br>\n                                                                <strong>Assistant Professor</strong>\n                                                                <br><strong>Research Area:</strong> Artificial Intelligence and Machine Learning<br><strong>E-mail:</strong> <A HREF='&#109;&#097;&#105;&#108;&#116;&#111;&#058;%20mandt&#64;uci&#46;edu'>mandt&#64;uci&#46;edu</A> <br>\n                              <strong>Phone:</strong> (949) 824-6753 <br>\n                              <strong>Office:</strong> DBH 4072 <br><strong><a href='http://www.ics.uci.edu/faculty/profiles/view_faculty.php?ucinetid=mandt'>Learn more</a></strong>\n                                                                                    </td>\n                                                                                </tr><TR>\n\n\n            <TD><IMG SRC='http://www.ics.uci.edu/bin/img/photos/faculty/gopi.jpg' ALT='photo::Gopi Meenakshisundaram' WIDTH='70' HEIGHT='90'></TD><TD>\n\n                                <STRONG><A HREF='http://www.ics.uci.edu/~gopi'>Gopi Meenakshisundaram</a></STRONG>\n                                                            <br>\n                                                                <strong>Professor, Assoc. Dean for Student Affairs</strong>\n                                                                <br><strong>Research Area:</strong> Computer Graphics and Visualization<br>Computer Vision<br><strong>E-mail:</strong> <A HREF='&#109;&#097;&#105;&#108;&#116;&#111;&#058;%20gopi&#64;ics&#46;uci&#46;edu'>gopi&#64;ics&#46;uci&#46;edu</A> <br>\n                              <strong>Phone:</strong> (949) 824-9498 <br>\n                              <strong>Office:</strong> DBH 4212 <br><strong><a href='http://www.ics.uci.edu/faculty/profiles/view_faculty.php?ucinetid=gopi'>Learn more</a></strong>\n                                                                                    </td>\n                                                                                </tr><TR>\n\n\n            <TD><IMG SRC='http://www.ics.uci.edu/bin/img/photos/faculty/smehrotr.jpg' ALT='photo::Sharad Mehrotra' WIDTH='70' HEIGHT='90'></TD><TD>\n\n                                <STRONG><A HREF='http://www.ics.uci.edu/~sharad'>Sharad Mehrotra</a></STRONG>\n                                                            <br>\n                                                                <strong>Professor</strong>\n                                                                <br><strong>Research Area:</strong> Databases and Data Mining<br>Multimedia Computing<br>Networks and Distributed Systems<br><strong>E-mail:</strong> <A HREF='&#109;&#097;&#105;&#108;&#116;&#111;&#058;%20sharad&#64;ics&#46;uci&#46;edu'>sharad&#64;ics&#46;uci&#46;edu</A> <br>\n                              <strong>Phone:</strong> (949) 824-5975 <br>\n                              <strong>Office:</strong> DBH 2082 <br><strong><a href='http://www.ics.uci.edu/faculty/profiles/view_faculty.php?ucinetid=smehrotr'>Learn more</a></strong>\n                                                                                    </td>\n                                                                                </tr><TR>\n\n\n            <TD><IMG SRC='http://www.ics.uci.edu/bin/img/photos/faculty/mihail.jpg' ALT='photo::Milena Mihail' WIDTH='70' HEIGHT='90'></TD><TD>\n\n                                <STRONG><A HREF=''>Milena Mihail</a></STRONG>\n                                                            <br>\n                                                                <strong></strong>\n                                                                <br><strong>E-mail:</strong> <A HREF='&#109;&#097;&#105;&#108;&#116;&#111;&#058;%20mihail&#64;uci&#46;edu'>mihail&#64;uci&#46;edu</A> <br>\n                              <strong>Phone:</strong>  <br>\n                              <strong>Office:</strong>  <br><strong><a href='http://www.ics.uci.edu/faculty/profiles/view_faculty.php?ucinetid=mihail'>Learn more</a></strong>\n                                                                                    </td>\n                                                                                </tr><TR>\n\n\n            <TD><IMG SRC='http://www.ics.uci.edu/bin/img/photos/faculty/emj.jpg' ALT='photo::Eric Mjolsness' WIDTH='70' HEIGHT='90'></TD><TD>\n\n                                <STRONG><A HREF='http://www.ics.uci.edu/~emj/'>Eric Mjolsness</a></STRONG>\n                                                            <br>\n                                                                <strong>Professor</strong>\n                                                                <br><strong>Research Area:</strong> Artificial Intelligence and Machine Learning<br>Biomedical Informatics and Computational Biology<br>Computer Vision<br>Scientific and Numerical Computing<br><strong>E-mail:</strong> <A HREF='&#109;&#097;&#105;&#108;&#116;&#111;&#058;%20emj&#64;uci&#46;edu'>emj&#64;uci&#46;edu</A> <br>\n                              <strong>Phone:</strong> (949) 824-3533 <br>\n                              <strong>Office:</strong> DBH 6082 <br><strong><a href='http://www.ics.uci.edu/faculty/profiles/view_faculty.php?ucinetid=emj'>Learn more</a></strong>\n                                                                                    </td>\n                                                                                </tr><TR>\n\n\n            <TD><IMG SRC='http://www.ics.uci.edu/bin/img/photos/faculty/anicolau.jpg' ALT='photo::Alexandru Nicolau' WIDTH='70' HEIGHT='90'></TD><TD>\n\n                                <STRONG><A HREF='http://www.ics.uci.edu/~nicolau'>Alexandru Nicolau</a></STRONG>\n                                                            <br>\n                                                                <strong>Distinguished Professor, Department Chair</strong>\n                                                                <br><strong>Research Area:</strong> Computer Architecture and Design<br>Embedded Systems<br>Programming Languages and Systems<br><strong>E-mail:</strong> <A HREF='&#109;&#097;&#105;&#108;&#116;&#111;&#058;%20nicolau&#64;ics&#46;uci&#46;edu'>nicolau&#64;ics&#46;uci&#46;edu</A> <br>\n                              <strong>Phone:</strong> (949) 824-4079 <br>\n                              <strong>Office:</strong> DBH 3082 <br><strong><a href='http://www.ics.uci.edu/faculty/profiles/view_faculty.php?ucinetid=anicolau'>Learn more</a></strong>\n                                                                                    </td>\n                                                                                </tr><TR>\n\n\n            <TD><IMG SRC='http://www.ics.uci.edu/bin/img/photos/faculty/marios.jpg' ALT='photo::Marios Papaefthymiou' WIDTH='70' HEIGHT='90'></TD><TD>\n\n                                <STRONG><A HREF='http://www.ics.uci.edu/~marios'>Marios Papaefthymiou</a></STRONG>\n                                                            <br>\n                                                                <strong>Ted and Janice Smith Family Foundation Dean and Professor of Computer Science</strong>\n                                                                <br><strong>Research Area:</strong> Computer Architecture and Design<br>Networks and Distributed Systems<br><strong>E-mail:</strong> <A HREF='&#109;&#097;&#105;&#108;&#116;&#111;&#058;%20marios&#64;uci&#46;edu'>marios&#64;uci&#46;edu</A> <br>\n                              <strong>Phone:</strong> (949) 824-7405 <br>\n                              <strong>Office:</strong> DBH 6212 <br><strong><a href='http://www.ics.uci.edu/faculty/profiles/view_faculty.php?ucinetid=marios'>Learn more</a></strong>\n                                                                                    </td>\n                                                                                </tr><TR>\n\n\n            <TD><IMG SRC='http://www.ics.uci.edu/bin/img/photos/faculty/pattis.jpg' ALT='photo::Richard Pattis' WIDTH='70' HEIGHT='90'></TD><TD>\n\n                                <STRONG><A HREF='http://www.ics.uci.edu/~pattis/'>Richard E Pattis</a></STRONG>\n                                                            <br>\n                                                                <strong>Professor of Teaching</strong>\n                                                                <br><strong>E-mail:</strong> <A HREF='&#109;&#097;&#105;&#108;&#116;&#111;&#058;%20pattis&#64;ics&#46;uci&#46;edu'>pattis&#64;ics&#46;uci&#46;edu</A> <br>\n                              <strong>Phone:</strong> (949) 824-2704 <br>\n                              <strong>Office:</strong> DBH 4062 <br><strong><a href='http://www.ics.uci.edu/faculty/profiles/view_faculty.php?ucinetid=pattis'>Learn more</a></strong>\n                                                                                    </td>\n                                                                                </tr><TR>\n\n\n            <TD><IMG SRC='http://www.ics.uci.edu/bin/img/photos/faculty/aregan.jpg' ALT='photo::Amelia Regan' WIDTH='70' HEIGHT='90'></TD><TD>\n\n                                <STRONG><A HREF=''>Amelia C. Regan</a></STRONG>\n                                                            <br>\n                                                                <strong>Professor</strong>\n                                                                <br><strong>Research Area:</strong> Algorithms and Complexity<br>Networks and Distributed Systems<br><strong>E-mail:</strong> <A HREF='&#109;&#097;&#105;&#108;&#116;&#111;&#058;%20aregan&#64;uci&#46;edu'>aregan&#64;uci&#46;edu</A> <br>\n                              <strong>Phone:</strong> (949) 824-2611 <br>\n                              <strong>Office:</strong> DBH 4068 <br><strong><a href='http://www.ics.uci.edu/faculty/profiles/view_faculty.php?ucinetid=aregan'>Learn more</a></strong>\n                                                                                    </td>\n                                                                                </tr><TR>\n\n\n            <TD><IMG SRC='http://www.ics.uci.edu/bin/img/photos/faculty/isaac.jpg' ALT='photo::Isaac Scherson' WIDTH='70' HEIGHT='90'></TD><TD>\n\n                                <STRONG><A HREF='http://www.ics.uci.edu/~isaac'>Isaac D. Scherson</a></STRONG>\n                                                            <br>\n                                                                <strong>Professor</strong>\n                                                                <br><strong>Research Area:</strong> Computer Architecture and Design<br>Embedded Systems<br>Networks and Distributed Systems<br><strong>E-mail:</strong> <A HREF='&#109;&#097;&#105;&#108;&#116;&#111;&#058;%20isaac&#64;ics&#46;uci&#46;edu'>isaac&#64;ics&#46;uci&#46;edu</A> <br>\n                              <strong>Phone:</strong> (949) 824-8144 <br>\n                              <strong>Office:</strong> ICS 464C <br><strong><a href='http://www.ics.uci.edu/faculty/profiles/view_faculty.php?ucinetid=isaac'>Learn more</a></strong>\n                                                                                    </td>\n                                                                                </tr><TR>\n\n\n            <TD><IMG SRC='http://www.ics.uci.edu/bin/img/photos/faculty/mikes.jpg' ALT='photo::Michael Shindler' WIDTH='70' HEIGHT='90'></TD><TD>\n\n                                <STRONG><A HREF=''>Michael Shindler</a></STRONG>\n                                                            <br>\n                                                                <strong>Assistant Professor of Teaching</strong>\n                                                                <br><strong>E-mail:</strong> <A HREF='&#109;&#097;&#105;&#108;&#116;&#111;&#058;%20mikes&#64;uci&#46;edu'>mikes&#64;uci&#46;edu</A> <br>\n                              <strong>Phone:</strong>  <br>\n                              <strong>Office:</strong>  <br><strong><a href='http://www.ics.uci.edu/faculty/profiles/view_faculty.php?ucinetid=mikes'>Learn more</a></strong>\n                                                                                    </td>\n                                                                                </tr><TR>\n\n\n            <TD><IMG SRC='http://www.ics.uci.edu/bin/img/photos/faculty/sameer.jpg' ALT='photo::Sameer Singh' WIDTH='70' HEIGHT='90'></TD><TD>\n\n                                <STRONG><A HREF='http://sameersingh.org/'>Sameer Singh</a></STRONG>\n                                                            <br>\n                                                                <strong>Assistant Professor</strong>\n                                                                <br><strong>Research Area:</strong> Artificial Intelligence and Machine Learning<br>Databases and Data Mining<br>Scientific and Numerical Computing<br><strong>E-mail:</strong> <A HREF='&#109;&#097;&#105;&#108;&#116;&#111;&#058;%20sameer&#64;uci&#46;edu'>sameer&#64;uci&#46;edu</A> <br>\n                              <strong>Phone:</strong> (949) 824-6753 <br>\n                              <strong>Office:</strong> DBH 4204 <br><strong><a href='http://www.ics.uci.edu/faculty/profiles/view_faculty.php?ucinetid=sameer'>Learn more</a></strong>\n                                                                                    </td>\n                                                                                </tr><TR>\n\n\n            <TD><IMG SRC='http://www.ics.uci.edu/bin/img/photos/faculty/pjsmyth.jpg' ALT='photo::Padhraic Smyth' WIDTH='70' HEIGHT='90'></TD><TD>\n\n                                <STRONG><A HREF='http://www.ics.uci.edu/~smyth'>Padhraic Smyth</a></STRONG>\n                                                            <br>\n                                                                <strong>Chancellor's Professor,  Director, UCI's Data Science  Initiative</strong>\n                                                                <br><strong>Research Area:</strong> Artificial Intelligence and Machine Learning<br>Databases and Data Mining<br>Scientific and Numerical Computing<br>Statistics and Statistical Theory<br><strong>E-mail:</strong> <A HREF='&#109;&#097;&#105;&#108;&#116;&#111;&#058;%20smyth&#64;ics&#46;uci&#46;edu'>smyth&#64;ics&#46;uci&#46;edu</A> <br>\n                              <strong>Phone:</strong> (949) 824-2558 <br>\n                              <strong>Office:</strong> DBH 4216 <br><strong><a href='http://www.ics.uci.edu/faculty/profiles/view_faculty.php?ucinetid=pjsmyth'>Learn more</a></strong>\n                                                                                    </td>\n                                                                                </tr><TR>\n\n\n            <TD><IMG SRC='http://www.ics.uci.edu/bin/img/photos/faculty/standish.jpg' ALT='photo::Thomas Standish' WIDTH='70' HEIGHT='90'></TD><TD>\n\n                                <STRONG><A HREF='http://www.ics.uci.edu/~standish'>Thomas A. Standish</a></STRONG>\n                                                            <br>\n                                                                <strong>Professor Emeritus</strong>\n                                                                <br><strong>Research Area:</strong> Algorithms and Complexity<br><strong>E-mail:</strong> <A HREF='&#109;&#097;&#105;&#108;&#116;&#111;&#058;%20standish&#64;uci&#46;edu'>standish&#64;uci&#46;edu</A> <br>\n                              <strong>Phone:</strong> (949) 497-3064 <br>\n                              <strong>Office:</strong> DBH 3029 <br><strong><a href='http://www.ics.uci.edu/faculty/profiles/view_faculty.php?ucinetid=standish'>Learn more</a></strong>\n                                                                                    </td>\n                                                                                </tr><TR>\n\n\n            <TD><IMG SRC='http://www.ics.uci.edu/bin/img/photos/faculty/sudderth.jpg' ALT='photo::Erik Sudderth' WIDTH='70' HEIGHT='90'></TD><TD>\n\n                                <STRONG><A HREF='http://www.ics.uci.edu/~sudderth/'>Erik Sudderth</a></STRONG>\n                                                            <br>\n                                                                <strong>Associate Professor</strong>\n                                                                <br><strong>Research Area:</strong> Artificial Intelligence and Machine Learning<br>Computer Vision<br>Statistics and Statistical Theory<br><strong>E-mail:</strong> <A HREF='&#109;&#097;&#105;&#108;&#116;&#111;&#058;%20sudderth&#64;uci&#46;edu'>sudderth&#64;uci&#46;edu</A> <br>\n                              <strong>Phone:</strong> (949) 824-8169 <br>\n                              <strong>Office:</strong> DBH 4028 <br><strong><a href='http://www.ics.uci.edu/faculty/profiles/view_faculty.php?ucinetid=sudderth'>Learn more</a></strong>\n                                                                                    </td>\n                                                                                </tr><TR>\n\n\n            <TD><IMG SRC='http://www.ics.uci.edu/bin/img/photos/faculty/thornton.jpg' ALT='photo::Alex Thornton' WIDTH='70' HEIGHT='90'></TD><TD>\n\n                                <STRONG><A HREF='http://www.ics.uci.edu/~thornton/'>Alex Thornton</a></STRONG>\n                                                            <br>\n                                                                <strong>Continuing Lecturer</strong>\n                                                                <br><strong>E-mail:</strong> <A HREF='&#109;&#097;&#105;&#108;&#116;&#111;&#058;%20thornton&#64;ics&#46;uci&#46;edu'>thornton&#64;ics&#46;uci&#46;edu</A> <br>\n                              <strong>Phone:</strong>  <br>\n                              <strong>Office:</strong> DBH 4048 <br><strong><a href='http://www.ics.uci.edu/faculty/profiles/view_faculty.php?ucinetid=thornton'>Learn more</a></strong>\n                                                                                    </td>\n                                                                                </tr><TR>\n\n\n            <TD><IMG SRC='http://www.ics.uci.edu/bin/img/photos/faculty/gtsudik.jpg' ALT='photo::Gene Tsudik' WIDTH='70' HEIGHT='90'></TD><TD>\n\n                                <STRONG><A HREF='http://www.ics.uci.edu/~gts/'>Gene Tsudik</a></STRONG>\n                                                            <br>\n                                                                <strong>Chancellor's Professor; Vice Chair of Graduate Studies, Computer Science </strong>\n                                                                <br><strong>Research Area:</strong> Security<br> Privacy and Cryptography<br><strong>E-mail:</strong> <A HREF='&#109;&#097;&#105;&#108;&#116;&#111;&#058;%20gts&#64;ics&#46;uci&#46;edu'>gts&#64;ics&#46;uci&#46;edu</A> <br>\n                              <strong>Phone:</strong> (949) 824-3410 <br>\n                              <strong>Office:</strong> ICS 458E <br><strong><a href='http://www.ics.uci.edu/faculty/profiles/view_faculty.php?ucinetid=gtsudik'>Learn more</a></strong>\n                                                                                    </td>\n                                                                                </tr><TR>\n\n\n            <TD><IMG SRC='http://www.ics.uci.edu/bin/img/photos/faculty/vazirani.jpg' ALT='photo::Vijay Vazirani' WIDTH='70' HEIGHT='90'></TD><TD>\n\n                                <STRONG><A HREF='http://www.ics.uci.edu/~vazirani/'>Vijay Vazirani</a></STRONG>\n                                                            <br>\n                                                                <strong>Distinguished Professor</strong>\n                                                                <br><strong>Research Area:</strong> Algorithms and Complexity<br>Scientific and Numerical Computing<br><strong>E-mail:</strong> <A HREF='&#109;&#097;&#105;&#108;&#116;&#111;&#058;%20vazirani&#64;uci&#46;edu'>vazirani&#64;uci&#46;edu</A> <br>\n                              <strong>Phone:</strong>  <br>\n                              <strong>Office:</strong> DBH 4032 <br><strong><a href='http://www.ics.uci.edu/faculty/profiles/view_faculty.php?ucinetid=vazirani'>Learn more</a></strong>\n                                                                                    </td>\n                                                                                </tr><TR>\n\n\n            <TD><IMG SRC='http://www.ics.uci.edu/bin/img/photos/faculty/aveidenb.jpg' ALT='photo::Alexander Veidenbaum' WIDTH='70' HEIGHT='90'></TD><TD>\n\n                                <STRONG><A HREF='http://www.ics.uci.edu/~alexv'>Alexander Veidenbaum</a></STRONG>\n                                                            <br>\n                                                                <strong>Professor</strong>\n                                                                <br><strong>Research Area:</strong> Computer Architecture and Design<br>Databases and Data Mining<br>Programming Languages and Systems<br><strong>E-mail:</strong> <A HREF='&#109;&#097;&#105;&#108;&#116;&#111;&#058;%20alexv AT ics&#46;uci&#46;edu'>alexv AT ics&#46;uci&#46;edu</A> <br>\n                              <strong>Phone:</strong> (949) 824-6188 <br>\n                              <strong>Office:</strong> DBH 3056 <br><strong><a href='http://www.ics.uci.edu/faculty/profiles/view_faculty.php?ucinetid=aveidenb'>Learn more</a></strong>\n                                                                                    </td>\n                                                                                </tr><TR>\n\n\n            <TD><IMG SRC='http://www.ics.uci.edu/bin/img/photos/faculty/nalini.jpg' ALT='photo::Nalini Venkatasubramanian' WIDTH='70' HEIGHT='90'></TD><TD>\n\n                                <STRONG><A HREF='http://nalini.ics.uci.edu/'>Nalini Venkatasubramanian</a></STRONG>\n                                                            <br>\n                                                                <strong>Professor</strong>\n                                                                <br><strong>Research Area:</strong> Multimedia Computing<br>Networks and Distributed Systems<br><strong>E-mail:</strong> <A HREF='&#109;&#097;&#105;&#108;&#116;&#111;&#058;%20nalini&#64;ics&#46;uci&#46;edu'>nalini&#64;ics&#46;uci&#46;edu</A> <br>\n                              <strong>Phone:</strong> (949) 824-5898 <br>\n                              <strong>Office:</strong> DBH 2086 <br><strong><a href='http://www.ics.uci.edu/faculty/profiles/view_faculty.php?ucinetid=nalini'>Learn more</a></strong>\n                                                                                    </td>\n                                                                                </tr><TR>\n\n\n            <TD><IMG SRC='http://www.ics.uci.edu/bin/img/photos/faculty/jwongma.jpg' ALT='photo::Jennifer Wong-Ma' WIDTH='70' HEIGHT='90'></TD><TD>\n\n                                <STRONG><A HREF='http://www.ics.uci.edu/~jwongma'>Jennifer Wong-Ma</a></STRONG>\n                                                            <br>\n                                                                <strong>Associate Professor of Teaching</strong>\n                                                                <br><strong>Research Area:</strong> Computer Architecture and Design<br>Embedded Systems<br><strong>E-mail:</strong> <A HREF='&#109;&#097;&#105;&#108;&#116;&#111;&#058;%20jennifer&#46;wongma&#64;uci&#46;edu'>jennifer&#46;wongma&#64;uci&#46;edu</A> <br>\n                              <strong>Phone:</strong> (949)824-3328 <br>\n                              <strong>Office:</strong> DBH 3062 <br><strong><a href='http://www.ics.uci.edu/faculty/profiles/view_faculty.php?ucinetid=jwongma'>Learn more</a></strong>\n                                                                                    </td>\n                                                                                </tr><TR>\n\n\n            <TD><IMG SRC='http://www.ics.uci.edu/bin/img/photos/faculty/xhx.jpg' ALT='photo::Xiaohui Xie' WIDTH='70' HEIGHT='90'></TD><TD>\n\n                                <STRONG><A HREF='http://www.ics.uci.edu/~xhx'>Xiaohui Xie</a></STRONG>\n                                                            <br>\n                                                                <strong>Professor</strong>\n                                                                <br><strong>Research Area:</strong> Artificial Intelligence and Machine Learning<br>Biomedical Informatics and Computational Biology<br>Medical Informatics<br><strong>E-mail:</strong> <A HREF='&#109;&#097;&#105;&#108;&#116;&#111;&#058;%20xhx&#64;ics&#46;uci&#46;edu'>xhx&#64;ics&#46;uci&#46;edu</A> <br>\n                              <strong>Phone:</strong> (949) 824-9289 <br>\n                              <strong>Office:</strong> DBH 4058 <br><strong><a href='http://www.ics.uci.edu/faculty/profiles/view_faculty.php?ucinetid=xhx'>Learn more</a></strong>\n                                                                                    </td>\n                                                                                </tr><TR>\n\n\n            <TD><IMG SRC='http://www.ics.uci.edu/bin/img/photos/faculty/shz.jpg' ALT='photo::Shuang Zhao' WIDTH='70' HEIGHT='90'></TD><TD>\n\n                                <STRONG><A HREF='http://shuangz.com'>Shuang Zhao</a></STRONG>\n                                                            <br>\n                                                                <strong>Assistant Professor</strong>\n                                                                <br><strong>Research Area:</strong> Computer Graphics and Visualization<br><strong>E-mail:</strong> <A HREF='&#109;&#097;&#105;&#108;&#116;&#111;&#058;%20shz&#64;ics&#46;uci&#46;edu'>shz&#64;ics&#46;uci&#46;edu</A> <br>\n                              <strong>Phone:</strong> (949) 824-4942 <br>\n                              <strong>Office:</strong> DBH 4214 <br><strong><a href='http://www.ics.uci.edu/faculty/profiles/view_faculty.php?ucinetid=shz'>Learn more</a></strong>\n                                                                                    </td>\n                                                                                </tr></TABLE></div></article></main><aside class=\"sidebar sidebar-primary widget-area\" role=\"complementary\" aria-label=\"Primary Sidebar\" itemscope itemtype=\"http://schema.org/WPSideBar\">\t\t<section id=\"recent-posts-3\" class=\"widget widget_recent_entries\"><div class=\"widget-wrap\">\t\t<h4 class=\"widget-title widgettitle\">Latest news</h4>\n\t\t<ul>\n\t\t\t\t\t\t\t\t\t\t\t<li>\n\t\t\t\t\t<a href=\"https://www.cs.uci.edu/sangeetha-abdu-jyothi-attends-the-heidelberg-laureate-forum/\">Sangeetha Abdu Jyothi Attends the Heidelberg Laureate Forum</a>\n\t\t\t\t\t\t\t\t\t\t\t<span class=\"post-date\">October 8, 2019</span>\n\t\t\t\t\t\t\t\t\t</li>\n\t\t\t\t\t\t\t\t\t\t\t<li>\n\t\t\t\t\t<a href=\"https://www.cs.uci.edu/senior-spotlight-taneisha-arora-pursues-her-passions-from-working-in-industry-to-running-a-bakery/\">Senior Spotlight: Taneisha Arora Pursues Her Passions, From Working in Industry to Running a Bakery</a>\n\t\t\t\t\t\t\t\t\t\t\t<span class=\"post-date\">October 7, 2019</span>\n\t\t\t\t\t\t\t\t\t</li>\n\t\t\t\t\t\t\t\t\t\t\t<li>\n\t\t\t\t\t<a href=\"https://www.cs.uci.edu/ramesh-jain-wins-inaugural-ieee-tcmc-impact-award/\">Ramesh Jain Wins Inaugural IEEE TCMC Impact Award</a>\n\t\t\t\t\t\t\t\t\t\t\t<span class=\"post-date\">October 3, 2019</span>\n\t\t\t\t\t\t\t\t\t</li>\n\t\t\t\t\t\t\t\t\t\t\t<li>\n\t\t\t\t\t<a href=\"https://www.cs.uci.edu/uci-other-researchers-develop-deep-learning-technique-to-id-at-risk-anatomy-in-ct-scans/\">UCI, other researchers develop deep-learning technique to ID at-risk anatomy in CT scans</a>\n\t\t\t\t\t\t\t\t\t\t\t<span class=\"post-date\">October 2, 2019</span>\n\t\t\t\t\t\t\t\t\t</li>\n\t\t\t\t\t\t\t\t\t\t\t<li>\n\t\t\t\t\t<a href=\"https://www.cs.uci.edu/science-101-ai-solves-a-rubiks-cube-without-human-help-pierre-baldi-research-mentioned/\">Science 101: &#8220;AI solves a Rubik\u00e2\u20ac\u2122s cube without human help&#8221; (Pierre Baldi research mentioned)</a>\n\t\t\t\t\t\t\t\t\t\t\t<span class=\"post-date\">September 27, 2019</span>\n\t\t\t\t\t\t\t\t\t</li>\n\t\t\t\t\t</ul>\n\t\t</div></section>\n</aside></div></div><footer class=\"site-footer\" itemscope itemtype=\"http://schema.org/WPFooter\"><div class=\"wrap\">\t\t\t<div class=\"group\">\n\n\t\t\t\t<div id=\"bren\">\n\t\t\t\t\t\t<a href=\"http://www.ics.uci.edu/\"><img src=\"//www.cs.uci.edu//wp-content/cs/uploads/DBren_InfoCompSc_logo-UPDATED.png\"></a>\n\t\t\t\t</div>\n\n\t\t\t\t<div class=\"footer-info\">\n\t\t\t\t\t<UL>\n\t\t\t\t\t   <LI>&copy; 2019 UC Regents</LI>\n\t\t\t\t\t   <LI><A HREF=\"mailto:communications@ics.uci.edu\">Feedback</A></LI>\n\t\t\t\t\t   <LI><A HREF=\"http://uci.edu/privacy/\">Privacy Policy</A></LI>\n\t\t\t\t\t</UL>\n\t\t\t\t</div><!-- .footer-info -->\n\n\t\t\t</div>\n\t</div></footer></div><script type='text/javascript'>\nvar colomatduration = 'fast';\nvar colomatslideEffect = 'slideFade';\n</script>\t\t<script>\n\t\t( function ( body ) {\n\t\t\t'use strict';\n\t\t\tbody.className = body.className.replace( /\\btribe-no-js\\b/, 'tribe-js' );\n\t\t} )( document.body );\n\t\t</script>\n\t\t<script>\n  (function(i,s,o,g,r,a,m){i['GoogleAnalyticsObject']=r;i[r]=i[r]||function(){\n  (i[r].q=i[r].q||[]).push(arguments)},i[r].l=1*new Date();a=s.createElement(o),\n  m=s.getElementsByTagName(o)[0];a.async=1;a.src=g;m.parentNode.insertBefore(a,m)\n  })(window,document,'script','https://www.google-analytics.com/analytics.js','ga');\n\n  ga('create', 'UA-605898-2', 'auto');\n  ga('send', 'pageview');\n\n</script>\n<script type='text/javascript'>jQuery(document).ready(function($) {$(\".flexslider\").flexslider({controlsContainer: \"#genesis-responsive-slider\",animation: \"fade\",directionNav: 0,controlNav: 1,animationDuration: 1000,slideshowSpeed: 10000    });  });</script><script> /* <![CDATA[ */var tribe_l10n_datatables = {\"aria\":{\"sort_ascending\":\": activate to sort column ascending\",\"sort_descending\":\": activate to sort column descending\"},\"length_menu\":\"Show _MENU_ entries\",\"empty_table\":\"No data available in table\",\"info\":\"Showing _START_ to _END_ of _TOTAL_ entries\",\"info_empty\":\"Showing 0 to 0 of 0 entries\",\"info_filtered\":\"(filtered from _MAX_ total entries)\",\"zero_records\":\"No matching records found\",\"search\":\"Search:\",\"all_selected_text\":\"All items on this page were selected. \",\"select_all_link\":\"Select all pages\",\"clear_selection\":\"Clear Selection.\",\"pagination\":{\"all\":\"All\",\"next\":\"Next\",\"previous\":\"Previous\"},\"select\":{\"rows\":{\"0\":\"\",\"_\":\": Selected %d rows\",\"1\":\": Selected 1 row\"}},\"datepicker\":{\"dayNames\":[\"Sunday\",\"Monday\",\"Tuesday\",\"Wednesday\",\"Thursday\",\"Friday\",\"Saturday\"],\"dayNamesShort\":[\"Sun\",\"Mon\",\"Tue\",\"Wed\",\"Thu\",\"Fri\",\"Sat\"],\"dayNamesMin\":[\"S\",\"M\",\"T\",\"W\",\"T\",\"F\",\"S\"],\"monthNames\":[\"January\",\"February\",\"March\",\"April\",\"May\",\"June\",\"July\",\"August\",\"September\",\"October\",\"November\",\"December\"],\"monthNamesShort\":[\"January\",\"February\",\"March\",\"April\",\"May\",\"June\",\"July\",\"August\",\"September\",\"October\",\"November\",\"December\"],\"nextText\":\"Next\",\"prevText\":\"Prev\",\"currentText\":\"Today\",\"closeText\":\"Done\"}};/* ]]> */ </script><script type='text/javascript' src='https://www.cs.uci.edu/wp-content/cs/plugins/jquery-collapse-o-matic/js/collapse.js?ver=1.6.5'></script>\n<script type='text/javascript' src='https://www.cs.uci.edu/wp-includes/js/comment-reply.min.js?ver=5.2.3'></script>\n<script type='text/javascript' src='https://www.cs.uci.edu/wp-content/cs/plugins/genesis-responsive-slider/js/jquery.flexslider.js?ver=0.9.5'></script>\n<script type='text/javascript' src='https://www.cs.uci.edu/wp-includes/js/wp-embed.min.js?ver=5.2.3'></script>\n</body></html>\r\n", "encoding": "Windows-1252"}